split,index,rgb_path,depth_path,label_path
train,261,images\train_00261.png,depths_png16mm\train_00261.png,labels_png\train_00261.png
train,335,images\train_00335.png,depths_png16mm\train_00335.png,labels_png\train_00335.png
train,438,images\train_00438.png,depths_png16mm\train_00438.png,labels_png\train_00438.png
train,60,images\train_00060.png,depths_png16mm\train_00060.png,labels_png\train_00060.png
train,159,images\train_00159.png,depths_png16mm\train_00159.png,labels_png\train_00159.png
train,862,images\train_00862.png,depths_png16mm\train_00862.png,labels_png\train_00862.png
train,225,images\train_00225.png,depths_png16mm\train_00225.png,labels_png\train_00225.png
train,28,images\train_00028.png,depths_png16mm\train_00028.png,labels_png\train_00028.png
train,9,images\train_00009.png,depths_png16mm\train_00009.png,labels_png\train_00009.png
train,1287,images\train_01287.png,depths_png16mm\train_01287.png,labels_png\train_01287.png
train,705,images\train_00705.png,depths_png16mm\train_00705.png,labels_png\train_00705.png
train,827,images\train_00827.png,depths_png16mm\train_00827.png,labels_png\train_00827.png
train,706,images\train_00706.png,depths_png16mm\train_00706.png,labels_png\train_00706.png
train,897,images\train_00897.png,depths_png16mm\train_00897.png,labels_png\train_00897.png
train,576,images\train_00576.png,depths_png16mm\train_00576.png,labels_png\train_00576.png
train,1057,images\train_01057.png,depths_png16mm\train_01057.png,labels_png\train_01057.png
train,551,images\train_00551.png,depths_png16mm\train_00551.png,labels_png\train_00551.png
train,773,images\train_00773.png,depths_png16mm\train_00773.png,labels_png\train_00773.png
train,1084,images\train_01084.png,depths_png16mm\train_01084.png,labels_png\train_01084.png
train,1122,images\train_01122.png,depths_png16mm\train_01122.png,labels_png\train_01122.png
train,1245,images\train_01245.png,depths_png16mm\train_01245.png,labels_png\train_01245.png
train,1339,images\train_01339.png,depths_png16mm\train_01339.png,labels_png\train_01339.png
train,558,images\train_00558.png,depths_png16mm\train_00558.png,labels_png\train_00558.png
train,1193,images\train_01193.png,depths_png16mm\train_01193.png,labels_png\train_01193.png
train,500,images\train_00500.png,depths_png16mm\train_00500.png,labels_png\train_00500.png
train,205,images\train_00205.png,depths_png16mm\train_00205.png,labels_png\train_00205.png
train,354,images\train_00354.png,depths_png16mm\train_00354.png,labels_png\train_00354.png
train,1062,images\train_01062.png,depths_png16mm\train_01062.png,labels_png\train_01062.png
train,1082,images\train_01082.png,depths_png16mm\train_01082.png,labels_png\train_01082.png
train,604,images\train_00604.png,depths_png16mm\train_00604.png,labels_png\train_00604.png
train,188,images\train_00188.png,depths_png16mm\train_00188.png,labels_png\train_00188.png
train,767,images\train_00767.png,depths_png16mm\train_00767.png,labels_png\train_00767.png
train,1434,images\train_01434.png,depths_png16mm\train_01434.png,labels_png\train_01434.png
train,310,images\train_00310.png,depths_png16mm\train_00310.png,labels_png\train_00310.png
train,537,images\train_00537.png,depths_png16mm\train_00537.png,labels_png\train_00537.png
train,367,images\train_00367.png,depths_png16mm\train_00367.png,labels_png\train_00367.png
train,875,images\train_00875.png,depths_png16mm\train_00875.png,labels_png\train_00875.png
train,1139,images\train_01139.png,depths_png16mm\train_01139.png,labels_png\train_01139.png
train,307,images\train_00307.png,depths_png16mm\train_00307.png,labels_png\train_00307.png
train,936,images\train_00936.png,depths_png16mm\train_00936.png,labels_png\train_00936.png
train,949,images\train_00949.png,depths_png16mm\train_00949.png,labels_png\train_00949.png
train,629,images\train_00629.png,depths_png16mm\train_00629.png,labels_png\train_00629.png
train,1184,images\train_01184.png,depths_png16mm\train_01184.png,labels_png\train_01184.png
train,787,images\train_00787.png,depths_png16mm\train_00787.png,labels_png\train_00787.png
train,405,images\train_00405.png,depths_png16mm\train_00405.png,labels_png\train_00405.png
train,1228,images\train_01228.png,depths_png16mm\train_01228.png,labels_png\train_01228.png
train,107,images\train_00107.png,depths_png16mm\train_00107.png,labels_png\train_00107.png
train,224,images\train_00224.png,depths_png16mm\train_00224.png,labels_png\train_00224.png
train,1243,images\train_01243.png,depths_png16mm\train_01243.png,labels_png\train_01243.png
train,1276,images\train_01276.png,depths_png16mm\train_01276.png,labels_png\train_01276.png
train,660,images\train_00660.png,depths_png16mm\train_00660.png,labels_png\train_00660.png
train,893,images\train_00893.png,depths_png16mm\train_00893.png,labels_png\train_00893.png
train,139,images\train_00139.png,depths_png16mm\train_00139.png,labels_png\train_00139.png
train,382,images\train_00382.png,depths_png16mm\train_00382.png,labels_png\train_00382.png
train,217,images\train_00217.png,depths_png16mm\train_00217.png,labels_png\train_00217.png
train,90,images\train_00090.png,depths_png16mm\train_00090.png,labels_png\train_00090.png
train,406,images\train_00406.png,depths_png16mm\train_00406.png,labels_png\train_00406.png
train,103,images\train_00103.png,depths_png16mm\train_00103.png,labels_png\train_00103.png
train,741,images\train_00741.png,depths_png16mm\train_00741.png,labels_png\train_00741.png
train,678,images\train_00678.png,depths_png16mm\train_00678.png,labels_png\train_00678.png
train,648,images\train_00648.png,depths_png16mm\train_00648.png,labels_png\train_00648.png
train,181,images\train_00181.png,depths_png16mm\train_00181.png,labels_png\train_00181.png
train,743,images\train_00743.png,depths_png16mm\train_00743.png,labels_png\train_00743.png
train,843,images\train_00843.png,depths_png16mm\train_00843.png,labels_png\train_00843.png
train,761,images\train_00761.png,depths_png16mm\train_00761.png,labels_png\train_00761.png
train,245,images\train_00245.png,depths_png16mm\train_00245.png,labels_png\train_00245.png
train,75,images\train_00075.png,depths_png16mm\train_00075.png,labels_png\train_00075.png
train,772,images\train_00772.png,depths_png16mm\train_00772.png,labels_png\train_00772.png
train,1362,images\train_01362.png,depths_png16mm\train_01362.png,labels_png\train_01362.png
train,257,images\train_00257.png,depths_png16mm\train_00257.png,labels_png\train_00257.png
train,847,images\train_00847.png,depths_png16mm\train_00847.png,labels_png\train_00847.png
train,697,images\train_00697.png,depths_png16mm\train_00697.png,labels_png\train_00697.png
train,132,images\train_00132.png,depths_png16mm\train_00132.png,labels_png\train_00132.png
train,439,images\train_00439.png,depths_png16mm\train_00439.png,labels_png\train_00439.png
train,1423,images\train_01423.png,depths_png16mm\train_01423.png,labels_png\train_01423.png
train,200,images\train_00200.png,depths_png16mm\train_00200.png,labels_png\train_00200.png
train,40,images\train_00040.png,depths_png16mm\train_00040.png,labels_png\train_00040.png
train,16,images\train_00016.png,depths_png16mm\train_00016.png,labels_png\train_00016.png
train,408,images\train_00408.png,depths_png16mm\train_00408.png,labels_png\train_00408.png
train,1081,images\train_01081.png,depths_png16mm\train_01081.png,labels_png\train_01081.png
train,1149,images\train_01149.png,depths_png16mm\train_01149.png,labels_png\train_01149.png
train,964,images\train_00964.png,depths_png16mm\train_00964.png,labels_png\train_00964.png
train,315,images\train_00315.png,depths_png16mm\train_00315.png,labels_png\train_00315.png
train,1445,images\train_01445.png,depths_png16mm\train_01445.png,labels_png\train_01445.png
train,246,images\train_00246.png,depths_png16mm\train_00246.png,labels_png\train_00246.png
train,853,images\train_00853.png,depths_png16mm\train_00853.png,labels_png\train_00853.png
train,127,images\train_00127.png,depths_png16mm\train_00127.png,labels_png\train_00127.png
train,1179,images\train_01179.png,depths_png16mm\train_01179.png,labels_png\train_01179.png
train,410,images\train_00410.png,depths_png16mm\train_00410.png,labels_png\train_00410.png
train,1437,images\train_01437.png,depths_png16mm\train_01437.png,labels_png\train_01437.png
train,872,images\train_00872.png,depths_png16mm\train_00872.png,labels_png\train_00872.png
train,1205,images\train_01205.png,depths_png16mm\train_01205.png,labels_png\train_01205.png
train,1330,images\train_01330.png,depths_png16mm\train_01330.png,labels_png\train_01330.png
train,1021,images\train_01021.png,depths_png16mm\train_01021.png,labels_png\train_01021.png
train,616,images\train_00616.png,depths_png16mm\train_00616.png,labels_png\train_00616.png
train,643,images\train_00643.png,depths_png16mm\train_00643.png,labels_png\train_00643.png
train,39,images\train_00039.png,depths_png16mm\train_00039.png,labels_png\train_00039.png
train,455,images\train_00455.png,depths_png16mm\train_00455.png,labels_png\train_00455.png
train,449,images\train_00449.png,depths_png16mm\train_00449.png,labels_png\train_00449.png
train,540,images\train_00540.png,depths_png16mm\train_00540.png,labels_png\train_00540.png
train,499,images\train_00499.png,depths_png16mm\train_00499.png,labels_png\train_00499.png
train,421,images\train_00421.png,depths_png16mm\train_00421.png,labels_png\train_00421.png
train,700,images\train_00700.png,depths_png16mm\train_00700.png,labels_png\train_00700.png
train,989,images\train_00989.png,depths_png16mm\train_00989.png,labels_png\train_00989.png
train,1119,images\train_01119.png,depths_png16mm\train_01119.png,labels_png\train_01119.png
train,485,images\train_00485.png,depths_png16mm\train_00485.png,labels_png\train_00485.png
train,11,images\train_00011.png,depths_png16mm\train_00011.png,labels_png\train_00011.png
train,1273,images\train_01273.png,depths_png16mm\train_01273.png,labels_png\train_01273.png
train,210,images\train_00210.png,depths_png16mm\train_00210.png,labels_png\train_00210.png
train,327,images\train_00327.png,depths_png16mm\train_00327.png,labels_png\train_00327.png
train,803,images\train_00803.png,depths_png16mm\train_00803.png,labels_png\train_00803.png
train,793,images\train_00793.png,depths_png16mm\train_00793.png,labels_png\train_00793.png
train,844,images\train_00844.png,depths_png16mm\train_00844.png,labels_png\train_00844.png
train,995,images\train_00995.png,depths_png16mm\train_00995.png,labels_png\train_00995.png
train,1010,images\train_01010.png,depths_png16mm\train_01010.png,labels_png\train_01010.png
train,859,images\train_00859.png,depths_png16mm\train_00859.png,labels_png\train_00859.png
train,699,images\train_00699.png,depths_png16mm\train_00699.png,labels_png\train_00699.png
train,419,images\train_00419.png,depths_png16mm\train_00419.png,labels_png\train_00419.png
train,749,images\train_00749.png,depths_png16mm\train_00749.png,labels_png\train_00749.png
train,1424,images\train_01424.png,depths_png16mm\train_01424.png,labels_png\train_01424.png
train,1374,images\train_01374.png,depths_png16mm\train_01374.png,labels_png\train_01374.png
train,866,images\train_00866.png,depths_png16mm\train_00866.png,labels_png\train_00866.png
train,596,images\train_00596.png,depths_png16mm\train_00596.png,labels_png\train_00596.png
train,516,images\train_00516.png,depths_png16mm\train_00516.png,labels_png\train_00516.png
train,89,images\train_00089.png,depths_png16mm\train_00089.png,labels_png\train_00089.png
train,1398,images\train_01398.png,depths_png16mm\train_01398.png,labels_png\train_01398.png
train,592,images\train_00592.png,depths_png16mm\train_00592.png,labels_png\train_00592.png
train,365,images\train_00365.png,depths_png16mm\train_00365.png,labels_png\train_00365.png
train,1063,images\train_01063.png,depths_png16mm\train_01063.png,labels_png\train_01063.png
train,1328,images\train_01328.png,depths_png16mm\train_01328.png,labels_png\train_01328.png
train,1040,images\train_01040.png,depths_png16mm\train_01040.png,labels_png\train_01040.png
train,1431,images\train_01431.png,depths_png16mm\train_01431.png,labels_png\train_01431.png
train,230,images\train_00230.png,depths_png16mm\train_00230.png,labels_png\train_00230.png
train,1299,images\train_01299.png,depths_png16mm\train_01299.png,labels_png\train_01299.png
train,1002,images\train_01002.png,depths_png16mm\train_01002.png,labels_png\train_01002.png
train,1043,images\train_01043.png,depths_png16mm\train_01043.png,labels_png\train_01043.png
train,1083,images\train_01083.png,depths_png16mm\train_01083.png,labels_png\train_01083.png
train,825,images\train_00825.png,depths_png16mm\train_00825.png,labels_png\train_00825.png
train,1343,images\train_01343.png,depths_png16mm\train_01343.png,labels_png\train_01343.png
train,968,images\train_00968.png,depths_png16mm\train_00968.png,labels_png\train_00968.png
train,1336,images\train_01336.png,depths_png16mm\train_01336.png,labels_png\train_01336.png
train,701,images\train_00701.png,depths_png16mm\train_00701.png,labels_png\train_00701.png
train,1370,images\train_01370.png,depths_png16mm\train_01370.png,labels_png\train_01370.png
train,740,images\train_00740.png,depths_png16mm\train_00740.png,labels_png\train_00740.png
train,64,images\train_00064.png,depths_png16mm\train_00064.png,labels_png\train_00064.png
train,147,images\train_00147.png,depths_png16mm\train_00147.png,labels_png\train_00147.png
train,308,images\train_00308.png,depths_png16mm\train_00308.png,labels_png\train_00308.png
train,479,images\train_00479.png,depths_png16mm\train_00479.png,labels_png\train_00479.png
train,957,images\train_00957.png,depths_png16mm\train_00957.png,labels_png\train_00957.png
train,163,images\train_00163.png,depths_png16mm\train_00163.png,labels_png\train_00163.png
train,1235,images\train_01235.png,depths_png16mm\train_01235.png,labels_png\train_01235.png
train,1244,images\train_01244.png,depths_png16mm\train_01244.png,labels_png\train_01244.png
train,1215,images\train_01215.png,depths_png16mm\train_01215.png,labels_png\train_01215.png
train,1289,images\train_01289.png,depths_png16mm\train_01289.png,labels_png\train_01289.png
train,1412,images\train_01412.png,depths_png16mm\train_01412.png,labels_png\train_01412.png
train,1106,images\train_01106.png,depths_png16mm\train_01106.png,labels_png\train_01106.png
train,1382,images\train_01382.png,depths_png16mm\train_01382.png,labels_png\train_01382.png
train,677,images\train_00677.png,depths_png16mm\train_00677.png,labels_png\train_00677.png
train,746,images\train_00746.png,depths_png16mm\train_00746.png,labels_png\train_00746.png
train,1375,images\train_01375.png,depths_png16mm\train_01375.png,labels_png\train_01375.png
train,642,images\train_00642.png,depths_png16mm\train_00642.png,labels_png\train_00642.png
train,584,images\train_00584.png,depths_png16mm\train_00584.png,labels_png\train_00584.png
train,489,images\train_00489.png,depths_png16mm\train_00489.png,labels_png\train_00489.png
train,710,images\train_00710.png,depths_png16mm\train_00710.png,labels_png\train_00710.png
train,1353,images\train_01353.png,depths_png16mm\train_01353.png,labels_png\train_01353.png
train,1393,images\train_01393.png,depths_png16mm\train_01393.png,labels_png\train_01393.png
train,613,images\train_00613.png,depths_png16mm\train_00613.png,labels_png\train_00613.png
train,799,images\train_00799.png,depths_png16mm\train_00799.png,labels_png\train_00799.png
train,1297,images\train_01297.png,depths_png16mm\train_01297.png,labels_png\train_01297.png
train,286,images\train_00286.png,depths_png16mm\train_00286.png,labels_png\train_00286.png
train,586,images\train_00586.png,depths_png16mm\train_00586.png,labels_png\train_00586.png
train,155,images\train_00155.png,depths_png16mm\train_00155.png,labels_png\train_00155.png
train,568,images\train_00568.png,depths_png16mm\train_00568.png,labels_png\train_00568.png
train,633,images\train_00633.png,depths_png16mm\train_00633.png,labels_png\train_00633.png
train,1219,images\train_01219.png,depths_png16mm\train_01219.png,labels_png\train_01219.png
train,234,images\train_00234.png,depths_png16mm\train_00234.png,labels_png\train_00234.png
train,1130,images\train_01130.png,depths_png16mm\train_01130.png,labels_png\train_01130.png
train,61,images\train_00061.png,depths_png16mm\train_00061.png,labels_png\train_00061.png
train,266,images\train_00266.png,depths_png16mm\train_00266.png,labels_png\train_00266.png
train,1209,images\train_01209.png,depths_png16mm\train_01209.png,labels_png\train_01209.png
train,796,images\train_00796.png,depths_png16mm\train_00796.png,labels_png\train_00796.png
train,922,images\train_00922.png,depths_png16mm\train_00922.png,labels_png\train_00922.png
train,754,images\train_00754.png,depths_png16mm\train_00754.png,labels_png\train_00754.png
train,794,images\train_00794.png,depths_png16mm\train_00794.png,labels_png\train_00794.png
train,295,images\train_00295.png,depths_png16mm\train_00295.png,labels_png\train_00295.png
train,482,images\train_00482.png,depths_png16mm\train_00482.png,labels_png\train_00482.png
train,473,images\train_00473.png,depths_png16mm\train_00473.png,labels_png\train_00473.png
train,976,images\train_00976.png,depths_png16mm\train_00976.png,labels_png\train_00976.png
train,857,images\train_00857.png,depths_png16mm\train_00857.png,labels_png\train_00857.png
train,160,images\train_00160.png,depths_png16mm\train_00160.png,labels_png\train_00160.png
train,631,images\train_00631.png,depths_png16mm\train_00631.png,labels_png\train_00631.png
train,531,images\train_00531.png,depths_png16mm\train_00531.png,labels_png\train_00531.png
train,17,images\train_00017.png,depths_png16mm\train_00017.png,labels_png\train_00017.png
train,1386,images\train_01386.png,depths_png16mm\train_01386.png,labels_png\train_01386.png
train,1288,images\train_01288.png,depths_png16mm\train_01288.png,labels_png\train_01288.png
train,805,images\train_00805.png,depths_png16mm\train_00805.png,labels_png\train_00805.png
train,548,images\train_00548.png,depths_png16mm\train_00548.png,labels_png\train_00548.png
train,1157,images\train_01157.png,depths_png16mm\train_01157.png,labels_png\train_01157.png
train,639,images\train_00639.png,depths_png16mm\train_00639.png,labels_png\train_00639.png
train,501,images\train_00501.png,depths_png16mm\train_00501.png,labels_png\train_00501.png
train,397,images\train_00397.png,depths_png16mm\train_00397.png,labels_png\train_00397.png
train,14,images\train_00014.png,depths_png16mm\train_00014.png,labels_png\train_00014.png
train,1251,images\train_01251.png,depths_png16mm\train_01251.png,labels_png\train_01251.png
train,1303,images\train_01303.png,depths_png16mm\train_01303.png,labels_png\train_01303.png
train,1325,images\train_01325.png,depths_png16mm\train_01325.png,labels_png\train_01325.png
train,387,images\train_00387.png,depths_png16mm\train_00387.png,labels_png\train_00387.png
train,227,images\train_00227.png,depths_png16mm\train_00227.png,labels_png\train_00227.png
train,970,images\train_00970.png,depths_png16mm\train_00970.png,labels_png\train_00970.png
train,1257,images\train_01257.png,depths_png16mm\train_01257.png,labels_png\train_01257.png
train,150,images\train_00150.png,depths_png16mm\train_00150.png,labels_png\train_00150.png
train,1394,images\train_01394.png,depths_png16mm\train_01394.png,labels_png\train_01394.png
train,183,images\train_00183.png,depths_png16mm\train_00183.png,labels_png\train_00183.png
train,1133,images\train_01133.png,depths_png16mm\train_01133.png,labels_png\train_01133.png
train,1363,images\train_01363.png,depths_png16mm\train_01363.png,labels_png\train_01363.png
train,775,images\train_00775.png,depths_png16mm\train_00775.png,labels_png\train_00775.png
train,1222,images\train_01222.png,depths_png16mm\train_01222.png,labels_png\train_01222.png
train,591,images\train_00591.png,depths_png16mm\train_00591.png,labels_png\train_00591.png
train,1429,images\train_01429.png,depths_png16mm\train_01429.png,labels_png\train_01429.png
train,461,images\train_00461.png,depths_png16mm\train_00461.png,labels_png\train_00461.png
train,934,images\train_00934.png,depths_png16mm\train_00934.png,labels_png\train_00934.png
train,1373,images\train_01373.png,depths_png16mm\train_01373.png,labels_png\train_01373.png
train,1309,images\train_01309.png,depths_png16mm\train_01309.png,labels_png\train_01309.png
train,1061,images\train_01061.png,depths_png16mm\train_01061.png,labels_png\train_01061.png
train,182,images\train_00182.png,depths_png16mm\train_00182.png,labels_png\train_00182.png
train,109,images\train_00109.png,depths_png16mm\train_00109.png,labels_png\train_00109.png
train,955,images\train_00955.png,depths_png16mm\train_00955.png,labels_png\train_00955.png
train,216,images\train_00216.png,depths_png16mm\train_00216.png,labels_png\train_00216.png
train,946,images\train_00946.png,depths_png16mm\train_00946.png,labels_png\train_00946.png
train,343,images\train_00343.png,depths_png16mm\train_00343.png,labels_png\train_00343.png
train,1294,images\train_01294.png,depths_png16mm\train_01294.png,labels_png\train_01294.png
train,1093,images\train_01093.png,depths_png16mm\train_01093.png,labels_png\train_01093.png
train,679,images\train_00679.png,depths_png16mm\train_00679.png,labels_png\train_00679.png
train,180,images\train_00180.png,depths_png16mm\train_00180.png,labels_png\train_00180.png
train,1238,images\train_01238.png,depths_png16mm\train_01238.png,labels_png\train_01238.png
train,1203,images\train_01203.png,depths_png16mm\train_01203.png,labels_png\train_01203.png
train,676,images\train_00676.png,depths_png16mm\train_00676.png,labels_png\train_00676.png
train,1171,images\train_01171.png,depths_png16mm\train_01171.png,labels_png\train_01171.png
train,658,images\train_00658.png,depths_png16mm\train_00658.png,labels_png\train_00658.png
train,539,images\train_00539.png,depths_png16mm\train_00539.png,labels_png\train_00539.png
train,92,images\train_00092.png,depths_png16mm\train_00092.png,labels_png\train_00092.png
train,1156,images\train_01156.png,depths_png16mm\train_01156.png,labels_png\train_01156.png
train,759,images\train_00759.png,depths_png16mm\train_00759.png,labels_png\train_00759.png
train,535,images\train_00535.png,depths_png16mm\train_00535.png,labels_png\train_00535.png
train,167,images\train_00167.png,depths_png16mm\train_00167.png,labels_png\train_00167.png
train,1181,images\train_01181.png,depths_png16mm\train_01181.png,labels_png\train_01181.png
train,1231,images\train_01231.png,depths_png16mm\train_01231.png,labels_png\train_01231.png
train,802,images\train_00802.png,depths_png16mm\train_00802.png,labels_png\train_00802.png
train,69,images\train_00069.png,depths_png16mm\train_00069.png,labels_png\train_00069.png
train,324,images\train_00324.png,depths_png16mm\train_00324.png,labels_png\train_00324.png
train,1322,images\train_01322.png,depths_png16mm\train_01322.png,labels_png\train_01322.png
train,542,images\train_00542.png,depths_png16mm\train_00542.png,labels_png\train_00542.png
train,1055,images\train_01055.png,depths_png16mm\train_01055.png,labels_png\train_01055.png
train,431,images\train_00431.png,depths_png16mm\train_00431.png,labels_png\train_00431.png
train,1114,images\train_01114.png,depths_png16mm\train_01114.png,labels_png\train_01114.png
train,157,images\train_00157.png,depths_png16mm\train_00157.png,labels_png\train_00157.png
train,688,images\train_00688.png,depths_png16mm\train_00688.png,labels_png\train_00688.png
train,1224,images\train_01224.png,depths_png16mm\train_01224.png,labels_png\train_01224.png
train,1060,images\train_01060.png,depths_png16mm\train_01060.png,labels_png\train_01060.png
train,331,images\train_00331.png,depths_png16mm\train_00331.png,labels_png\train_00331.png
train,1212,images\train_01212.png,depths_png16mm\train_01212.png,labels_png\train_01212.png
train,1173,images\train_01173.png,depths_png16mm\train_01173.png,labels_png\train_01173.png
train,518,images\train_00518.png,depths_png16mm\train_00518.png,labels_png\train_00518.png
train,575,images\train_00575.png,depths_png16mm\train_00575.png,labels_png\train_00575.png
train,724,images\train_00724.png,depths_png16mm\train_00724.png,labels_png\train_00724.png
train,1091,images\train_01091.png,depths_png16mm\train_01091.png,labels_png\train_01091.png
train,529,images\train_00529.png,depths_png16mm\train_00529.png,labels_png\train_00529.png
train,126,images\train_00126.png,depths_png16mm\train_00126.png,labels_png\train_00126.png
train,122,images\train_00122.png,depths_png16mm\train_00122.png,labels_png\train_00122.png
train,573,images\train_00573.png,depths_png16mm\train_00573.png,labels_png\train_00573.png
train,417,images\train_00417.png,depths_png16mm\train_00417.png,labels_png\train_00417.png
train,856,images\train_00856.png,depths_png16mm\train_00856.png,labels_png\train_00856.png
train,1117,images\train_01117.png,depths_png16mm\train_01117.png,labels_png\train_01117.png
train,319,images\train_00319.png,depths_png16mm\train_00319.png,labels_png\train_00319.png
train,1174,images\train_01174.png,depths_png16mm\train_01174.png,labels_png\train_01174.png
train,151,images\train_00151.png,depths_png16mm\train_00151.png,labels_png\train_00151.png
train,544,images\train_00544.png,depths_png16mm\train_00544.png,labels_png\train_00544.png
train,300,images\train_00300.png,depths_png16mm\train_00300.png,labels_png\train_00300.png
train,1020,images\train_01020.png,depths_png16mm\train_01020.png,labels_png\train_01020.png
train,344,images\train_00344.png,depths_png16mm\train_00344.png,labels_png\train_00344.png
train,1064,images\train_01064.png,depths_png16mm\train_01064.png,labels_png\train_01064.png
train,0,images\train_00000.png,depths_png16mm\train_00000.png,labels_png\train_00000.png
train,1256,images\train_01256.png,depths_png16mm\train_01256.png,labels_png\train_01256.png
train,1417,images\train_01417.png,depths_png16mm\train_01417.png,labels_png\train_01417.png
train,8,images\train_00008.png,depths_png16mm\train_00008.png,labels_png\train_00008.png
train,393,images\train_00393.png,depths_png16mm\train_00393.png,labels_png\train_00393.png
train,612,images\train_00612.png,depths_png16mm\train_00612.png,labels_png\train_00612.png
train,1034,images\train_01034.png,depths_png16mm\train_01034.png,labels_png\train_01034.png
train,1349,images\train_01349.png,depths_png16mm\train_01349.png,labels_png\train_01349.png
train,886,images\train_00886.png,depths_png16mm\train_00886.png,labels_png\train_00886.png
train,952,images\train_00952.png,depths_png16mm\train_00952.png,labels_png\train_00952.png
train,1408,images\train_01408.png,depths_png16mm\train_01408.png,labels_png\train_01408.png
train,981,images\train_00981.png,depths_png16mm\train_00981.png,labels_png\train_00981.png
train,1366,images\train_01366.png,depths_png16mm\train_01366.png,labels_png\train_01366.png
train,662,images\train_00662.png,depths_png16mm\train_00662.png,labels_png\train_00662.png
train,1076,images\train_01076.png,depths_png16mm\train_01076.png,labels_png\train_01076.png
train,567,images\train_00567.png,depths_png16mm\train_00567.png,labels_png\train_00567.png
train,117,images\train_00117.png,depths_png16mm\train_00117.png,labels_png\train_00117.png
train,999,images\train_00999.png,depths_png16mm\train_00999.png,labels_png\train_00999.png
train,265,images\train_00265.png,depths_png16mm\train_00265.png,labels_png\train_00265.png
train,924,images\train_00924.png,depths_png16mm\train_00924.png,labels_png\train_00924.png
train,1308,images\train_01308.png,depths_png16mm\train_01308.png,labels_png\train_01308.png
train,1348,images\train_01348.png,depths_png16mm\train_01348.png,labels_png\train_01348.png
train,848,images\train_00848.png,depths_png16mm\train_00848.png,labels_png\train_00848.png
train,279,images\train_00279.png,depths_png16mm\train_00279.png,labels_png\train_00279.png
train,490,images\train_00490.png,depths_png16mm\train_00490.png,labels_png\train_00490.png
train,910,images\train_00910.png,depths_png16mm\train_00910.png,labels_png\train_00910.png
train,463,images\train_00463.png,depths_png16mm\train_00463.png,labels_png\train_00463.png
train,269,images\train_00269.png,depths_png16mm\train_00269.png,labels_png\train_00269.png
train,1087,images\train_01087.png,depths_png16mm\train_01087.png,labels_png\train_01087.png
train,105,images\train_00105.png,depths_png16mm\train_00105.png,labels_png\train_00105.png
train,1313,images\train_01313.png,depths_png16mm\train_01313.png,labels_png\train_01313.png
train,1242,images\train_01242.png,depths_png16mm\train_01242.png,labels_png\train_01242.png
train,1105,images\train_01105.png,depths_png16mm\train_01105.png,labels_png\train_01105.png
train,87,images\train_00087.png,depths_png16mm\train_00087.png,labels_png\train_00087.png
train,114,images\train_00114.png,depths_png16mm\train_00114.png,labels_png\train_00114.png
train,491,images\train_00491.png,depths_png16mm\train_00491.png,labels_png\train_00491.png
train,360,images\train_00360.png,depths_png16mm\train_00360.png,labels_png\train_00360.png
train,1125,images\train_01125.png,depths_png16mm\train_01125.png,labels_png\train_01125.png
train,1428,images\train_01428.png,depths_png16mm\train_01428.png,labels_png\train_01428.png
train,212,images\train_00212.png,depths_png16mm\train_00212.png,labels_png\train_00212.png
train,1059,images\train_01059.png,depths_png16mm\train_01059.png,labels_png\train_01059.png
train,391,images\train_00391.png,depths_png16mm\train_00391.png,labels_png\train_00391.png
train,1023,images\train_01023.png,depths_png16mm\train_01023.png,labels_png\train_01023.png
train,1166,images\train_01166.png,depths_png16mm\train_01166.png,labels_png\train_01166.png
train,91,images\train_00091.png,depths_png16mm\train_00091.png,labels_png\train_00091.png
train,579,images\train_00579.png,depths_png16mm\train_00579.png,labels_png\train_00579.png
train,786,images\train_00786.png,depths_png16mm\train_00786.png,labels_png\train_00786.png
train,546,images\train_00546.png,depths_png16mm\train_00546.png,labels_png\train_00546.png
train,672,images\train_00672.png,depths_png16mm\train_00672.png,labels_png\train_00672.png
train,1102,images\train_01102.png,depths_png16mm\train_01102.png,labels_png\train_01102.png
train,202,images\train_00202.png,depths_png16mm\train_00202.png,labels_png\train_00202.png
train,30,images\train_00030.png,depths_png16mm\train_00030.png,labels_png\train_00030.png
train,1334,images\train_01334.png,depths_png16mm\train_01334.png,labels_png\train_01334.png
train,647,images\train_00647.png,depths_png16mm\train_00647.png,labels_png\train_00647.png
train,1430,images\train_01430.png,depths_png16mm\train_01430.png,labels_png\train_01430.png
train,357,images\train_00357.png,depths_png16mm\train_00357.png,labels_png\train_00357.png
train,824,images\train_00824.png,depths_png16mm\train_00824.png,labels_png\train_00824.png
train,1160,images\train_01160.png,depths_png16mm\train_01160.png,labels_png\train_01160.png
train,434,images\train_00434.png,depths_png16mm\train_00434.png,labels_png\train_00434.png
train,829,images\train_00829.png,depths_png16mm\train_00829.png,labels_png\train_00829.png
train,1241,images\train_01241.png,depths_png16mm\train_01241.png,labels_png\train_01241.png
train,1172,images\train_01172.png,depths_png16mm\train_01172.png,labels_png\train_01172.png
train,484,images\train_00484.png,depths_png16mm\train_00484.png,labels_png\train_00484.png
train,176,images\train_00176.png,depths_png16mm\train_00176.png,labels_png\train_00176.png
train,819,images\train_00819.png,depths_png16mm\train_00819.png,labels_png\train_00819.png
train,164,images\train_00164.png,depths_png16mm\train_00164.png,labels_png\train_00164.png
train,835,images\train_00835.png,depths_png16mm\train_00835.png,labels_png\train_00835.png
train,401,images\train_00401.png,depths_png16mm\train_00401.png,labels_png\train_00401.png
train,143,images\train_00143.png,depths_png16mm\train_00143.png,labels_png\train_00143.png
train,1032,images\train_01032.png,depths_png16mm\train_01032.png,labels_png\train_01032.png
train,902,images\train_00902.png,depths_png16mm\train_00902.png,labels_png\train_00902.png
train,62,images\train_00062.png,depths_png16mm\train_00062.png,labels_png\train_00062.png
train,487,images\train_00487.png,depths_png16mm\train_00487.png,labels_png\train_00487.png
train,287,images\train_00287.png,depths_png16mm\train_00287.png,labels_png\train_00287.png
train,1446,images\train_01446.png,depths_png16mm\train_01446.png,labels_png\train_01446.png
train,3,images\train_00003.png,depths_png16mm\train_00003.png,labels_png\train_00003.png
train,285,images\train_00285.png,depths_png16mm\train_00285.png,labels_png\train_00285.png
train,142,images\train_00142.png,depths_png16mm\train_00142.png,labels_png\train_00142.png
train,691,images\train_00691.png,depths_png16mm\train_00691.png,labels_png\train_00691.png
train,597,images\train_00597.png,depths_png16mm\train_00597.png,labels_png\train_00597.png
train,836,images\train_00836.png,depths_png16mm\train_00836.png,labels_png\train_00836.png
train,12,images\train_00012.png,depths_png16mm\train_00012.png,labels_png\train_00012.png
train,1252,images\train_01252.png,depths_png16mm\train_01252.png,labels_png\train_01252.png
train,32,images\train_00032.png,depths_png16mm\train_00032.png,labels_png\train_00032.png
train,837,images\train_00837.png,depths_png16mm\train_00837.png,labels_png\train_00837.png
train,442,images\train_00442.png,depths_png16mm\train_00442.png,labels_png\train_00442.png
train,635,images\train_00635.png,depths_png16mm\train_00635.png,labels_png\train_00635.png
train,148,images\train_00148.png,depths_png16mm\train_00148.png,labels_png\train_00148.png
train,1111,images\train_01111.png,depths_png16mm\train_01111.png,labels_png\train_01111.png
train,1409,images\train_01409.png,depths_png16mm\train_01409.png,labels_png\train_01409.png
train,945,images\train_00945.png,depths_png16mm\train_00945.png,labels_png\train_00945.png
train,1266,images\train_01266.png,depths_png16mm\train_01266.png,labels_png\train_01266.png
train,348,images\train_00348.png,depths_png16mm\train_00348.png,labels_png\train_00348.png
train,440,images\train_00440.png,depths_png16mm\train_00440.png,labels_png\train_00440.png
train,601,images\train_00601.png,depths_png16mm\train_00601.png,labels_png\train_00601.png
train,231,images\train_00231.png,depths_png16mm\train_00231.png,labels_png\train_00231.png
train,22,images\train_00022.png,depths_png16mm\train_00022.png,labels_png\train_00022.png
train,450,images\train_00450.png,depths_png16mm\train_00450.png,labels_png\train_00450.png
train,736,images\train_00736.png,depths_png16mm\train_00736.png,labels_png\train_00736.png
train,756,images\train_00756.png,depths_png16mm\train_00756.png,labels_png\train_00756.png
train,959,images\train_00959.png,depths_png16mm\train_00959.png,labels_png\train_00959.png
train,1282,images\train_01282.png,depths_png16mm\train_01282.png,labels_png\train_01282.png
train,1053,images\train_01053.png,depths_png16mm\train_01053.png,labels_png\train_01053.png
train,290,images\train_00290.png,depths_png16mm\train_00290.png,labels_png\train_00290.png
train,781,images\train_00781.png,depths_png16mm\train_00781.png,labels_png\train_00781.png
train,366,images\train_00366.png,depths_png16mm\train_00366.png,labels_png\train_00366.png
train,1165,images\train_01165.png,depths_png16mm\train_01165.png,labels_png\train_01165.png
train,876,images\train_00876.png,depths_png16mm\train_00876.png,labels_png\train_00876.png
train,703,images\train_00703.png,depths_png16mm\train_00703.png,labels_png\train_00703.png
train,435,images\train_00435.png,depths_png16mm\train_00435.png,labels_png\train_00435.png
train,1052,images\train_01052.png,depths_png16mm\train_01052.png,labels_png\train_01052.png
train,738,images\train_00738.png,depths_png16mm\train_00738.png,labels_png\train_00738.png
train,671,images\train_00671.png,depths_png16mm\train_00671.png,labels_png\train_00671.png
train,603,images\train_00603.png,depths_png16mm\train_00603.png,labels_png\train_00603.png
train,190,images\train_00190.png,depths_png16mm\train_00190.png,labels_png\train_00190.png
train,657,images\train_00657.png,depths_png16mm\train_00657.png,labels_png\train_00657.png
train,742,images\train_00742.png,depths_png16mm\train_00742.png,labels_png\train_00742.png
train,1284,images\train_01284.png,depths_png16mm\train_01284.png,labels_png\train_01284.png
train,297,images\train_00297.png,depths_png16mm\train_00297.png,labels_png\train_00297.png
train,370,images\train_00370.png,depths_png16mm\train_00370.png,labels_png\train_00370.png
train,907,images\train_00907.png,depths_png16mm\train_00907.png,labels_png\train_00907.png
train,1358,images\train_01358.png,depths_png16mm\train_01358.png,labels_png\train_01358.png
train,1264,images\train_01264.png,depths_png16mm\train_01264.png,labels_png\train_01264.png
train,656,images\train_00656.png,depths_png16mm\train_00656.png,labels_png\train_00656.png
train,940,images\train_00940.png,depths_png16mm\train_00940.png,labels_png\train_00940.png
train,1302,images\train_01302.png,depths_png16mm\train_01302.png,labels_png\train_01302.png
train,969,images\train_00969.png,depths_png16mm\train_00969.png,labels_png\train_00969.png
train,967,images\train_00967.png,depths_png16mm\train_00967.png,labels_png\train_00967.png
train,1237,images\train_01237.png,depths_png16mm\train_01237.png,labels_png\train_01237.png
train,615,images\train_00615.png,depths_png16mm\train_00615.png,labels_png\train_00615.png
train,870,images\train_00870.png,depths_png16mm\train_00870.png,labels_png\train_00870.png
train,1295,images\train_01295.png,depths_png16mm\train_01295.png,labels_png\train_01295.png
train,950,images\train_00950.png,depths_png16mm\train_00950.png,labels_png\train_00950.png
train,97,images\train_00097.png,depths_png16mm\train_00097.png,labels_png\train_00097.png
train,1425,images\train_01425.png,depths_png16mm\train_01425.png,labels_png\train_01425.png
train,432,images\train_00432.png,depths_png16mm\train_00432.png,labels_png\train_00432.png
train,311,images\train_00311.png,depths_png16mm\train_00311.png,labels_png\train_00311.png
train,822,images\train_00822.png,depths_png16mm\train_00822.png,labels_png\train_00822.png
train,1206,images\train_01206.png,depths_png16mm\train_01206.png,labels_png\train_01206.png
train,984,images\train_00984.png,depths_png16mm\train_00984.png,labels_png\train_00984.png
train,881,images\train_00881.png,depths_png16mm\train_00881.png,labels_png\train_00881.png
train,1046,images\train_01046.png,depths_png16mm\train_01046.png,labels_png\train_01046.png
train,831,images\train_00831.png,depths_png16mm\train_00831.png,labels_png\train_00831.png
train,161,images\train_00161.png,depths_png16mm\train_00161.png,labels_png\train_00161.png
train,1068,images\train_01068.png,depths_png16mm\train_01068.png,labels_png\train_01068.png
train,685,images\train_00685.png,depths_png16mm\train_00685.png,labels_png\train_00685.png
train,88,images\train_00088.png,depths_png16mm\train_00088.png,labels_png\train_00088.png
train,1213,images\train_01213.png,depths_png16mm\train_01213.png,labels_png\train_01213.png
train,1123,images\train_01123.png,depths_png16mm\train_01123.png,labels_png\train_01123.png
train,896,images\train_00896.png,depths_png16mm\train_00896.png,labels_png\train_00896.png
train,684,images\train_00684.png,depths_png16mm\train_00684.png,labels_png\train_00684.png
train,1433,images\train_01433.png,depths_png16mm\train_01433.png,labels_png\train_01433.png
train,1214,images\train_01214.png,depths_png16mm\train_01214.png,labels_png\train_01214.png
train,403,images\train_00403.png,depths_png16mm\train_00403.png,labels_png\train_00403.png
train,436,images\train_00436.png,depths_png16mm\train_00436.png,labels_png\train_00436.png
train,211,images\train_00211.png,depths_png16mm\train_00211.png,labels_png\train_00211.png
train,1168,images\train_01168.png,depths_png16mm\train_01168.png,labels_png\train_01168.png
train,1009,images\train_01009.png,depths_png16mm\train_01009.png,labels_png\train_01009.png
train,1176,images\train_01176.png,depths_png16mm\train_01176.png,labels_png\train_01176.png
train,130,images\train_00130.png,depths_png16mm\train_00130.png,labels_png\train_00130.png
train,288,images\train_00288.png,depths_png16mm\train_00288.png,labels_png\train_00288.png
train,638,images\train_00638.png,depths_png16mm\train_00638.png,labels_png\train_00638.png
train,562,images\train_00562.png,depths_png16mm\train_00562.png,labels_png\train_00562.png
train,1072,images\train_01072.png,depths_png16mm\train_01072.png,labels_png\train_01072.png
train,1395,images\train_01395.png,depths_png16mm\train_01395.png,labels_png\train_01395.png
train,750,images\train_00750.png,depths_png16mm\train_00750.png,labels_png\train_00750.png
train,1272,images\train_01272.png,depths_png16mm\train_01272.png,labels_png\train_01272.png
train,453,images\train_00453.png,depths_png16mm\train_00453.png,labels_png\train_00453.png
train,495,images\train_00495.png,depths_png16mm\train_00495.png,labels_png\train_00495.png
train,929,images\train_00929.png,depths_png16mm\train_00929.png,labels_png\train_00929.png
train,863,images\train_00863.png,depths_png16mm\train_00863.png,labels_png\train_00863.png
train,960,images\train_00960.png,depths_png16mm\train_00960.png,labels_png\train_00960.png
train,1077,images\train_01077.png,depths_png16mm\train_01077.png,labels_png\train_01077.png
train,1416,images\train_01416.png,depths_png16mm\train_01416.png,labels_png\train_01416.png
train,666,images\train_00666.png,depths_png16mm\train_00666.png,labels_png\train_00666.png
train,471,images\train_00471.png,depths_png16mm\train_00471.png,labels_png\train_00471.png
train,625,images\train_00625.png,depths_png16mm\train_00625.png,labels_png\train_00625.png
train,402,images\train_00402.png,depths_png16mm\train_00402.png,labels_png\train_00402.png
train,207,images\train_00207.png,depths_png16mm\train_00207.png,labels_png\train_00207.png
train,1115,images\train_01115.png,depths_png16mm\train_01115.png,labels_png\train_01115.png
train,966,images\train_00966.png,depths_png16mm\train_00966.png,labels_png\train_00966.png
train,241,images\train_00241.png,depths_png16mm\train_00241.png,labels_png\train_00241.png
train,1194,images\train_01194.png,depths_png16mm\train_01194.png,labels_png\train_01194.png
train,1403,images\train_01403.png,depths_png16mm\train_01403.png,labels_png\train_01403.png
train,1200,images\train_01200.png,depths_png16mm\train_01200.png,labels_png\train_01200.png
train,1247,images\train_01247.png,depths_png16mm\train_01247.png,labels_png\train_01247.png
train,1310,images\train_01310.png,depths_png16mm\train_01310.png,labels_png\train_01310.png
train,1167,images\train_01167.png,depths_png16mm\train_01167.png,labels_png\train_01167.png
train,1405,images\train_01405.png,depths_png16mm\train_01405.png,labels_png\train_01405.png
train,758,images\train_00758.png,depths_png16mm\train_00758.png,labels_png\train_00758.png
train,215,images\train_00215.png,depths_png16mm\train_00215.png,labels_png\train_00215.png
train,582,images\train_00582.png,depths_png16mm\train_00582.png,labels_png\train_00582.png
train,1232,images\train_01232.png,depths_png16mm\train_01232.png,labels_png\train_01232.png
train,766,images\train_00766.png,depths_png16mm\train_00766.png,labels_png\train_00766.png
train,1153,images\train_01153.png,depths_png16mm\train_01153.png,labels_png\train_01153.png
train,1344,images\train_01344.png,depths_png16mm\train_01344.png,labels_png\train_01344.png
train,1204,images\train_01204.png,depths_png16mm\train_01204.png,labels_png\train_01204.png
train,1285,images\train_01285.png,depths_png16mm\train_01285.png,labels_png\train_01285.png
train,104,images\train_00104.png,depths_png16mm\train_00104.png,labels_png\train_00104.png
train,972,images\train_00972.png,depths_png16mm\train_00972.png,labels_png\train_00972.png
train,333,images\train_00333.png,depths_png16mm\train_00333.png,labels_png\train_00333.png
train,729,images\train_00729.png,depths_png16mm\train_00729.png,labels_png\train_00729.png
train,1056,images\train_01056.png,depths_png16mm\train_01056.png,labels_png\train_01056.png
train,618,images\train_00618.png,depths_png16mm\train_00618.png,labels_png\train_00618.png
train,1307,images\train_01307.png,depths_png16mm\train_01307.png,labels_png\train_01307.png
train,111,images\train_00111.png,depths_png16mm\train_00111.png,labels_png\train_00111.png
train,659,images\train_00659.png,depths_png16mm\train_00659.png,labels_png\train_00659.png
train,1151,images\train_01151.png,depths_png16mm\train_01151.png,labels_png\train_01151.png
train,988,images\train_00988.png,depths_png16mm\train_00988.png,labels_png\train_00988.png
train,768,images\train_00768.png,depths_png16mm\train_00768.png,labels_png\train_00768.png
train,1113,images\train_01113.png,depths_png16mm\train_01113.png,labels_png\train_01113.png
train,175,images\train_00175.png,depths_png16mm\train_00175.png,labels_png\train_00175.png
train,1015,images\train_01015.png,depths_png16mm\train_01015.png,labels_png\train_01015.png
train,425,images\train_00425.png,depths_png16mm\train_00425.png,labels_png\train_00425.png
train,865,images\train_00865.png,depths_png16mm\train_00865.png,labels_png\train_00865.png
train,1221,images\train_01221.png,depths_png16mm\train_01221.png,labels_png\train_01221.png
train,138,images\train_00138.png,depths_png16mm\train_00138.png,labels_png\train_00138.png
train,809,images\train_00809.png,depths_png16mm\train_00809.png,labels_png\train_00809.png
train,108,images\train_00108.png,depths_png16mm\train_00108.png,labels_png\train_00108.png
train,693,images\train_00693.png,depths_png16mm\train_00693.png,labels_png\train_00693.png
train,1039,images\train_01039.png,depths_png16mm\train_01039.png,labels_png\train_01039.png
train,634,images\train_00634.png,depths_png16mm\train_00634.png,labels_png\train_00634.png
train,437,images\train_00437.png,depths_png16mm\train_00437.png,labels_png\train_00437.png
train,1175,images\train_01175.png,depths_png16mm\train_01175.png,labels_png\train_01175.png
train,941,images\train_00941.png,depths_png16mm\train_00941.png,labels_png\train_00941.png
train,220,images\train_00220.png,depths_png16mm\train_00220.png,labels_png\train_00220.png
train,178,images\train_00178.png,depths_png16mm\train_00178.png,labels_png\train_00178.png
train,326,images\train_00326.png,depths_png16mm\train_00326.png,labels_png\train_00326.png
train,791,images\train_00791.png,depths_png16mm\train_00791.png,labels_png\train_00791.png
train,251,images\train_00251.png,depths_png16mm\train_00251.png,labels_png\train_00251.png
train,614,images\train_00614.png,depths_png16mm\train_00614.png,labels_png\train_00614.png
train,1100,images\train_01100.png,depths_png16mm\train_01100.png,labels_png\train_01100.png
train,94,images\train_00094.png,depths_png16mm\train_00094.png,labels_png\train_00094.png
train,42,images\train_00042.png,depths_png16mm\train_00042.png,labels_png\train_00042.png
train,560,images\train_00560.png,depths_png16mm\train_00560.png,labels_png\train_00560.png
train,1070,images\train_01070.png,depths_png16mm\train_01070.png,labels_png\train_01070.png
train,441,images\train_00441.png,depths_png16mm\train_00441.png,labels_png\train_00441.png
train,871,images\train_00871.png,depths_png16mm\train_00871.png,labels_png\train_00871.png
train,329,images\train_00329.png,depths_png16mm\train_00329.png,labels_png\train_00329.png
train,1004,images\train_01004.png,depths_png16mm\train_01004.png,labels_png\train_01004.png
train,1371,images\train_01371.png,depths_png16mm\train_01371.png,labels_png\train_01371.png
train,361,images\train_00361.png,depths_png16mm\train_00361.png,labels_png\train_00361.png
train,195,images\train_00195.png,depths_png16mm\train_00195.png,labels_png\train_00195.png
train,41,images\train_00041.png,depths_png16mm\train_00041.png,labels_png\train_00041.png
train,264,images\train_00264.png,depths_png16mm\train_00264.png,labels_png\train_00264.png
train,891,images\train_00891.png,depths_png16mm\train_00891.png,labels_png\train_00891.png
train,322,images\train_00322.png,depths_png16mm\train_00322.png,labels_png\train_00322.png
train,578,images\train_00578.png,depths_png16mm\train_00578.png,labels_png\train_00578.png
train,826,images\train_00826.png,depths_png16mm\train_00826.png,labels_png\train_00826.png
train,1037,images\train_01037.png,depths_png16mm\train_01037.png,labels_png\train_01037.png
train,254,images\train_00254.png,depths_png16mm\train_00254.png,labels_png\train_00254.png
train,276,images\train_00276.png,depths_png16mm\train_00276.png,labels_png\train_00276.png
train,112,images\train_00112.png,depths_png16mm\train_00112.png,labels_png\train_00112.png
train,921,images\train_00921.png,depths_png16mm\train_00921.png,labels_png\train_00921.png
train,813,images\train_00813.png,depths_png16mm\train_00813.png,labels_png\train_00813.png
train,1158,images\train_01158.png,depths_png16mm\train_01158.png,labels_png\train_01158.png
train,1025,images\train_01025.png,depths_png16mm\train_01025.png,labels_png\train_01025.png
train,394,images\train_00394.png,depths_png16mm\train_00394.png,labels_png\train_00394.png
train,475,images\train_00475.png,depths_png16mm\train_00475.png,labels_png\train_00475.png
train,834,images\train_00834.png,depths_png16mm\train_00834.png,labels_png\train_00834.png
train,780,images\train_00780.png,depths_png16mm\train_00780.png,labels_png\train_00780.png
train,73,images\train_00073.png,depths_png16mm\train_00073.png,labels_png\train_00073.png
train,944,images\train_00944.png,depths_png16mm\train_00944.png,labels_png\train_00944.png
train,352,images\train_00352.png,depths_png16mm\train_00352.png,labels_png\train_00352.png
train,583,images\train_00583.png,depths_png16mm\train_00583.png,labels_png\train_00583.png
train,730,images\train_00730.png,depths_png16mm\train_00730.png,labels_png\train_00730.png
train,1372,images\train_01372.png,depths_png16mm\train_01372.png,labels_png\train_01372.png
train,305,images\train_00305.png,depths_png16mm\train_00305.png,labels_png\train_00305.png
train,571,images\train_00571.png,depths_png16mm\train_00571.png,labels_png\train_00571.png
train,492,images\train_00492.png,depths_png16mm\train_00492.png,labels_png\train_00492.png
train,47,images\train_00047.png,depths_png16mm\train_00047.png,labels_png\train_00047.png
train,514,images\train_00514.png,depths_png16mm\train_00514.png,labels_png\train_00514.png
train,146,images\train_00146.png,depths_png16mm\train_00146.png,labels_png\train_00146.png
train,131,images\train_00131.png,depths_png16mm\train_00131.png,labels_png\train_00131.png
train,563,images\train_00563.png,depths_png16mm\train_00563.png,labels_png\train_00563.png
train,1250,images\train_01250.png,depths_png16mm\train_01250.png,labels_png\train_01250.png
train,1013,images\train_01013.png,depths_png16mm\train_01013.png,labels_png\train_01013.png
train,708,images\train_00708.png,depths_png16mm\train_00708.png,labels_png\train_00708.png
train,1022,images\train_01022.png,depths_png16mm\train_01022.png,labels_png\train_01022.png
train,1145,images\train_01145.png,depths_png16mm\train_01145.png,labels_png\train_01145.png
train,486,images\train_00486.png,depths_png16mm\train_00486.png,labels_png\train_00486.png
train,903,images\train_00903.png,depths_png16mm\train_00903.png,labels_png\train_00903.png
train,342,images\train_00342.png,depths_png16mm\train_00342.png,labels_png\train_00342.png
train,523,images\train_00523.png,depths_png16mm\train_00523.png,labels_png\train_00523.png
train,1164,images\train_01164.png,depths_png16mm\train_01164.png,labels_png\train_01164.png
train,1292,images\train_01292.png,depths_png16mm\train_01292.png,labels_png\train_01292.png
train,272,images\train_00272.png,depths_png16mm\train_00272.png,labels_png\train_00272.png
train,763,images\train_00763.png,depths_png16mm\train_00763.png,labels_png\train_00763.png
train,840,images\train_00840.png,depths_png16mm\train_00840.png,labels_png\train_00840.png
train,249,images\train_00249.png,depths_png16mm\train_00249.png,labels_png\train_00249.png
train,725,images\train_00725.png,depths_png16mm\train_00725.png,labels_png\train_00725.png
train,1306,images\train_01306.png,depths_png16mm\train_01306.png,labels_png\train_01306.png
train,1071,images\train_01071.png,depths_png16mm\train_01071.png,labels_png\train_01071.png
train,1192,images\train_01192.png,depths_png16mm\train_01192.png,labels_png\train_01192.png
train,1283,images\train_01283.png,depths_png16mm\train_01283.png,labels_png\train_01283.png
train,785,images\train_00785.png,depths_png16mm\train_00785.png,labels_png\train_00785.png
train,686,images\train_00686.png,depths_png16mm\train_00686.png,labels_png\train_00686.png
train,396,images\train_00396.png,depths_png16mm\train_00396.png,labels_png\train_00396.png
train,447,images\train_00447.png,depths_png16mm\train_00447.png,labels_png\train_00447.png
train,79,images\train_00079.png,depths_png16mm\train_00079.png,labels_png\train_00079.png
train,963,images\train_00963.png,depths_png16mm\train_00963.png,labels_png\train_00963.png
train,795,images\train_00795.png,depths_png16mm\train_00795.png,labels_png\train_00795.png
train,386,images\train_00386.png,depths_png16mm\train_00386.png,labels_png\train_00386.png
train,882,images\train_00882.png,depths_png16mm\train_00882.png,labels_png\train_00882.png
train,338,images\train_00338.png,depths_png16mm\train_00338.png,labels_png\train_00338.png
train,572,images\train_00572.png,depths_png16mm\train_00572.png,labels_png\train_00572.png
train,557,images\train_00557.png,depths_png16mm\train_00557.png,labels_png\train_00557.png
train,723,images\train_00723.png,depths_png16mm\train_00723.png,labels_png\train_00723.png
train,549,images\train_00549.png,depths_png16mm\train_00549.png,labels_png\train_00549.png
train,1269,images\train_01269.png,depths_png16mm\train_01269.png,labels_png\train_01269.png
train,422,images\train_00422.png,depths_png16mm\train_00422.png,labels_png\train_00422.png
train,869,images\train_00869.png,depths_png16mm\train_00869.png,labels_png\train_00869.png
train,184,images\train_00184.png,depths_png16mm\train_00184.png,labels_png\train_00184.png
train,602,images\train_00602.png,depths_png16mm\train_00602.png,labels_png\train_00602.png
train,54,images\train_00054.png,depths_png16mm\train_00054.png,labels_png\train_00054.png
train,1088,images\train_01088.png,depths_png16mm\train_01088.png,labels_png\train_01088.png
train,842,images\train_00842.png,depths_png16mm\train_00842.png,labels_png\train_00842.png
train,534,images\train_00534.png,depths_png16mm\train_00534.png,labels_png\train_00534.png
train,1128,images\train_01128.png,depths_png16mm\train_01128.png,labels_png\train_01128.png
train,19,images\train_00019.png,depths_png16mm\train_00019.png,labels_png\train_00019.png
train,771,images\train_00771.png,depths_png16mm\train_00771.png,labels_png\train_00771.png
train,739,images\train_00739.png,depths_png16mm\train_00739.png,labels_png\train_00739.png
train,374,images\train_00374.png,depths_png16mm\train_00374.png,labels_png\train_00374.png
train,496,images\train_00496.png,depths_png16mm\train_00496.png,labels_png\train_00496.png
train,692,images\train_00692.png,depths_png16mm\train_00692.png,labels_png\train_00692.png
train,1355,images\train_01355.png,depths_png16mm\train_01355.png,labels_png\train_01355.png
train,1186,images\train_01186.png,depths_png16mm\train_01186.png,labels_png\train_01186.png
train,63,images\train_00063.png,depths_png16mm\train_00063.png,labels_png\train_00063.png
train,5,images\train_00005.png,depths_png16mm\train_00005.png,labels_png\train_00005.png
train,377,images\train_00377.png,depths_png16mm\train_00377.png,labels_png\train_00377.png
train,954,images\train_00954.png,depths_png16mm\train_00954.png,labels_png\train_00954.png
train,587,images\train_00587.png,depths_png16mm\train_00587.png,labels_png\train_00587.png
train,115,images\train_00115.png,depths_png16mm\train_00115.png,labels_png\train_00115.png
train,979,images\train_00979.png,depths_png16mm\train_00979.png,labels_png\train_00979.png
train,113,images\train_00113.png,depths_png16mm\train_00113.png,labels_png\train_00113.png
train,412,images\train_00412.png,depths_png16mm\train_00412.png,labels_png\train_00412.png
train,23,images\train_00023.png,depths_png16mm\train_00023.png,labels_png\train_00023.png
train,1135,images\train_01135.png,depths_png16mm\train_01135.png,labels_png\train_01135.png
train,1323,images\train_01323.png,depths_png16mm\train_01323.png,labels_png\train_01323.png
train,1005,images\train_01005.png,depths_png16mm\train_01005.png,labels_png\train_01005.png
train,253,images\train_00253.png,depths_png16mm\train_00253.png,labels_png\train_00253.png
train,1109,images\train_01109.png,depths_png16mm\train_01109.png,labels_png\train_01109.png
train,302,images\train_00302.png,depths_png16mm\train_00302.png,labels_png\train_00302.png
train,121,images\train_00121.png,depths_png16mm\train_00121.png,labels_png\train_00121.png
train,511,images\train_00511.png,depths_png16mm\train_00511.png,labels_png\train_00511.png
train,192,images\train_00192.png,depths_png16mm\train_00192.png,labels_png\train_00192.png
train,359,images\train_00359.png,depths_png16mm\train_00359.png,labels_png\train_00359.png
train,1220,images\train_01220.png,depths_png16mm\train_01220.png,labels_png\train_01220.png
train,1199,images\train_01199.png,depths_png16mm\train_01199.png,labels_png\train_01199.png
train,399,images\train_00399.png,depths_png16mm\train_00399.png,labels_png\train_00399.png
train,268,images\train_00268.png,depths_png16mm\train_00268.png,labels_png\train_00268.png
train,1183,images\train_01183.png,depths_png16mm\train_01183.png,labels_png\train_01183.png
train,362,images\train_00362.png,depths_png16mm\train_00362.png,labels_png\train_00362.png
train,470,images\train_00470.png,depths_png16mm\train_00470.png,labels_png\train_00470.png
train,927,images\train_00927.png,depths_png16mm\train_00927.png,labels_png\train_00927.png
train,494,images\train_00494.png,depths_png16mm\train_00494.png,labels_png\train_00494.png
train,1058,images\train_01058.png,depths_png16mm\train_01058.png,labels_png\train_01058.png
train,1216,images\train_01216.png,depths_png16mm\train_01216.png,labels_png\train_01216.png
train,595,images\train_00595.png,depths_png16mm\train_00595.png,labels_png\train_00595.png
train,154,images\train_00154.png,depths_png16mm\train_00154.png,labels_png\train_00154.png
train,252,images\train_00252.png,depths_png16mm\train_00252.png,labels_png\train_00252.png
train,1095,images\train_01095.png,depths_png16mm\train_01095.png,labels_png\train_01095.png
train,998,images\train_00998.png,depths_png16mm\train_00998.png,labels_png\train_00998.png
train,1340,images\train_01340.png,depths_png16mm\train_01340.png,labels_png\train_01340.png
train,388,images\train_00388.png,depths_png16mm\train_00388.png,labels_png\train_00388.png
train,636,images\train_00636.png,depths_png16mm\train_00636.png,labels_png\train_00636.png
train,689,images\train_00689.png,depths_png16mm\train_00689.png,labels_png\train_00689.png
train,765,images\train_00765.png,depths_png16mm\train_00765.png,labels_png\train_00765.png
train,244,images\train_00244.png,depths_png16mm\train_00244.png,labels_png\train_00244.png
train,1044,images\train_01044.png,depths_png16mm\train_01044.png,labels_png\train_01044.png
train,179,images\train_00179.png,depths_png16mm\train_00179.png,labels_png\train_00179.png
train,177,images\train_00177.png,depths_png16mm\train_00177.png,labels_png\train_00177.png
train,1208,images\train_01208.png,depths_png16mm\train_01208.png,labels_png\train_01208.png
train,468,images\train_00468.png,depths_png16mm\train_00468.png,labels_png\train_00468.png
train,411,images\train_00411.png,depths_png16mm\train_00411.png,labels_png\train_00411.png
train,383,images\train_00383.png,depths_png16mm\train_00383.png,labels_png\train_00383.png
train,71,images\train_00071.png,depths_png16mm\train_00071.png,labels_png\train_00071.png
train,358,images\train_00358.png,depths_png16mm\train_00358.png,labels_png\train_00358.png
train,1347,images\train_01347.png,depths_png16mm\train_01347.png,labels_png\train_01347.png
train,389,images\train_00389.png,depths_png16mm\train_00389.png,labels_png\train_00389.png
train,1140,images\train_01140.png,depths_png16mm\train_01140.png,labels_png\train_01140.png
train,920,images\train_00920.png,depths_png16mm\train_00920.png,labels_png\train_00920.png
train,280,images\train_00280.png,depths_png16mm\train_00280.png,labels_png\train_00280.png
train,1392,images\train_01392.png,depths_png16mm\train_01392.png,labels_png\train_01392.png
train,93,images\train_00093.png,depths_png16mm\train_00093.png,labels_png\train_00093.png
train,1,images\train_00001.png,depths_png16mm\train_00001.png,labels_png\train_00001.png
train,141,images\train_00141.png,depths_png16mm\train_00141.png,labels_png\train_00141.png
train,465,images\train_00465.png,depths_png16mm\train_00465.png,labels_png\train_00465.png
train,1142,images\train_01142.png,depths_png16mm\train_01142.png,labels_png\train_01142.png
train,429,images\train_00429.png,depths_png16mm\train_00429.png,labels_png\train_00429.png
train,1089,images\train_01089.png,depths_png16mm\train_01089.png,labels_png\train_01089.png
train,762,images\train_00762.png,depths_png16mm\train_00762.png,labels_png\train_00762.png
train,339,images\train_00339.png,depths_png16mm\train_00339.png,labels_png\train_00339.png
train,18,images\train_00018.png,depths_png16mm\train_00018.png,labels_png\train_00018.png
train,1278,images\train_01278.png,depths_png16mm\train_01278.png,labels_png\train_01278.png
train,271,images\train_00271.png,depths_png16mm\train_00271.png,labels_png\train_00271.png
train,1169,images\train_01169.png,depths_png16mm\train_01169.png,labels_png\train_01169.png
train,1110,images\train_01110.png,depths_png16mm\train_01110.png,labels_png\train_01110.png
train,1380,images\train_01380.png,depths_png16mm\train_01380.png,labels_png\train_01380.png
train,1345,images\train_01345.png,depths_png16mm\train_01345.png,labels_png\train_01345.png
train,904,images\train_00904.png,depths_png16mm\train_00904.png,labels_png\train_00904.png
train,1120,images\train_01120.png,depths_png16mm\train_01120.png,labels_png\train_01120.png
train,1317,images\train_01317.png,depths_png16mm\train_01317.png,labels_png\train_01317.png
train,119,images\train_00119.png,depths_png16mm\train_00119.png,labels_png\train_00119.png
train,937,images\train_00937.png,depths_png16mm\train_00937.png,labels_png\train_00937.png
train,782,images\train_00782.png,depths_png16mm\train_00782.png,labels_png\train_00782.png
train,128,images\train_00128.png,depths_png16mm\train_00128.png,labels_png\train_00128.png
train,430,images\train_00430.png,depths_png16mm\train_00430.png,labels_png\train_00430.png
train,1170,images\train_01170.png,depths_png16mm\train_01170.png,labels_png\train_01170.png
train,1321,images\train_01321.png,depths_png16mm\train_01321.png,labels_png\train_01321.png
train,483,images\train_00483.png,depths_png16mm\train_00483.png,labels_png\train_00483.png
train,714,images\train_00714.png,depths_png16mm\train_00714.png,labels_png\train_00714.png
train,149,images\train_00149.png,depths_png16mm\train_00149.png,labels_png\train_00149.png
train,384,images\train_00384.png,depths_png16mm\train_00384.png,labels_png\train_00384.png
train,1090,images\train_01090.png,depths_png16mm\train_01090.png,labels_png\train_01090.png
train,221,images\train_00221.png,depths_png16mm\train_00221.png,labels_png\train_00221.png
train,1008,images\train_01008.png,depths_png16mm\train_01008.png,labels_png\train_01008.png
train,209,images\train_00209.png,depths_png16mm\train_00209.png,labels_png\train_00209.png
train,509,images\train_00509.png,depths_png16mm\train_00509.png,labels_png\train_00509.png
train,1031,images\train_01031.png,depths_png16mm\train_01031.png,labels_png\train_01031.png
train,328,images\train_00328.png,depths_png16mm\train_00328.png,labels_png\train_00328.png
train,1440,images\train_01440.png,depths_png16mm\train_01440.png,labels_png\train_01440.png
train,510,images\train_00510.png,depths_png16mm\train_00510.png,labels_png\train_00510.png
train,301,images\train_00301.png,depths_png16mm\train_00301.png,labels_png\train_00301.png
train,1198,images\train_01198.png,depths_png16mm\train_01198.png,labels_png\train_01198.png
train,334,images\train_00334.png,depths_png16mm\train_00334.png,labels_png\train_00334.png
train,1104,images\train_01104.png,depths_png16mm\train_01104.png,labels_png\train_01104.png
train,52,images\train_00052.png,depths_png16mm\train_00052.png,labels_png\train_00052.png
train,76,images\train_00076.png,depths_png16mm\train_00076.png,labels_png\train_00076.png
train,599,images\train_00599.png,depths_png16mm\train_00599.png,labels_png\train_00599.png
train,588,images\train_00588.png,depths_png16mm\train_00588.png,labels_png\train_00588.png
train,624,images\train_00624.png,depths_png16mm\train_00624.png,labels_png\train_00624.png
train,951,images\train_00951.png,depths_png16mm\train_00951.png,labels_png\train_00951.png
train,318,images\train_00318.png,depths_png16mm\train_00318.png,labels_png\train_00318.png
train,564,images\train_00564.png,depths_png16mm\train_00564.png,labels_png\train_00564.png
train,497,images\train_00497.png,depths_png16mm\train_00497.png,labels_png\train_00497.png
train,247,images\train_00247.png,depths_png16mm\train_00247.png,labels_png\train_00247.png
train,1253,images\train_01253.png,depths_png16mm\train_01253.png,labels_png\train_01253.png
train,238,images\train_00238.png,depths_png16mm\train_00238.png,labels_png\train_00238.png
train,204,images\train_00204.png,depths_png16mm\train_00204.png,labels_png\train_00204.png
train,748,images\train_00748.png,depths_png16mm\train_00748.png,labels_png\train_00748.png
train,414,images\train_00414.png,depths_png16mm\train_00414.png,labels_png\train_00414.png
train,1337,images\train_01337.png,depths_png16mm\train_01337.png,labels_png\train_01337.png
train,933,images\train_00933.png,depths_png16mm\train_00933.png,labels_png\train_00933.png
train,1092,images\train_01092.png,depths_png16mm\train_01092.png,labels_png\train_01092.png
train,696,images\train_00696.png,depths_png16mm\train_00696.png,labels_png\train_00696.png
train,267,images\train_00267.png,depths_png16mm\train_00267.png,labels_png\train_00267.png
train,1101,images\train_01101.png,depths_png16mm\train_01101.png,labels_png\train_01101.png
train,7,images\train_00007.png,depths_png16mm\train_00007.png,labels_png\train_00007.png
train,695,images\train_00695.png,depths_png16mm\train_00695.png,labels_png\train_00695.png
train,57,images\train_00057.png,depths_png16mm\train_00057.png,labels_png\train_00057.png
train,943,images\train_00943.png,depths_png16mm\train_00943.png,labels_png\train_00943.png
train,1197,images\train_01197.png,depths_png16mm\train_01197.png,labels_png\train_01197.png
train,196,images\train_00196.png,depths_png16mm\train_00196.png,labels_png\train_00196.png
train,1124,images\train_01124.png,depths_png16mm\train_01124.png,labels_png\train_01124.png
train,610,images\train_00610.png,depths_png16mm\train_00610.png,labels_png\train_00610.png
train,380,images\train_00380.png,depths_png16mm\train_00380.png,labels_png\train_00380.png
train,812,images\train_00812.png,depths_png16mm\train_00812.png,labels_png\train_00812.png
train,1268,images\train_01268.png,depths_png16mm\train_01268.png,labels_png\train_01268.png
train,973,images\train_00973.png,depths_png16mm\train_00973.png,labels_png\train_00973.png
train,649,images\train_00649.png,depths_png16mm\train_00649.png,labels_png\train_00649.png
train,569,images\train_00569.png,depths_png16mm\train_00569.png,labels_png\train_00569.png
train,971,images\train_00971.png,depths_png16mm\train_00971.png,labels_png\train_00971.png
train,1314,images\train_01314.png,depths_png16mm\train_01314.png,labels_png\train_01314.png
train,43,images\train_00043.png,depths_png16mm\train_00043.png,labels_png\train_00043.png
train,1143,images\train_01143.png,depths_png16mm\train_01143.png,labels_png\train_01143.png
train,298,images\train_00298.png,depths_png16mm\train_00298.png,labels_png\train_00298.png
train,1127,images\train_01127.png,depths_png16mm\train_01127.png,labels_png\train_01127.png
train,1324,images\train_01324.png,depths_png16mm\train_01324.png,labels_png\train_01324.png
train,306,images\train_00306.png,depths_png16mm\train_00306.png,labels_png\train_00306.png
train,958,images\train_00958.png,depths_png16mm\train_00958.png,labels_png\train_00958.png
train,4,images\train_00004.png,depths_png16mm\train_00004.png,labels_png\train_00004.png
train,651,images\train_00651.png,depths_png16mm\train_00651.png,labels_png\train_00651.png
train,605,images\train_00605.png,depths_png16mm\train_00605.png,labels_png\train_00605.png
train,206,images\train_00206.png,depths_png16mm\train_00206.png,labels_png\train_00206.png
train,818,images\train_00818.png,depths_png16mm\train_00818.png,labels_png\train_00818.png
train,222,images\train_00222.png,depths_png16mm\train_00222.png,labels_png\train_00222.png
train,630,images\train_00630.png,depths_png16mm\train_00630.png,labels_png\train_00630.png
train,900,images\train_00900.png,depths_png16mm\train_00900.png,labels_png\train_00900.png
train,1320,images\train_01320.png,depths_png16mm\train_01320.png,labels_png\train_01320.png
train,446,images\train_00446.png,depths_png16mm\train_00446.png,labels_png\train_00446.png
train,1404,images\train_01404.png,depths_png16mm\train_01404.png,labels_png\train_01404.png
train,98,images\train_00098.png,depths_png16mm\train_00098.png,labels_png\train_00098.png
train,894,images\train_00894.png,depths_png16mm\train_00894.png,labels_png\train_00894.png
train,1098,images\train_01098.png,depths_png16mm\train_01098.png,labels_png\train_01098.png
train,898,images\train_00898.png,depths_png16mm\train_00898.png,labels_png\train_00898.png
train,1097,images\train_01097.png,depths_png16mm\train_01097.png,labels_png\train_01097.png
train,1024,images\train_01024.png,depths_png16mm\train_01024.png,labels_png\train_01024.png
train,1443,images\train_01443.png,depths_png16mm\train_01443.png,labels_png\train_01443.png
train,413,images\train_00413.png,depths_png16mm\train_00413.png,labels_png\train_00413.png
train,1177,images\train_01177.png,depths_png16mm\train_01177.png,labels_png\train_01177.png
train,275,images\train_00275.png,depths_png16mm\train_00275.png,labels_png\train_00275.png
train,99,images\train_00099.png,depths_png16mm\train_00099.png,labels_png\train_00099.png
train,1182,images\train_01182.png,depths_png16mm\train_01182.png,labels_png\train_01182.png
train,1033,images\train_01033.png,depths_png16mm\train_01033.png,labels_png\train_01033.png
train,508,images\train_00508.png,depths_png16mm\train_00508.png,labels_png\train_00508.png
train,521,images\train_00521.png,depths_png16mm\train_00521.png,labels_png\train_00521.png
train,1078,images\train_01078.png,depths_png16mm\train_01078.png,labels_png\train_01078.png
train,1118,images\train_01118.png,depths_png16mm\train_01118.png,labels_png\train_01118.png
train,191,images\train_00191.png,depths_png16mm\train_00191.png,labels_png\train_00191.png
train,1279,images\train_01279.png,depths_png16mm\train_01279.png,labels_png\train_01279.png
train,1352,images\train_01352.png,depths_png16mm\train_01352.png,labels_png\train_01352.png
train,198,images\train_00198.png,depths_png16mm\train_00198.png,labels_png\train_00198.png
train,704,images\train_00704.png,depths_png16mm\train_00704.png,labels_png\train_00704.png
train,1207,images\train_01207.png,depths_png16mm\train_01207.png,labels_png\train_01207.png
train,890,images\train_00890.png,depths_png16mm\train_00890.png,labels_png\train_00890.png
train,1333,images\train_01333.png,depths_png16mm\train_01333.png,labels_png\train_01333.png
train,1027,images\train_01027.png,depths_png16mm\train_01027.png,labels_png\train_01027.png
train,445,images\train_00445.png,depths_png16mm\train_00445.png,labels_png\train_00445.png
train,640,images\train_00640.png,depths_png16mm\train_00640.png,labels_png\train_00640.png
train,790,images\train_00790.png,depths_png16mm\train_00790.png,labels_png\train_00790.png
train,1421,images\train_01421.png,depths_png16mm\train_01421.png,labels_png\train_01421.png
train,524,images\train_00524.png,depths_png16mm\train_00524.png,labels_png\train_00524.png
train,58,images\train_00058.png,depths_png16mm\train_00058.png,labels_png\train_00058.png
train,528,images\train_00528.png,depths_png16mm\train_00528.png,labels_png\train_00528.png
train,720,images\train_00720.png,depths_png16mm\train_00720.png,labels_png\train_00720.png
train,655,images\train_00655.png,depths_png16mm\train_00655.png,labels_png\train_00655.png
train,895,images\train_00895.png,depths_png16mm\train_00895.png,labels_png\train_00895.png
train,236,images\train_00236.png,depths_png16mm\train_00236.png,labels_png\train_00236.png
train,939,images\train_00939.png,depths_png16mm\train_00939.png,labels_png\train_00939.png
train,477,images\train_00477.png,depths_png16mm\train_00477.png,labels_png\train_00477.png
train,120,images\train_00120.png,depths_png16mm\train_00120.png,labels_png\train_00120.png
train,340,images\train_00340.png,depths_png16mm\train_00340.png,labels_png\train_00340.png
train,1017,images\train_01017.png,depths_png16mm\train_01017.png,labels_png\train_01017.png
train,351,images\train_00351.png,depths_png16mm\train_00351.png,labels_png\train_00351.png
train,1201,images\train_01201.png,depths_png16mm\train_01201.png,labels_png\train_01201.png
train,45,images\train_00045.png,depths_png16mm\train_00045.png,labels_png\train_00045.png
train,96,images\train_00096.png,depths_png16mm\train_00096.png,labels_png\train_00096.png
train,1406,images\train_01406.png,depths_png16mm\train_01406.png,labels_png\train_01406.png
train,1036,images\train_01036.png,depths_png16mm\train_01036.png,labels_png\train_01036.png
train,993,images\train_00993.png,depths_png16mm\train_00993.png,labels_png\train_00993.png
train,1384,images\train_01384.png,depths_png16mm\train_01384.png,labels_png\train_01384.png
train,1107,images\train_01107.png,depths_png16mm\train_01107.png,labels_png\train_01107.png
train,874,images\train_00874.png,depths_png16mm\train_00874.png,labels_png\train_00874.png
train,1096,images\train_01096.png,depths_png16mm\train_01096.png,labels_png\train_01096.png
train,488,images\train_00488.png,depths_png16mm\train_00488.png,labels_png\train_00488.png
train,118,images\train_00118.png,depths_png16mm\train_00118.png,labels_png\train_00118.png
train,709,images\train_00709.png,depths_png16mm\train_00709.png,labels_png\train_00709.png
train,1402,images\train_01402.png,depths_png16mm\train_01402.png,labels_png\train_01402.png
train,533,images\train_00533.png,depths_png16mm\train_00533.png,labels_png\train_00533.png
train,532,images\train_00532.png,depths_png16mm\train_00532.png,labels_png\train_00532.png
train,733,images\train_00733.png,depths_png16mm\train_00733.png,labels_png\train_00733.png
train,879,images\train_00879.png,depths_png16mm\train_00879.png,labels_png\train_00879.png
train,755,images\train_00755.png,depths_png16mm\train_00755.png,labels_png\train_00755.png
train,935,images\train_00935.png,depths_png16mm\train_00935.png,labels_png\train_00935.png
train,33,images\train_00033.png,depths_png16mm\train_00033.png,labels_png\train_00033.png
train,256,images\train_00256.png,depths_png16mm\train_00256.png,labels_png\train_00256.png
train,997,images\train_00997.png,depths_png16mm\train_00997.png,labels_png\train_00997.png
train,353,images\train_00353.png,depths_png16mm\train_00353.png,labels_png\train_00353.png
train,1094,images\train_01094.png,depths_png16mm\train_01094.png,labels_png\train_01094.png
train,466,images\train_00466.png,depths_png16mm\train_00466.png,labels_png\train_00466.png
train,1180,images\train_01180.png,depths_png16mm\train_01180.png,labels_png\train_01180.png
train,309,images\train_00309.png,depths_png16mm\train_00309.png,labels_png\train_00309.png
train,1249,images\train_01249.png,depths_png16mm\train_01249.png,labels_png\train_01249.png
train,784,images\train_00784.png,depths_png16mm\train_00784.png,labels_png\train_00784.png
train,6,images\train_00006.png,depths_png16mm\train_00006.png,labels_png\train_00006.png
train,1389,images\train_01389.png,depths_png16mm\train_01389.png,labels_png\train_01389.png
train,536,images\train_00536.png,depths_png16mm\train_00536.png,labels_png\train_00536.png
train,868,images\train_00868.png,depths_png16mm\train_00868.png,labels_png\train_00868.png
train,1360,images\train_01360.png,depths_png16mm\train_01360.png,labels_png\train_01360.png
train,1407,images\train_01407.png,depths_png16mm\train_01407.png,labels_png\train_01407.png
train,1189,images\train_01189.png,depths_png16mm\train_01189.png,labels_png\train_01189.png
train,53,images\train_00053.png,depths_png16mm\train_00053.png,labels_png\train_00053.png
train,350,images\train_00350.png,depths_png16mm\train_00350.png,labels_png\train_00350.png
train,34,images\train_00034.png,depths_png16mm\train_00034.png,labels_png\train_00034.png
train,1300,images\train_01300.png,depths_png16mm\train_01300.png,labels_png\train_01300.png
train,850,images\train_00850.png,depths_png16mm\train_00850.png,labels_png\train_00850.png
train,852,images\train_00852.png,depths_png16mm\train_00852.png,labels_png\train_00852.png
train,1341,images\train_01341.png,depths_png16mm\train_01341.png,labels_png\train_01341.png
train,70,images\train_00070.png,depths_png16mm\train_00070.png,labels_png\train_00070.png
train,239,images\train_00239.png,depths_png16mm\train_00239.png,labels_png\train_00239.png
train,606,images\train_00606.png,depths_png16mm\train_00606.png,labels_png\train_00606.png
train,1155,images\train_01155.png,depths_png16mm\train_01155.png,labels_png\train_01155.png
train,956,images\train_00956.png,depths_png16mm\train_00956.png,labels_png\train_00956.png
train,806,images\train_00806.png,depths_png16mm\train_00806.png,labels_png\train_00806.png
train,1108,images\train_01108.png,depths_png16mm\train_01108.png,labels_png\train_01108.png
train,1439,images\train_01439.png,depths_png16mm\train_01439.png,labels_png\train_01439.png
train,1271,images\train_01271.png,depths_png16mm\train_01271.png,labels_png\train_01271.png
train,753,images\train_00753.png,depths_png16mm\train_00753.png,labels_png\train_00753.png
train,330,images\train_00330.png,depths_png16mm\train_00330.png,labels_png\train_00330.png
train,517,images\train_00517.png,depths_png16mm\train_00517.png,labels_png\train_00517.png
train,711,images\train_00711.png,depths_png16mm\train_00711.png,labels_png\train_00711.png
train,1329,images\train_01329.png,depths_png16mm\train_01329.png,labels_png\train_01329.png
train,101,images\train_00101.png,depths_png16mm\train_00101.png,labels_png\train_00101.png
train,908,images\train_00908.png,depths_png16mm\train_00908.png,labels_png\train_00908.png
train,1438,images\train_01438.png,depths_png16mm\train_01438.png,labels_png\train_01438.png
train,885,images\train_00885.png,depths_png16mm\train_00885.png,labels_png\train_00885.png
train,814,images\train_00814.png,depths_png16mm\train_00814.png,labels_png\train_00814.png
train,283,images\train_00283.png,depths_png16mm\train_00283.png,labels_png\train_00283.png
train,873,images\train_00873.png,depths_png16mm\train_00873.png,labels_png\train_00873.png
train,913,images\train_00913.png,depths_png16mm\train_00913.png,labels_png\train_00913.png
train,278,images\train_00278.png,depths_png16mm\train_00278.png,labels_png\train_00278.png
train,581,images\train_00581.png,depths_png16mm\train_00581.png,labels_png\train_00581.png
train,74,images\train_00074.png,depths_png16mm\train_00074.png,labels_png\train_00074.png
train,1006,images\train_01006.png,depths_png16mm\train_01006.png,labels_png\train_01006.png
train,965,images\train_00965.png,depths_png16mm\train_00965.png,labels_png\train_00965.png
train,1026,images\train_01026.png,depths_png16mm\train_01026.png,labels_png\train_01026.png
train,197,images\train_00197.png,depths_png16mm\train_00197.png,labels_png\train_00197.png
train,273,images\train_00273.png,depths_png16mm\train_00273.png,labels_png\train_00273.png
train,467,images\train_00467.png,depths_png16mm\train_00467.png,labels_png\train_00467.png
train,566,images\train_00566.png,depths_png16mm\train_00566.png,labels_png\train_00566.png
train,899,images\train_00899.png,depths_png16mm\train_00899.png,labels_png\train_00899.png
train,512,images\train_00512.png,depths_png16mm\train_00512.png,labels_png\train_00512.png
train,1178,images\train_01178.png,depths_png16mm\train_01178.png,labels_png\train_01178.png
train,478,images\train_00478.png,depths_png16mm\train_00478.png,labels_png\train_00478.png
train,1275,images\train_01275.png,depths_png16mm\train_01275.png,labels_png\train_01275.png
train,947,images\train_00947.png,depths_png16mm\train_00947.png,labels_png\train_00947.png
train,1290,images\train_01290.png,depths_png16mm\train_01290.png,labels_png\train_01290.png
train,909,images\train_00909.png,depths_png16mm\train_00909.png,labels_png\train_00909.png
train,443,images\train_00443.png,depths_png16mm\train_00443.png,labels_png\train_00443.png
train,1085,images\train_01085.png,depths_png16mm\train_01085.png,labels_png\train_01085.png
train,1365,images\train_01365.png,depths_png16mm\train_01365.png,labels_png\train_01365.png
train,31,images\train_00031.png,depths_png16mm\train_00031.png,labels_png\train_00031.png
train,400,images\train_00400.png,depths_png16mm\train_00400.png,labels_png\train_00400.png
train,1132,images\train_01132.png,depths_png16mm\train_01132.png,labels_png\train_01132.png
train,888,images\train_00888.png,depths_png16mm\train_00888.png,labels_png\train_00888.png
train,27,images\train_00027.png,depths_png16mm\train_00027.png,labels_png\train_00027.png
train,764,images\train_00764.png,depths_png16mm\train_00764.png,labels_png\train_00764.png
train,452,images\train_00452.png,depths_png16mm\train_00452.png,labels_png\train_00452.png
train,134,images\train_00134.png,depths_png16mm\train_00134.png,labels_png\train_00134.png
train,165,images\train_00165.png,depths_png16mm\train_00165.png,labels_png\train_00165.png
train,543,images\train_00543.png,depths_png16mm\train_00543.png,labels_png\train_00543.png
train,938,images\train_00938.png,depths_png16mm\train_00938.png,labels_png\train_00938.png
train,323,images\train_00323.png,depths_png16mm\train_00323.png,labels_png\train_00323.png
train,336,images\train_00336.png,depths_png16mm\train_00336.png,labels_png\train_00336.png
train,961,images\train_00961.png,depths_png16mm\train_00961.png,labels_png\train_00961.png
train,1218,images\train_01218.png,depths_png16mm\train_01218.png,labels_png\train_01218.png
train,193,images\train_00193.png,depths_png16mm\train_00193.png,labels_png\train_00193.png
train,85,images\train_00085.png,depths_png16mm\train_00085.png,labels_png\train_00085.png
train,259,images\train_00259.png,depths_png16mm\train_00259.png,labels_png\train_00259.png
train,201,images\train_00201.png,depths_png16mm\train_00201.png,labels_png\train_00201.png
train,1050,images\train_01050.png,depths_png16mm\train_01050.png,labels_png\train_01050.png
train,1067,images\train_01067.png,depths_png16mm\train_01067.png,labels_png\train_01067.png
train,1280,images\train_01280.png,depths_png16mm\train_01280.png,labels_png\train_01280.png
train,1234,images\train_01234.png,depths_png16mm\train_01234.png,labels_png\train_01234.png
train,1319,images\train_01319.png,depths_png16mm\train_01319.png,labels_png\train_01319.png
train,538,images\train_00538.png,depths_png16mm\train_00538.png,labels_png\train_00538.png
train,1080,images\train_01080.png,depths_png16mm\train_01080.png,labels_png\train_01080.png
train,1379,images\train_01379.png,depths_png16mm\train_01379.png,labels_png\train_01379.png
train,915,images\train_00915.png,depths_png16mm\train_00915.png,labels_png\train_00915.png
train,1086,images\train_01086.png,depths_png16mm\train_01086.png,labels_png\train_01086.png
train,1148,images\train_01148.png,depths_png16mm\train_01148.png,labels_png\train_01148.png
train,820,images\train_00820.png,depths_png16mm\train_00820.png,labels_png\train_00820.png
train,347,images\train_00347.png,depths_png16mm\train_00347.png,labels_png\train_00347.png
train,65,images\train_00065.png,depths_png16mm\train_00065.png,labels_png\train_00065.png
train,600,images\train_00600.png,depths_png16mm\train_00600.png,labels_png\train_00600.png
train,883,images\train_00883.png,depths_png16mm\train_00883.png,labels_png\train_00883.png
train,1426,images\train_01426.png,depths_png16mm\train_01426.png,labels_png\train_01426.png
train,726,images\train_00726.png,depths_png16mm\train_00726.png,labels_png\train_00726.png
train,24,images\train_00024.png,depths_png16mm\train_00024.png,labels_png\train_00024.png
train,462,images\train_00462.png,depths_png16mm\train_00462.png,labels_png\train_00462.png
train,454,images\train_00454.png,depths_png16mm\train_00454.png,labels_png\train_00454.png
train,948,images\train_00948.png,depths_png16mm\train_00948.png,labels_png\train_00948.png
train,889,images\train_00889.png,depths_png16mm\train_00889.png,labels_png\train_00889.png
train,153,images\train_00153.png,depths_png16mm\train_00153.png,labels_png\train_00153.png
train,1260,images\train_01260.png,depths_png16mm\train_01260.png,labels_png\train_01260.png
train,996,images\train_00996.png,depths_png16mm\train_00996.png,labels_png\train_00996.png
train,404,images\train_00404.png,depths_png16mm\train_00404.png,labels_png\train_00404.png
train,168,images\train_00168.png,depths_png16mm\train_00168.png,labels_png\train_00168.png
train,778,images\train_00778.png,depths_png16mm\train_00778.png,labels_png\train_00778.png
train,373,images\train_00373.png,depths_png16mm\train_00373.png,labels_png\train_00373.png
train,541,images\train_00541.png,depths_png16mm\train_00541.png,labels_png\train_00541.png
train,987,images\train_00987.png,depths_png16mm\train_00987.png,labels_png\train_00987.png
train,918,images\train_00918.png,depths_png16mm\train_00918.png,labels_png\train_00918.png
train,801,images\train_00801.png,depths_png16mm\train_00801.png,labels_png\train_00801.png
train,861,images\train_00861.png,depths_png16mm\train_00861.png,labels_png\train_00861.png
train,931,images\train_00931.png,depths_png16mm\train_00931.png,labels_png\train_00931.png
train,962,images\train_00962.png,depths_png16mm\train_00962.png,labels_png\train_00962.png
train,833,images\train_00833.png,depths_png16mm\train_00833.png,labels_png\train_00833.png
train,912,images\train_00912.png,depths_png16mm\train_00912.png,labels_png\train_00912.png
train,140,images\train_00140.png,depths_png16mm\train_00140.png,labels_png\train_00140.png
train,77,images\train_00077.png,depths_png16mm\train_00077.png,labels_png\train_00077.png
train,1267,images\train_01267.png,depths_png16mm\train_01267.png,labels_png\train_01267.png
train,1415,images\train_01415.png,depths_png16mm\train_01415.png,labels_png\train_01415.png
train,1367,images\train_01367.png,depths_png16mm\train_01367.png,labels_png\train_01367.png
train,189,images\train_00189.png,depths_png16mm\train_00189.png,labels_png\train_00189.png
train,1018,images\train_01018.png,depths_png16mm\train_01018.png,labels_png\train_01018.png
train,1134,images\train_01134.png,depths_png16mm\train_01134.png,labels_png\train_01134.png
train,953,images\train_00953.png,depths_png16mm\train_00953.png,labels_png\train_00953.png
train,670,images\train_00670.png,depths_png16mm\train_00670.png,labels_png\train_00670.png
train,1350,images\train_01350.png,depths_png16mm\train_01350.png,labels_png\train_01350.png
train,917,images\train_00917.png,depths_png16mm\train_00917.png,labels_png\train_00917.png
train,106,images\train_00106.png,depths_png16mm\train_00106.png,labels_png\train_00106.png
train,727,images\train_00727.png,depths_png16mm\train_00727.png,labels_png\train_00727.png
train,644,images\train_00644.png,depths_png16mm\train_00644.png,labels_png\train_00644.png
train,505,images\train_00505.png,depths_png16mm\train_00505.png,labels_png\train_00505.png
train,1388,images\train_01388.png,depths_png16mm\train_01388.png,labels_png\train_01388.png
train,50,images\train_00050.png,depths_png16mm\train_00050.png,labels_png\train_00050.png
train,992,images\train_00992.png,depths_png16mm\train_00992.png,labels_png\train_00992.png
train,21,images\train_00021.png,depths_png16mm\train_00021.png,labels_png\train_00021.png
train,669,images\train_00669.png,depths_png16mm\train_00669.png,labels_png\train_00669.png
train,728,images\train_00728.png,depths_png16mm\train_00728.png,labels_png\train_00728.png
train,522,images\train_00522.png,depths_png16mm\train_00522.png,labels_png\train_00522.png
train,760,images\train_00760.png,depths_png16mm\train_00760.png,labels_png\train_00760.png
train,1414,images\train_01414.png,depths_png16mm\train_01414.png,labels_png\train_01414.png
train,745,images\train_00745.png,depths_png16mm\train_00745.png,labels_png\train_00745.png
train,46,images\train_00046.png,depths_png16mm\train_00046.png,labels_png\train_00046.png
train,1191,images\train_01191.png,depths_png16mm\train_01191.png,labels_png\train_01191.png
train,623,images\train_00623.png,depths_png16mm\train_00623.png,labels_png\train_00623.png
train,451,images\train_00451.png,depths_png16mm\train_00451.png,labels_png\train_00451.png
train,325,images\train_00325.png,depths_png16mm\train_00325.png,labels_png\train_00325.png
train,609,images\train_00609.png,depths_png16mm\train_00609.png,labels_png\train_00609.png
train,262,images\train_00262.png,depths_png16mm\train_00262.png,labels_png\train_00262.png
train,125,images\train_00125.png,depths_png16mm\train_00125.png,labels_png\train_00125.png
train,1332,images\train_01332.png,depths_png16mm\train_01332.png,labels_png\train_01332.png
train,48,images\train_00048.png,depths_png16mm\train_00048.png,labels_png\train_00048.png
train,248,images\train_00248.png,depths_png16mm\train_00248.png,labels_png\train_00248.png
train,398,images\train_00398.png,depths_png16mm\train_00398.png,labels_png\train_00398.png
train,580,images\train_00580.png,depths_png16mm\train_00580.png,labels_png\train_00580.png
train,864,images\train_00864.png,depths_png16mm\train_00864.png,labels_png\train_00864.png
train,133,images\train_00133.png,depths_png16mm\train_00133.png,labels_png\train_00133.png
train,277,images\train_00277.png,depths_png16mm\train_00277.png,labels_png\train_00277.png
train,145,images\train_00145.png,depths_png16mm\train_00145.png,labels_png\train_00145.png
train,86,images\train_00086.png,depths_png16mm\train_00086.png,labels_png\train_00086.png
train,978,images\train_00978.png,depths_png16mm\train_00978.png,labels_png\train_00978.png
train,1011,images\train_01011.png,depths_png16mm\train_01011.png,labels_png\train_01011.png
train,665,images\train_00665.png,depths_png16mm\train_00665.png,labels_png\train_00665.png
train,1378,images\train_01378.png,depths_png16mm\train_01378.png,labels_png\train_01378.png
train,376,images\train_00376.png,depths_png16mm\train_00376.png,labels_png\train_00376.png
train,712,images\train_00712.png,depths_png16mm\train_00712.png,labels_png\train_00712.png
train,1265,images\train_01265.png,depths_png16mm\train_01265.png,labels_png\train_01265.png
train,186,images\train_00186.png,depths_png16mm\train_00186.png,labels_png\train_00186.png
train,1246,images\train_01246.png,depths_png16mm\train_01246.png,labels_png\train_01246.png
train,841,images\train_00841.png,depths_png16mm\train_00841.png,labels_png\train_00841.png
train,1185,images\train_01185.png,depths_png16mm\train_01185.png,labels_png\train_01185.png
train,1236,images\train_01236.png,depths_png16mm\train_01236.png,labels_png\train_01236.png
train,1448,images\train_01448.png,depths_png16mm\train_01448.png,labels_png\train_01448.png
train,607,images\train_00607.png,depths_png16mm\train_00607.png,labels_png\train_00607.png
train,37,images\train_00037.png,depths_png16mm\train_00037.png,labels_png\train_00037.png
train,1162,images\train_01162.png,depths_png16mm\train_01162.png,labels_png\train_01162.png
train,664,images\train_00664.png,depths_png16mm\train_00664.png,labels_png\train_00664.png
train,1161,images\train_01161.png,depths_png16mm\train_01161.png,labels_png\train_01161.png
train,779,images\train_00779.png,depths_png16mm\train_00779.png,labels_png\train_00779.png
train,757,images\train_00757.png,depths_png16mm\train_00757.png,labels_png\train_00757.png
val,1048,images\val_01048.png,depths_png16mm\val_01048.png,labels_png\val_01048.png
val,213,images\val_00213.png,depths_png16mm\val_00213.png,labels_png\val_00213.png
val,668,images\val_00668.png,depths_png16mm\val_00668.png,labels_png\val_00668.png
val,378,images\val_00378.png,depths_png16mm\val_00378.png,labels_png\val_00378.png
val,95,images\val_00095.png,depths_png16mm\val_00095.png,labels_png\val_00095.png
val,1432,images\val_01432.png,depths_png16mm\val_01432.png,labels_png\val_01432.png
val,901,images\val_00901.png,depths_png16mm\val_00901.png,labels_png\val_00901.png
val,1356,images\val_01356.png,depths_png16mm\val_01356.png,labels_png\val_01356.png
val,481,images\val_00481.png,depths_png16mm\val_00481.png,labels_png\val_00481.png
val,880,images\val_00880.png,depths_png16mm\val_00880.png,labels_png\val_00880.png
val,68,images\val_00068.png,depths_png16mm\val_00068.png,labels_png\val_00068.png
val,49,images\val_00049.png,depths_png16mm\val_00049.png,labels_png\val_00049.png
val,423,images\val_00423.png,depths_png16mm\val_00423.png,labels_png\val_00423.png
val,694,images\val_00694.png,depths_png16mm\val_00694.png,labels_png\val_00694.png
val,170,images\val_00170.png,depths_png16mm\val_00170.png,labels_png\val_00170.png
val,364,images\val_00364.png,depths_png16mm\val_00364.png,labels_png\val_00364.png
val,385,images\val_00385.png,depths_png16mm\val_00385.png,labels_png\val_00385.png
val,1007,images\val_01007.png,depths_png16mm\val_01007.png,labels_png\val_01007.png
val,1286,images\val_01286.png,depths_png16mm\val_01286.png,labels_png\val_01286.png
val,1001,images\val_01001.png,depths_png16mm\val_01001.png,labels_png\val_01001.png
val,332,images\val_00332.png,depths_png16mm\val_00332.png,labels_png\val_00332.png
val,798,images\val_00798.png,depths_png16mm\val_00798.png,labels_png\val_00798.png
val,258,images\val_00258.png,depths_png16mm\val_00258.png,labels_png\val_00258.png
val,237,images\val_00237.png,depths_png16mm\val_00237.png,labels_png\val_00237.png
val,1385,images\val_01385.png,depths_png16mm\val_01385.png,labels_png\val_01385.png
val,294,images\val_00294.png,depths_png16mm\val_00294.png,labels_png\val_00294.png
val,646,images\val_00646.png,depths_png16mm\val_00646.png,labels_png\val_00646.png
val,1338,images\val_01338.png,depths_png16mm\val_01338.png,labels_png\val_01338.png
val,707,images\val_00707.png,depths_png16mm\val_00707.png,labels_png\val_00707.png
val,1099,images\val_01099.png,depths_png16mm\val_01099.png,labels_png\val_01099.png
val,474,images\val_00474.png,depths_png16mm\val_00474.png,labels_png\val_00474.png
val,545,images\val_00545.png,depths_png16mm\val_00545.png,labels_png\val_00545.png
val,925,images\val_00925.png,depths_png16mm\val_00925.png,labels_png\val_00925.png
val,804,images\val_00804.png,depths_png16mm\val_00804.png,labels_png\val_00804.png
val,1035,images\val_01035.png,depths_png16mm\val_01035.png,labels_png\val_01035.png
val,1051,images\val_01051.png,depths_png16mm\val_01051.png,labels_png\val_01051.png
val,734,images\val_00734.png,depths_png16mm\val_00734.png,labels_png\val_00734.png
val,628,images\val_00628.png,depths_png16mm\val_00628.png,labels_png\val_00628.png
val,296,images\val_00296.png,depths_png16mm\val_00296.png,labels_png\val_00296.png
val,67,images\val_00067.png,depths_png16mm\val_00067.png,labels_png\val_00067.png
val,312,images\val_00312.png,depths_png16mm\val_00312.png,labels_png\val_00312.png
val,476,images\val_00476.png,depths_png16mm\val_00476.png,labels_png\val_00476.png
val,480,images\val_00480.png,depths_png16mm\val_00480.png,labels_png\val_00480.png
val,1226,images\val_01226.png,depths_png16mm\val_01226.png,labels_png\val_01226.png
val,255,images\val_00255.png,depths_png16mm\val_00255.png,labels_png\val_00255.png
val,100,images\val_00100.png,depths_png16mm\val_00100.png,labels_png\val_00100.png
val,1346,images\val_01346.png,depths_png16mm\val_01346.png,labels_png\val_01346.png
val,1045,images\val_01045.png,depths_png16mm\val_01045.png,labels_png\val_01045.png
val,1281,images\val_01281.png,depths_png16mm\val_01281.png,labels_png\val_01281.png
val,1327,images\val_01327.png,depths_png16mm\val_01327.png,labels_png\val_01327.png
val,228,images\val_00228.png,depths_png16mm\val_00228.png,labels_png\val_00228.png
val,851,images\val_00851.png,depths_png16mm\val_00851.png,labels_png\val_00851.png
val,593,images\val_00593.png,depths_png16mm\val_00593.png,labels_png\val_00593.png
val,166,images\val_00166.png,depths_png16mm\val_00166.png,labels_png\val_00166.png
val,650,images\val_00650.png,depths_png16mm\val_00650.png,labels_png\val_00650.png
val,185,images\val_00185.png,depths_png16mm\val_00185.png,labels_png\val_00185.png
val,982,images\val_00982.png,depths_png16mm\val_00982.png,labels_png\val_00982.png
val,911,images\val_00911.png,depths_png16mm\val_00911.png,labels_png\val_00911.png
val,1255,images\val_01255.png,depths_png16mm\val_01255.png,labels_png\val_01255.png
val,698,images\val_00698.png,depths_png16mm\val_00698.png,labels_png\val_00698.png
val,914,images\val_00914.png,depths_png16mm\val_00914.png,labels_png\val_00914.png
val,282,images\val_00282.png,depths_png16mm\val_00282.png,labels_png\val_00282.png
val,1304,images\val_01304.png,depths_png16mm\val_01304.png,labels_png\val_01304.png
val,1274,images\val_01274.png,depths_png16mm\val_01274.png,labels_png\val_01274.png
val,1397,images\val_01397.png,depths_png16mm\val_01397.png,labels_png\val_01397.png
val,171,images\val_00171.png,depths_png16mm\val_00171.png,labels_png\val_00171.png
val,1069,images\val_01069.png,depths_png16mm\val_01069.png,labels_png\val_01069.png
val,867,images\val_00867.png,depths_png16mm\val_00867.png,labels_png\val_00867.png
val,1259,images\val_01259.png,depths_png16mm\val_01259.png,labels_png\val_01259.png
val,980,images\val_00980.png,depths_png16mm\val_00980.png,labels_png\val_00980.png
val,80,images\val_00080.png,depths_png16mm\val_00080.png,labels_png\val_00080.png
val,379,images\val_00379.png,depths_png16mm\val_00379.png,labels_png\val_00379.png
val,877,images\val_00877.png,depths_png16mm\val_00877.png,labels_png\val_00877.png
val,1399,images\val_01399.png,depths_png16mm\val_01399.png,labels_png\val_01399.png
val,293,images\val_00293.png,depths_png16mm\val_00293.png,labels_png\val_00293.png
val,219,images\val_00219.png,depths_png16mm\val_00219.png,labels_png\val_00219.png
val,504,images\val_00504.png,depths_png16mm\val_00504.png,labels_png\val_00504.png
val,682,images\val_00682.png,depths_png16mm\val_00682.png,labels_png\val_00682.png
val,289,images\val_00289.png,depths_png16mm\val_00289.png,labels_png\val_00289.png
val,223,images\val_00223.png,depths_png16mm\val_00223.png,labels_png\val_00223.png
val,444,images\val_00444.png,depths_png16mm\val_00444.png,labels_png\val_00444.png
val,1190,images\val_01190.png,depths_png16mm\val_01190.png,labels_png\val_01190.png
val,281,images\val_00281.png,depths_png16mm\val_00281.png,labels_png\val_00281.png
val,1150,images\val_01150.png,depths_png16mm\val_01150.png,labels_png\val_01150.png
val,637,images\val_00637.png,depths_png16mm\val_00637.png,labels_png\val_00637.png
val,1121,images\val_01121.png,depths_png16mm\val_01121.png,labels_png\val_01121.png
val,1331,images\val_01331.png,depths_png16mm\val_01331.png,labels_png\val_01331.png
val,59,images\val_00059.png,depths_png16mm\val_00059.png,labels_png\val_00059.png
val,1073,images\val_01073.png,depths_png16mm\val_01073.png,labels_png\val_01073.png
val,816,images\val_00816.png,depths_png16mm\val_00816.png,labels_png\val_00816.png
val,776,images\val_00776.png,depths_png16mm\val_00776.png,labels_png\val_00776.png
val,1391,images\val_01391.png,depths_png16mm\val_01391.png,labels_png\val_01391.png
val,878,images\val_00878.png,depths_png16mm\val_00878.png,labels_png\val_00878.png
val,415,images\val_00415.png,depths_png16mm\val_00415.png,labels_png\val_00415.png
val,381,images\val_00381.png,depths_png16mm\val_00381.png,labels_png\val_00381.png
val,1240,images\val_01240.png,depths_png16mm\val_01240.png,labels_png\val_01240.png
val,622,images\val_00622.png,depths_png16mm\val_00622.png,labels_png\val_00622.png
val,653,images\val_00653.png,depths_png16mm\val_00653.png,labels_png\val_00653.png
val,732,images\val_00732.png,depths_png16mm\val_00732.png,labels_png\val_00732.png
val,1030,images\val_01030.png,depths_png16mm\val_01030.png,labels_png\val_01030.png
val,314,images\val_00314.png,depths_png16mm\val_00314.png,labels_png\val_00314.png
val,1126,images\val_01126.png,depths_png16mm\val_01126.png,labels_png\val_01126.png
val,832,images\val_00832.png,depths_png16mm\val_00832.png,labels_png\val_00832.png
val,860,images\val_00860.png,depths_png16mm\val_00860.png,labels_png\val_00860.png
val,226,images\val_00226.png,depths_png16mm\val_00226.png,labels_png\val_00226.png
val,1293,images\val_01293.png,depths_png16mm\val_01293.png,labels_png\val_01293.png
val,1316,images\val_01316.png,depths_png16mm\val_01316.png,labels_png\val_01316.png
val,589,images\val_00589.png,depths_png16mm\val_00589.png,labels_png\val_00589.png
val,1016,images\val_01016.png,depths_png16mm\val_01016.png,labels_png\val_01016.png
val,1225,images\val_01225.png,depths_png16mm\val_01225.png,labels_png\val_01225.png
val,1361,images\val_01361.png,depths_png16mm\val_01361.png,labels_png\val_01361.png
val,1447,images\val_01447.png,depths_png16mm\val_01447.png,labels_png\val_01447.png
val,681,images\val_00681.png,depths_png16mm\val_00681.png,labels_png\val_00681.png
val,392,images\val_00392.png,depths_png16mm\val_00392.png,labels_png\val_00392.png
val,1049,images\val_01049.png,depths_png16mm\val_01049.png,labels_png\val_01049.png
val,1442,images\val_01442.png,depths_png16mm\val_01442.png,labels_png\val_01442.png
val,525,images\val_00525.png,depths_png16mm\val_00525.png,labels_png\val_00525.png
val,1359,images\val_01359.png,depths_png16mm\val_01359.png,labels_png\val_01359.png
val,621,images\val_00621.png,depths_png16mm\val_00621.png,labels_png\val_00621.png
val,242,images\val_00242.png,depths_png16mm\val_00242.png,labels_png\val_00242.png
val,839,images\val_00839.png,depths_png16mm\val_00839.png,labels_png\val_00839.png
val,81,images\val_00081.png,depths_png16mm\val_00081.png,labels_png\val_00081.png
val,570,images\val_00570.png,depths_png16mm\val_00570.png,labels_png\val_00570.png
val,717,images\val_00717.png,depths_png16mm\val_00717.png,labels_png\val_00717.png
val,1210,images\val_01210.png,depths_png16mm\val_01210.png,labels_png\val_01210.png
val,928,images\val_00928.png,depths_png16mm\val_00928.png,labels_png\val_00928.png
val,797,images\val_00797.png,depths_png16mm\val_00797.png,labels_png\val_00797.png
val,464,images\val_00464.png,depths_png16mm\val_00464.png,labels_png\val_00464.png
val,1342,images\val_01342.png,depths_png16mm\val_01342.png,labels_png\val_01342.png
val,1311,images\val_01311.png,depths_png16mm\val_01311.png,labels_png\val_01311.png
val,424,images\val_00424.png,depths_png16mm\val_00424.png,labels_png\val_00424.png
val,683,images\val_00683.png,depths_png16mm\val_00683.png,labels_png\val_00683.png
val,1038,images\val_01038.png,depths_png16mm\val_01038.png,labels_png\val_01038.png
val,1326,images\val_01326.png,depths_png16mm\val_01326.png,labels_png\val_01326.png
val,716,images\val_00716.png,depths_png16mm\val_00716.png,labels_png\val_00716.png
val,1147,images\val_01147.png,depths_png16mm\val_01147.png,labels_png\val_01147.png
val,1042,images\val_01042.png,depths_png16mm\val_01042.png,labels_png\val_01042.png
val,416,images\val_00416.png,depths_png16mm\val_00416.png,labels_png\val_00416.png
val,590,images\val_00590.png,depths_png16mm\val_00590.png,labels_png\val_00590.png
val,368,images\val_00368.png,depths_png16mm\val_00368.png,labels_png\val_00368.png
val,645,images\val_00645.png,depths_png16mm\val_00645.png,labels_png\val_00645.png
val,808,images\val_00808.png,depths_png16mm\val_00808.png,labels_png\val_00808.png
val,1141,images\val_01141.png,depths_png16mm\val_01141.png,labels_png\val_01141.png
val,375,images\val_00375.png,depths_png16mm\val_00375.png,labels_png\val_00375.png
test,20,images\test_00020.png,depths_png16mm\test_00020.png,labels_png\test_00020.png
test,372,images\test_00372.png,depths_png16mm\test_00372.png,labels_png\test_00372.png
test,838,images\test_00838.png,depths_png16mm\test_00838.png,labels_png\test_00838.png
test,1248,images\test_01248.png,depths_png16mm\test_01248.png,labels_png\test_01248.png
test,174,images\test_00174.png,depths_png16mm\test_00174.png,labels_png\test_00174.png
test,498,images\test_00498.png,depths_png16mm\test_00498.png,labels_png\test_00498.png
test,620,images\test_00620.png,depths_png16mm\test_00620.png,labels_png\test_00620.png
test,1136,images\test_01136.png,depths_png16mm\test_01136.png,labels_png\test_01136.png
test,675,images\test_00675.png,depths_png16mm\test_00675.png,labels_png\test_00675.png
test,674,images\test_00674.png,depths_png16mm\test_00674.png,labels_png\test_00674.png
test,1436,images\test_01436.png,depths_png16mm\test_01436.png,labels_png\test_01436.png
test,1137,images\test_01137.png,depths_png16mm\test_01137.png,labels_png\test_01137.png
test,990,images\test_00990.png,depths_png16mm\test_00990.png,labels_png\test_00990.png
test,731,images\test_00731.png,depths_png16mm\test_00731.png,labels_png\test_00731.png
test,25,images\test_00025.png,depths_png16mm\test_00025.png,labels_png\test_00025.png
test,641,images\test_00641.png,depths_png16mm\test_00641.png,labels_png\test_00641.png
test,507,images\test_00507.png,depths_png16mm\test_00507.png,labels_png\test_00507.png
test,214,images\test_00214.png,depths_png16mm\test_00214.png,labels_png\test_00214.png
test,1154,images\test_01154.png,depths_png16mm\test_01154.png,labels_png\test_01154.png
test,1411,images\test_01411.png,depths_png16mm\test_01411.png,labels_png\test_01411.png
test,923,images\test_00923.png,depths_png16mm\test_00923.png,labels_png\test_00923.png
test,1376,images\test_01376.png,depths_png16mm\test_01376.png,labels_png\test_01376.png
test,355,images\test_00355.png,depths_png16mm\test_00355.png,labels_png\test_00355.png
test,274,images\test_00274.png,depths_png16mm\test_00274.png,labels_png\test_00274.png
test,926,images\test_00926.png,depths_png16mm\test_00926.png,labels_png\test_00926.png
test,718,images\test_00718.png,depths_png16mm\test_00718.png,labels_png\test_00718.png
test,390,images\test_00390.png,depths_png16mm\test_00390.png,labels_png\test_00390.png
test,1029,images\test_01029.png,depths_png16mm\test_01029.png,labels_png\test_01029.png
test,520,images\test_00520.png,depths_png16mm\test_00520.png,labels_png\test_00520.png
test,1368,images\test_01368.png,depths_png16mm\test_01368.png,labels_png\test_01368.png
test,737,images\test_00737.png,depths_png16mm\test_00737.png,labels_png\test_00737.png
test,702,images\test_00702.png,depths_png16mm\test_00702.png,labels_png\test_00702.png
test,457,images\test_00457.png,depths_png16mm\test_00457.png,labels_png\test_00457.png
test,78,images\test_00078.png,depths_png16mm\test_00078.png,labels_png\test_00078.png
test,550,images\test_00550.png,depths_png16mm\test_00550.png,labels_png\test_00550.png
test,1383,images\test_01383.png,depths_png16mm\test_01383.png,labels_png\test_01383.png
test,1305,images\test_01305.png,depths_png16mm\test_01305.png,labels_png\test_01305.png
test,617,images\test_00617.png,depths_png16mm\test_00617.png,labels_png\test_00617.png
test,585,images\test_00585.png,depths_png16mm\test_00585.png,labels_png\test_00585.png
test,303,images\test_00303.png,depths_png16mm\test_00303.png,labels_png\test_00303.png
test,752,images\test_00752.png,depths_png16mm\test_00752.png,labels_png\test_00752.png
test,627,images\test_00627.png,depths_png16mm\test_00627.png,labels_png\test_00627.png
test,715,images\test_00715.png,depths_png16mm\test_00715.png,labels_png\test_00715.png
test,1298,images\test_01298.png,depths_png16mm\test_01298.png,labels_png\test_01298.png
test,991,images\test_00991.png,depths_png16mm\test_00991.png,labels_png\test_00991.png
test,1041,images\test_01041.png,depths_png16mm\test_01041.png,labels_png\test_01041.png
test,13,images\test_00013.png,depths_png16mm\test_00013.png,labels_png\test_00013.png
test,1441,images\test_01441.png,depths_png16mm\test_01441.png,labels_png\test_01441.png
test,426,images\test_00426.png,depths_png16mm\test_00426.png,labels_png\test_00426.png
test,846,images\test_00846.png,depths_png16mm\test_00846.png,labels_png\test_00846.png
test,1364,images\test_01364.png,depths_png16mm\test_01364.png,labels_png\test_01364.png
test,916,images\test_00916.png,depths_png16mm\test_00916.png,labels_png\test_00916.png
test,173,images\test_00173.png,depths_png16mm\test_00173.png,labels_png\test_00173.png
test,152,images\test_00152.png,depths_png16mm\test_00152.png,labels_png\test_00152.png
test,721,images\test_00721.png,depths_png16mm\test_00721.png,labels_png\test_00721.png
test,208,images\test_00208.png,depths_png16mm\test_00208.png,labels_png\test_00208.png
test,316,images\test_00316.png,depths_png16mm\test_00316.png,labels_png\test_00316.png
test,680,images\test_00680.png,depths_png16mm\test_00680.png,labels_png\test_00680.png
test,82,images\test_00082.png,depths_png16mm\test_00082.png,labels_png\test_00082.png
test,1413,images\test_01413.png,depths_png16mm\test_01413.png,labels_png\test_01413.png
test,547,images\test_00547.png,depths_png16mm\test_00547.png,labels_png\test_00547.png
test,751,images\test_00751.png,depths_png16mm\test_00751.png,labels_png\test_00751.png
test,1335,images\test_01335.png,depths_png16mm\test_01335.png,labels_png\test_01335.png
test,985,images\test_00985.png,depths_png16mm\test_00985.png,labels_png\test_00985.png
test,243,images\test_00243.png,depths_png16mm\test_00243.png,labels_png\test_00243.png
test,83,images\test_00083.png,depths_png16mm\test_00083.png,labels_png\test_00083.png
test,552,images\test_00552.png,depths_png16mm\test_00552.png,labels_png\test_00552.png
test,317,images\test_00317.png,depths_png16mm\test_00317.png,labels_png\test_00317.png
test,369,images\test_00369.png,depths_png16mm\test_00369.png,labels_png\test_00369.png
test,346,images\test_00346.png,depths_png16mm\test_00346.png,labels_png\test_00346.png
test,135,images\test_00135.png,depths_png16mm\test_00135.png,labels_png\test_00135.png
test,1270,images\test_01270.png,depths_png16mm\test_01270.png,labels_png\test_01270.png
test,187,images\test_00187.png,depths_png16mm\test_00187.png,labels_png\test_00187.png
test,817,images\test_00817.png,depths_png16mm\test_00817.png,labels_png\test_00817.png
test,162,images\test_00162.png,depths_png16mm\test_00162.png,labels_png\test_00162.png
test,502,images\test_00502.png,depths_png16mm\test_00502.png,labels_png\test_00502.png
test,526,images\test_00526.png,depths_png16mm\test_00526.png,labels_png\test_00526.png
test,553,images\test_00553.png,depths_png16mm\test_00553.png,labels_png\test_00553.png
test,263,images\test_00263.png,depths_png16mm\test_00263.png,labels_png\test_00263.png
test,270,images\test_00270.png,depths_png16mm\test_00270.png,labels_png\test_00270.png
test,527,images\test_00527.png,depths_png16mm\test_00527.png,labels_png\test_00527.png
test,1258,images\test_01258.png,depths_png16mm\test_01258.png,labels_png\test_01258.png
test,777,images\test_00777.png,depths_png16mm\test_00777.png,labels_png\test_00777.png
test,456,images\test_00456.png,depths_png16mm\test_00456.png,labels_png\test_00456.png
test,1066,images\test_01066.png,depths_png16mm\test_01066.png,labels_png\test_01066.png
test,783,images\test_00783.png,depths_png16mm\test_00783.png,labels_png\test_00783.png
test,789,images\test_00789.png,depths_png16mm\test_00789.png,labels_png\test_00789.png
test,26,images\test_00026.png,depths_png16mm\test_00026.png,labels_png\test_00026.png
test,1312,images\test_01312.png,depths_png16mm\test_01312.png,labels_png\test_01312.png
test,409,images\test_00409.png,depths_png16mm\test_00409.png,labels_png\test_00409.png
test,577,images\test_00577.png,depths_png16mm\test_00577.png,labels_png\test_00577.png
test,110,images\test_00110.png,depths_png16mm\test_00110.png,labels_png\test_00110.png
test,559,images\test_00559.png,depths_png16mm\test_00559.png,labels_png\test_00559.png
test,1054,images\test_01054.png,depths_png16mm\test_01054.png,labels_png\test_01054.png
test,690,images\test_00690.png,depths_png16mm\test_00690.png,labels_png\test_00690.png
test,51,images\test_00051.png,depths_png16mm\test_00051.png,labels_png\test_00051.png
test,652,images\test_00652.png,depths_png16mm\test_00652.png,labels_png\test_00652.png
test,66,images\test_00066.png,depths_png16mm\test_00066.png,labels_png\test_00066.png
test,930,images\test_00930.png,depths_png16mm\test_00930.png,labels_png\test_00930.png
test,506,images\test_00506.png,depths_png16mm\test_00506.png,labels_png\test_00506.png
test,10,images\test_00010.png,depths_png16mm\test_00010.png,labels_png\test_00010.png
test,1291,images\test_01291.png,depths_png16mm\test_01291.png,labels_png\test_01291.png
test,172,images\test_00172.png,depths_png16mm\test_00172.png,labels_png\test_00172.png
test,788,images\test_00788.png,depths_png16mm\test_00788.png,labels_png\test_00788.png
test,199,images\test_00199.png,depths_png16mm\test_00199.png,labels_png\test_00199.png
test,1315,images\test_01315.png,depths_png16mm\test_01315.png,labels_png\test_01315.png
test,304,images\test_00304.png,depths_png16mm\test_00304.png,labels_png\test_00304.png
test,770,images\test_00770.png,depths_png16mm\test_00770.png,labels_png\test_00770.png
test,774,images\test_00774.png,depths_png16mm\test_00774.png,labels_png\test_00774.png
test,15,images\test_00015.png,depths_png16mm\test_00015.png,labels_png\test_00015.png
test,371,images\test_00371.png,depths_png16mm\test_00371.png,labels_png\test_00371.png
test,428,images\test_00428.png,depths_png16mm\test_00428.png,labels_png\test_00428.png
test,1418,images\test_01418.png,depths_png16mm\test_01418.png,labels_png\test_01418.png
test,1217,images\test_01217.png,depths_png16mm\test_01217.png,labels_png\test_01217.png
test,1419,images\test_01419.png,depths_png16mm\test_01419.png,labels_png\test_01419.png
test,1138,images\test_01138.png,depths_png16mm\test_01138.png,labels_png\test_01138.png
test,611,images\test_00611.png,depths_png16mm\test_00611.png,labels_png\test_00611.png
test,291,images\test_00291.png,depths_png16mm\test_00291.png,labels_png\test_00291.png
test,1152,images\test_01152.png,depths_png16mm\test_01152.png,labels_png\test_01152.png
test,619,images\test_00619.png,depths_png16mm\test_00619.png,labels_png\test_00619.png
test,203,images\test_00203.png,depths_png16mm\test_00203.png,labels_png\test_00203.png
test,1377,images\test_01377.png,depths_png16mm\test_01377.png,labels_png\test_01377.png
test,828,images\test_00828.png,depths_png16mm\test_00828.png,labels_png\test_00828.png
test,136,images\test_00136.png,depths_png16mm\test_00136.png,labels_png\test_00136.png
test,349,images\test_00349.png,depths_png16mm\test_00349.png,labels_png\test_00349.png
test,460,images\test_00460.png,depths_png16mm\test_00460.png,labels_png\test_00460.png
test,36,images\test_00036.png,depths_png16mm\test_00036.png,labels_png\test_00036.png
test,906,images\test_00906.png,depths_png16mm\test_00906.png,labels_png\test_00906.png
test,974,images\test_00974.png,depths_png16mm\test_00974.png,labels_png\test_00974.png
test,1229,images\test_01229.png,depths_png16mm\test_01229.png,labels_png\test_01229.png
test,407,images\test_00407.png,depths_png16mm\test_00407.png,labels_png\test_00407.png
test,1381,images\test_01381.png,depths_png16mm\test_01381.png,labels_png\test_01381.png
test,1075,images\test_01075.png,depths_png16mm\test_01075.png,labels_png\test_01075.png
test,854,images\test_00854.png,depths_png16mm\test_00854.png,labels_png\test_00854.png
test,420,images\test_00420.png,depths_png16mm\test_00420.png,labels_png\test_00420.png
test,1254,images\test_01254.png,depths_png16mm\test_01254.png,labels_png\test_01254.png
test,458,images\test_00458.png,depths_png16mm\test_00458.png,labels_png\test_00458.png
test,44,images\test_00044.png,depths_png16mm\test_00044.png,labels_png\test_00044.png
test,35,images\test_00035.png,depths_png16mm\test_00035.png,labels_png\test_00035.png
test,1351,images\test_01351.png,depths_png16mm\test_01351.png,labels_png\test_01351.png
test,565,images\test_00565.png,depths_png16mm\test_00565.png,labels_png\test_00565.png
test,2,images\test_00002.png,depths_png16mm\test_00002.png,labels_png\test_00002.png
test,433,images\test_00433.png,depths_png16mm\test_00433.png,labels_png\test_00433.png
test,513,images\test_00513.png,depths_png16mm\test_00513.png,labels_png\test_00513.png
test,769,images\test_00769.png,depths_png16mm\test_00769.png,labels_png\test_00769.png
test,169,images\test_00169.png,depths_png16mm\test_00169.png,labels_png\test_00169.png
test,608,images\test_00608.png,depths_png16mm\test_00608.png,labels_png\test_00608.png
test,240,images\test_00240.png,depths_png16mm\test_00240.png,labels_png\test_00240.png
test,321,images\test_00321.png,depths_png16mm\test_00321.png,labels_png\test_00321.png
test,1144,images\test_01144.png,depths_png16mm\test_01144.png,labels_png\test_01144.png
test,807,images\test_00807.png,depths_png16mm\test_00807.png,labels_png\test_00807.png
test,1233,images\test_01233.png,depths_png16mm\test_01233.png,labels_png\test_01233.png
test,363,images\test_00363.png,depths_png16mm\test_00363.png,labels_png\test_00363.png
test,1387,images\test_01387.png,depths_png16mm\test_01387.png,labels_png\test_01387.png
test,1211,images\test_01211.png,depths_png16mm\test_01211.png,labels_png\test_01211.png
test,1074,images\test_01074.png,depths_png16mm\test_01074.png,labels_png\test_01074.png
test,792,images\test_00792.png,depths_png16mm\test_00792.png,labels_png\test_00792.png
test,1420,images\test_01420.png,depths_png16mm\test_01420.png,labels_png\test_01420.png
test,1188,images\test_01188.png,depths_png16mm\test_01188.png,labels_png\test_01188.png
test,887,images\test_00887.png,depths_png16mm\test_00887.png,labels_png\test_00887.png
test,1422,images\test_01422.png,depths_png16mm\test_01422.png,labels_png\test_01422.png
test,123,images\test_00123.png,depths_png16mm\test_00123.png,labels_png\test_00123.png
test,1000,images\test_01000.png,depths_png16mm\test_01000.png,labels_png\test_01000.png
test,1159,images\test_01159.png,depths_png16mm\test_01159.png,labels_png\test_01159.png
test,229,images\test_00229.png,depths_png16mm\test_00229.png,labels_png\test_00229.png
test,1261,images\test_01261.png,depths_png16mm\test_01261.png,labels_png\test_01261.png
test,661,images\test_00661.png,depths_png16mm\test_00661.png,labels_png\test_00661.png
test,235,images\test_00235.png,depths_png16mm\test_00235.png,labels_png\test_00235.png
test,1410,images\test_01410.png,depths_png16mm\test_01410.png,labels_png\test_01410.png
test,284,images\test_00284.png,depths_png16mm\test_00284.png,labels_png\test_00284.png
test,515,images\test_00515.png,depths_png16mm\test_00515.png,labels_png\test_00515.png
test,892,images\test_00892.png,depths_png16mm\test_00892.png,labels_png\test_00892.png
test,1354,images\test_01354.png,depths_png16mm\test_01354.png,labels_png\test_01354.png
test,469,images\test_00469.png,depths_png16mm\test_00469.png,labels_png\test_00469.png
test,1065,images\test_01065.png,depths_png16mm\test_01065.png,labels_png\test_01065.png
test,1103,images\test_01103.png,depths_png16mm\test_01103.png,labels_png\test_01103.png
test,823,images\test_00823.png,depths_png16mm\test_00823.png,labels_png\test_00823.png
test,427,images\test_00427.png,depths_png16mm\test_00427.png,labels_png\test_00427.png
test,1263,images\test_01263.png,depths_png16mm\test_01263.png,labels_png\test_01263.png
test,395,images\test_00395.png,depths_png16mm\test_00395.png,labels_png\test_00395.png
test,250,images\test_00250.png,depths_png16mm\test_00250.png,labels_png\test_00250.png
test,654,images\test_00654.png,depths_png16mm\test_00654.png,labels_png\test_00654.png
test,1444,images\test_01444.png,depths_png16mm\test_01444.png,labels_png\test_01444.png
test,1390,images\test_01390.png,depths_png16mm\test_01390.png,labels_png\test_01390.png
test,1047,images\test_01047.png,depths_png16mm\test_01047.png,labels_png\test_01047.png
test,194,images\test_00194.png,depths_png16mm\test_00194.png,labels_png\test_00194.png
test,632,images\test_00632.png,depths_png16mm\test_00632.png,labels_png\test_00632.png
test,313,images\test_00313.png,depths_png16mm\test_00313.png,labels_png\test_00313.png
test,218,images\test_00218.png,depths_png16mm\test_00218.png,labels_png\test_00218.png
test,556,images\test_00556.png,depths_png16mm\test_00556.png,labels_png\test_00556.png
test,84,images\test_00084.png,depths_png16mm\test_00084.png,labels_png\test_00084.png
test,137,images\test_00137.png,depths_png16mm\test_00137.png,labels_png\test_00137.png
test,815,images\test_00815.png,depths_png16mm\test_00815.png,labels_png\test_00815.png
test,418,images\test_00418.png,depths_png16mm\test_00418.png,labels_png\test_00418.png
test,503,images\test_00503.png,depths_png16mm\test_00503.png,labels_png\test_00503.png
test,735,images\test_00735.png,depths_png16mm\test_00735.png,labels_png\test_00735.png
test,626,images\test_00626.png,depths_png16mm\test_00626.png,labels_png\test_00626.png
test,55,images\test_00055.png,depths_png16mm\test_00055.png,labels_png\test_00055.png
test,667,images\test_00667.png,depths_png16mm\test_00667.png,labels_png\test_00667.png
test,821,images\test_00821.png,depths_png16mm\test_00821.png,labels_png\test_00821.png
test,594,images\test_00594.png,depths_png16mm\test_00594.png,labels_png\test_00594.png
test,986,images\test_00986.png,depths_png16mm\test_00986.png,labels_png\test_00986.png
test,1296,images\test_01296.png,depths_png16mm\test_01296.png,labels_png\test_01296.png
test,975,images\test_00975.png,depths_png16mm\test_00975.png,labels_png\test_00975.png
test,1202,images\test_01202.png,depths_png16mm\test_01202.png,labels_png\test_01202.png
test,158,images\test_00158.png,depths_png16mm\test_00158.png,labels_png\test_00158.png
test,1028,images\test_01028.png,depths_png16mm\test_01028.png,labels_png\test_01028.png
test,858,images\test_00858.png,depths_png16mm\test_00858.png,labels_png\test_00858.png
test,345,images\test_00345.png,depths_png16mm\test_00345.png,labels_png\test_00345.png
test,356,images\test_00356.png,depths_png16mm\test_00356.png,labels_png\test_00356.png
test,519,images\test_00519.png,depths_png16mm\test_00519.png,labels_png\test_00519.png
test,1400,images\test_01400.png,depths_png16mm\test_01400.png,labels_png\test_01400.png
test,38,images\test_00038.png,depths_png16mm\test_00038.png,labels_png\test_00038.png
test,554,images\test_00554.png,depths_png16mm\test_00554.png,labels_png\test_00554.png
test,719,images\test_00719.png,depths_png16mm\test_00719.png,labels_png\test_00719.png
test,1131,images\test_01131.png,depths_png16mm\test_01131.png,labels_png\test_01131.png
test,849,images\test_00849.png,depths_png16mm\test_00849.png,labels_png\test_00849.png
test,1163,images\test_01163.png,depths_png16mm\test_01163.png,labels_png\test_01163.png
test,1079,images\test_01079.png,depths_png16mm\test_01079.png,labels_png\test_01079.png
test,1401,images\test_01401.png,depths_png16mm\test_01401.png,labels_png\test_01401.png
test,663,images\test_00663.png,depths_png16mm\test_00663.png,labels_png\test_00663.png
test,1230,images\test_01230.png,depths_png16mm\test_01230.png,labels_png\test_01230.png
test,1196,images\test_01196.png,depths_png16mm\test_01196.png,labels_png\test_01196.png
test,233,images\test_00233.png,depths_png16mm\test_00233.png,labels_png\test_00233.png
test,1239,images\test_01239.png,depths_png16mm\test_01239.png,labels_png\test_01239.png
test,1396,images\test_01396.png,depths_png16mm\test_01396.png,labels_png\test_01396.png
test,983,images\test_00983.png,depths_png16mm\test_00983.png,labels_png\test_00983.png
test,1435,images\test_01435.png,depths_png16mm\test_01435.png,labels_png\test_01435.png
test,1187,images\test_01187.png,depths_png16mm\test_01187.png,labels_png\test_01187.png
test,884,images\test_00884.png,depths_png16mm\test_00884.png,labels_png\test_00884.png
test,124,images\test_00124.png,depths_png16mm\test_00124.png,labels_png\test_00124.png
test,673,images\test_00673.png,depths_png16mm\test_00673.png,labels_png\test_00673.png
test,116,images\test_00116.png,depths_png16mm\test_00116.png,labels_png\test_00116.png
test,942,images\test_00942.png,depths_png16mm\test_00942.png,labels_png\test_00942.png
test,1116,images\test_01116.png,depths_png16mm\test_01116.png,labels_png\test_01116.png
test,1318,images\test_01318.png,depths_png16mm\test_01318.png,labels_png\test_01318.png
test,932,images\test_00932.png,depths_png16mm\test_00932.png,labels_png\test_00932.png
test,574,images\test_00574.png,depths_png16mm\test_00574.png,labels_png\test_00574.png
test,855,images\test_00855.png,depths_png16mm\test_00855.png,labels_png\test_00855.png
test,102,images\test_00102.png,depths_png16mm\test_00102.png,labels_png\test_00102.png
test,1146,images\test_01146.png,depths_png16mm\test_01146.png,labels_png\test_01146.png
test,72,images\test_00072.png,depths_png16mm\test_00072.png,labels_png\test_00072.png
test,555,images\test_00555.png,depths_png16mm\test_00555.png,labels_png\test_00555.png
test,459,images\test_00459.png,depths_png16mm\test_00459.png,labels_png\test_00459.png
test,1227,images\test_01227.png,depths_png16mm\test_01227.png,labels_png\test_01227.png
test,811,images\test_00811.png,depths_png16mm\test_00811.png,labels_png\test_00811.png
test,1277,images\test_01277.png,depths_png16mm\test_01277.png,labels_png\test_01277.png
test,810,images\test_00810.png,depths_png16mm\test_00810.png,labels_png\test_00810.png
test,1019,images\test_01019.png,depths_png16mm\test_01019.png,labels_png\test_01019.png
test,1369,images\test_01369.png,depths_png16mm\test_01369.png,labels_png\test_01369.png
test,713,images\test_00713.png,depths_png16mm\test_00713.png,labels_png\test_00713.png
test,292,images\test_00292.png,depths_png16mm\test_00292.png,labels_png\test_00292.png
test,1129,images\test_01129.png,depths_png16mm\test_01129.png,labels_png\test_01129.png
test,1262,images\test_01262.png,depths_png16mm\test_01262.png,labels_png\test_01262.png
test,905,images\test_00905.png,depths_png16mm\test_00905.png,labels_png\test_00905.png
test,493,images\test_00493.png,depths_png16mm\test_00493.png,labels_png\test_00493.png
test,156,images\test_00156.png,depths_png16mm\test_00156.png,labels_png\test_00156.png
test,830,images\test_00830.png,depths_png16mm\test_00830.png,labels_png\test_00830.png
test,1223,images\test_01223.png,depths_png16mm\test_01223.png,labels_png\test_01223.png
test,598,images\test_00598.png,depths_png16mm\test_00598.png,labels_png\test_00598.png
test,530,images\test_00530.png,depths_png16mm\test_00530.png,labels_png\test_00530.png
test,722,images\test_00722.png,depths_png16mm\test_00722.png,labels_png\test_00722.png
test,1301,images\test_01301.png,depths_png16mm\test_01301.png,labels_png\test_01301.png
test,1014,images\test_01014.png,depths_png16mm\test_01014.png,labels_png\test_01014.png
test,1357,images\test_01357.png,depths_png16mm\test_01357.png,labels_png\test_01357.png
test,337,images\test_00337.png,depths_png16mm\test_00337.png,labels_png\test_00337.png
test,977,images\test_00977.png,depths_png16mm\test_00977.png,labels_png\test_00977.png
test,232,images\test_00232.png,depths_png16mm\test_00232.png,labels_png\test_00232.png
test,299,images\test_00299.png,depths_png16mm\test_00299.png,labels_png\test_00299.png
test,1112,images\test_01112.png,depths_png16mm\test_01112.png,labels_png\test_01112.png
test,1195,images\test_01195.png,depths_png16mm\test_01195.png,labels_png\test_01195.png
test,448,images\test_00448.png,depths_png16mm\test_00448.png,labels_png\test_00448.png
test,919,images\test_00919.png,depths_png16mm\test_00919.png,labels_png\test_00919.png
test,144,images\test_00144.png,depths_png16mm\test_00144.png,labels_png\test_00144.png
test,845,images\test_00845.png,depths_png16mm\test_00845.png,labels_png\test_00845.png
test,747,images\test_00747.png,depths_png16mm\test_00747.png,labels_png\test_00747.png
test,1427,images\test_01427.png,depths_png16mm\test_01427.png,labels_png\test_01427.png
test,56,images\test_00056.png,depths_png16mm\test_00056.png,labels_png\test_00056.png
test,29,images\test_00029.png,depths_png16mm\test_00029.png,labels_png\test_00029.png
test,1003,images\test_01003.png,depths_png16mm\test_01003.png,labels_png\test_01003.png
test,341,images\test_00341.png,depths_png16mm\test_00341.png,labels_png\test_00341.png
test,800,images\test_00800.png,depths_png16mm\test_00800.png,labels_png\test_00800.png
test,744,images\test_00744.png,depths_png16mm\test_00744.png,labels_png\test_00744.png
test,1012,images\test_01012.png,depths_png16mm\test_01012.png,labels_png\test_01012.png
test,994,images\test_00994.png,depths_png16mm\test_00994.png,labels_png\test_00994.png
test,472,images\test_00472.png,depths_png16mm\test_00472.png,labels_png\test_00472.png
test,260,images\test_00260.png,depths_png16mm\test_00260.png,labels_png\test_00260.png
test,687,images\test_00687.png,depths_png16mm\test_00687.png,labels_png\test_00687.png
test,561,images\test_00561.png,depths_png16mm\test_00561.png,labels_png\test_00561.png
test,320,images\test_00320.png,depths_png16mm\test_00320.png,labels_png\test_00320.png
test,129,images\test_00129.png,depths_png16mm\test_00129.png,labels_png\test_00129.png
