split,index,rgb_path,depth_path,label_path
train,261,/content/drive/MyDrive/datosDescarga/images/train_00261.png,/content/drive/MyDrive/datosDescarga/depths_png16mm/train_00261.png,/content/drive/MyDrive/datosDescarga/labels_png/train_00261.png
train,335,/content/drive/MyDrive/datosDescarga/images/train_00335.png,/content/drive/MyDrive/datosDescarga/depths_png16mm/train_00335.png,/content/drive/MyDrive/datosDescarga/labels_png/train_00335.png
train,438,/content/drive/MyDrive/datosDescarga/images/train_00438.png,/content/drive/MyDrive/datosDescarga/depths_png16mm/train_00438.png,/content/drive/MyDrive/datosDescarga/labels_png/train_00438.png
train,60,/content/drive/MyDrive/datosDescarga/images/train_00060.png,/content/drive/MyDrive/datosDescarga/depths_png16mm/train_00060.png,/content/drive/MyDrive/datosDescarga/labels_png/train_00060.png
train,159,/content/drive/MyDrive/datosDescarga/images/train_00159.png,/content/drive/MyDrive/datosDescarga/depths_png16mm/train_00159.png,/content/drive/MyDrive/datosDescarga/labels_png/train_00159.png
train,862,/content/drive/MyDrive/datosDescarga/images/train_00862.png,/content/drive/MyDrive/datosDescarga/depths_png16mm/train_00862.png,/content/drive/MyDrive/datosDescarga/labels_png/train_00862.png
train,225,/content/drive/MyDrive/datosDescarga/images/train_00225.png,/content/drive/MyDrive/datosDescarga/depths_png16mm/train_00225.png,/content/drive/MyDrive/datosDescarga/labels_png/train_00225.png
train,28,/content/drive/MyDrive/datosDescarga/images/train_00028.png,/content/drive/MyDrive/datosDescarga/depths_png16mm/train_00028.png,/content/drive/MyDrive/datosDescarga/labels_png/train_00028.png
train,9,/content/drive/MyDrive/datosDescarga/images/train_00009.png,/content/drive/MyDrive/datosDescarga/depths_png16mm/train_00009.png,/content/drive/MyDrive/datosDescarga/labels_png/train_00009.png
train,1287,/content/drive/MyDrive/datosDescarga/images/train_01287.png,/content/drive/MyDrive/datosDescarga/depths_png16mm/train_01287.png,/content/drive/MyDrive/datosDescarga/labels_png/train_01287.png
train,705,/content/drive/MyDrive/datosDescarga/images/train_00705.png,/content/drive/MyDrive/datosDescarga/depths_png16mm/train_00705.png,/content/drive/MyDrive/datosDescarga/labels_png/train_00705.png
train,827,/content/drive/MyDrive/datosDescarga/images/train_00827.png,/content/drive/MyDrive/datosDescarga/depths_png16mm/train_00827.png,/content/drive/MyDrive/datosDescarga/labels_png/train_00827.png
train,706,/content/drive/MyDrive/datosDescarga/images/train_00706.png,/content/drive/MyDrive/datosDescarga/depths_png16mm/train_00706.png,/content/drive/MyDrive/datosDescarga/labels_png/train_00706.png
train,897,/content/drive/MyDrive/datosDescarga/images/train_00897.png,/content/drive/MyDrive/datosDescarga/depths_png16mm/train_00897.png,/content/drive/MyDrive/datosDescarga/labels_png/train_00897.png
train,576,/content/drive/MyDrive/datosDescarga/images/train_00576.png,/content/drive/MyDrive/datosDescarga/depths_png16mm/train_00576.png,/content/drive/MyDrive/datosDescarga/labels_png/train_00576.png
train,1057,/content/drive/MyDrive/datosDescarga/images/train_01057.png,/content/drive/MyDrive/datosDescarga/depths_png16mm/train_01057.png,/content/drive/MyDrive/datosDescarga/labels_png/train_01057.png
train,551,/content/drive/MyDrive/datosDescarga/images/train_00551.png,/content/drive/MyDrive/datosDescarga/depths_png16mm/train_00551.png,/content/drive/MyDrive/datosDescarga/labels_png/train_00551.png
train,773,/content/drive/MyDrive/datosDescarga/images/train_00773.png,/content/drive/MyDrive/datosDescarga/depths_png16mm/train_00773.png,/content/drive/MyDrive/datosDescarga/labels_png/train_00773.png
train,1084,/content/drive/MyDrive/datosDescarga/images/train_01084.png,/content/drive/MyDrive/datosDescarga/depths_png16mm/train_01084.png,/content/drive/MyDrive/datosDescarga/labels_png/train_01084.png
train,1122,/content/drive/MyDrive/datosDescarga/images/train_01122.png,/content/drive/MyDrive/datosDescarga/depths_png16mm/train_01122.png,/content/drive/MyDrive/datosDescarga/labels_png/train_01122.png
train,1245,/content/drive/MyDrive/datosDescarga/images/train_01245.png,/content/drive/MyDrive/datosDescarga/depths_png16mm/train_01245.png,/content/drive/MyDrive/datosDescarga/labels_png/train_01245.png
train,1339,/content/drive/MyDrive/datosDescarga/images/train_01339.png,/content/drive/MyDrive/datosDescarga/depths_png16mm/train_01339.png,/content/drive/MyDrive/datosDescarga/labels_png/train_01339.png
train,558,/content/drive/MyDrive/datosDescarga/images/train_00558.png,/content/drive/MyDrive/datosDescarga/depths_png16mm/train_00558.png,/content/drive/MyDrive/datosDescarga/labels_png/train_00558.png
train,1193,/content/drive/MyDrive/datosDescarga/images/train_01193.png,/content/drive/MyDrive/datosDescarga/depths_png16mm/train_01193.png,/content/drive/MyDrive/datosDescarga/labels_png/train_01193.png
train,500,/content/drive/MyDrive/datosDescarga/images/train_00500.png,/content/drive/MyDrive/datosDescarga/depths_png16mm/train_00500.png,/content/drive/MyDrive/datosDescarga/labels_png/train_00500.png
train,205,/content/drive/MyDrive/datosDescarga/images/train_00205.png,/content/drive/MyDrive/datosDescarga/depths_png16mm/train_00205.png,/content/drive/MyDrive/datosDescarga/labels_png/train_00205.png
train,354,/content/drive/MyDrive/datosDescarga/images/train_00354.png,/content/drive/MyDrive/datosDescarga/depths_png16mm/train_00354.png,/content/drive/MyDrive/datosDescarga/labels_png/train_00354.png
train,1062,/content/drive/MyDrive/datosDescarga/images/train_01062.png,/content/drive/MyDrive/datosDescarga/depths_png16mm/train_01062.png,/content/drive/MyDrive/datosDescarga/labels_png/train_01062.png
train,1082,/content/drive/MyDrive/datosDescarga/images/train_01082.png,/content/drive/MyDrive/datosDescarga/depths_png16mm/train_01082.png,/content/drive/MyDrive/datosDescarga/labels_png/train_01082.png
train,604,/content/drive/MyDrive/datosDescarga/images/train_00604.png,/content/drive/MyDrive/datosDescarga/depths_png16mm/train_00604.png,/content/drive/MyDrive/datosDescarga/labels_png/train_00604.png
train,188,/content/drive/MyDrive/datosDescarga/images/train_00188.png,/content/drive/MyDrive/datosDescarga/depths_png16mm/train_00188.png,/content/drive/MyDrive/datosDescarga/labels_png/train_00188.png
train,767,/content/drive/MyDrive/datosDescarga/images/train_00767.png,/content/drive/MyDrive/datosDescarga/depths_png16mm/train_00767.png,/content/drive/MyDrive/datosDescarga/labels_png/train_00767.png
train,1434,/content/drive/MyDrive/datosDescarga/images/train_01434.png,/content/drive/MyDrive/datosDescarga/depths_png16mm/train_01434.png,/content/drive/MyDrive/datosDescarga/labels_png/train_01434.png
train,310,/content/drive/MyDrive/datosDescarga/images/train_00310.png,/content/drive/MyDrive/datosDescarga/depths_png16mm/train_00310.png,/content/drive/MyDrive/datosDescarga/labels_png/train_00310.png
train,537,/content/drive/MyDrive/datosDescarga/images/train_00537.png,/content/drive/MyDrive/datosDescarga/depths_png16mm/train_00537.png,/content/drive/MyDrive/datosDescarga/labels_png/train_00537.png
train,367,/content/drive/MyDrive/datosDescarga/images/train_00367.png,/content/drive/MyDrive/datosDescarga/depths_png16mm/train_00367.png,/content/drive/MyDrive/datosDescarga/labels_png/train_00367.png
train,875,/content/drive/MyDrive/datosDescarga/images/train_00875.png,/content/drive/MyDrive/datosDescarga/depths_png16mm/train_00875.png,/content/drive/MyDrive/datosDescarga/labels_png/train_00875.png
train,1139,/content/drive/MyDrive/datosDescarga/images/train_01139.png,/content/drive/MyDrive/datosDescarga/depths_png16mm/train_01139.png,/content/drive/MyDrive/datosDescarga/labels_png/train_01139.png
train,307,/content/drive/MyDrive/datosDescarga/images/train_00307.png,/content/drive/MyDrive/datosDescarga/depths_png16mm/train_00307.png,/content/drive/MyDrive/datosDescarga/labels_png/train_00307.png
train,936,/content/drive/MyDrive/datosDescarga/images/train_00936.png,/content/drive/MyDrive/datosDescarga/depths_png16mm/train_00936.png,/content/drive/MyDrive/datosDescarga/labels_png/train_00936.png
train,949,/content/drive/MyDrive/datosDescarga/images/train_00949.png,/content/drive/MyDrive/datosDescarga/depths_png16mm/train_00949.png,/content/drive/MyDrive/datosDescarga/labels_png/train_00949.png
train,629,/content/drive/MyDrive/datosDescarga/images/train_00629.png,/content/drive/MyDrive/datosDescarga/depths_png16mm/train_00629.png,/content/drive/MyDrive/datosDescarga/labels_png/train_00629.png
train,1184,/content/drive/MyDrive/datosDescarga/images/train_01184.png,/content/drive/MyDrive/datosDescarga/depths_png16mm/train_01184.png,/content/drive/MyDrive/datosDescarga/labels_png/train_01184.png
train,787,/content/drive/MyDrive/datosDescarga/images/train_00787.png,/content/drive/MyDrive/datosDescarga/depths_png16mm/train_00787.png,/content/drive/MyDrive/datosDescarga/labels_png/train_00787.png
train,405,/content/drive/MyDrive/datosDescarga/images/train_00405.png,/content/drive/MyDrive/datosDescarga/depths_png16mm/train_00405.png,/content/drive/MyDrive/datosDescarga/labels_png/train_00405.png
train,1228,/content/drive/MyDrive/datosDescarga/images/train_01228.png,/content/drive/MyDrive/datosDescarga/depths_png16mm/train_01228.png,/content/drive/MyDrive/datosDescarga/labels_png/train_01228.png
train,107,/content/drive/MyDrive/datosDescarga/images/train_00107.png,/content/drive/MyDrive/datosDescarga/depths_png16mm/train_00107.png,/content/drive/MyDrive/datosDescarga/labels_png/train_00107.png
train,224,/content/drive/MyDrive/datosDescarga/images/train_00224.png,/content/drive/MyDrive/datosDescarga/depths_png16mm/train_00224.png,/content/drive/MyDrive/datosDescarga/labels_png/train_00224.png
train,1243,/content/drive/MyDrive/datosDescarga/images/train_01243.png,/content/drive/MyDrive/datosDescarga/depths_png16mm/train_01243.png,/content/drive/MyDrive/datosDescarga/labels_png/train_01243.png
train,1276,/content/drive/MyDrive/datosDescarga/images/train_01276.png,/content/drive/MyDrive/datosDescarga/depths_png16mm/train_01276.png,/content/drive/MyDrive/datosDescarga/labels_png/train_01276.png
train,660,/content/drive/MyDrive/datosDescarga/images/train_00660.png,/content/drive/MyDrive/datosDescarga/depths_png16mm/train_00660.png,/content/drive/MyDrive/datosDescarga/labels_png/train_00660.png
train,893,/content/drive/MyDrive/datosDescarga/images/train_00893.png,/content/drive/MyDrive/datosDescarga/depths_png16mm/train_00893.png,/content/drive/MyDrive/datosDescarga/labels_png/train_00893.png
train,139,/content/drive/MyDrive/datosDescarga/images/train_00139.png,/content/drive/MyDrive/datosDescarga/depths_png16mm/train_00139.png,/content/drive/MyDrive/datosDescarga/labels_png/train_00139.png
train,382,/content/drive/MyDrive/datosDescarga/images/train_00382.png,/content/drive/MyDrive/datosDescarga/depths_png16mm/train_00382.png,/content/drive/MyDrive/datosDescarga/labels_png/train_00382.png
train,217,/content/drive/MyDrive/datosDescarga/images/train_00217.png,/content/drive/MyDrive/datosDescarga/depths_png16mm/train_00217.png,/content/drive/MyDrive/datosDescarga/labels_png/train_00217.png
train,90,/content/drive/MyDrive/datosDescarga/images/train_00090.png,/content/drive/MyDrive/datosDescarga/depths_png16mm/train_00090.png,/content/drive/MyDrive/datosDescarga/labels_png/train_00090.png
train,406,/content/drive/MyDrive/datosDescarga/images/train_00406.png,/content/drive/MyDrive/datosDescarga/depths_png16mm/train_00406.png,/content/drive/MyDrive/datosDescarga/labels_png/train_00406.png
train,103,/content/drive/MyDrive/datosDescarga/images/train_00103.png,/content/drive/MyDrive/datosDescarga/depths_png16mm/train_00103.png,/content/drive/MyDrive/datosDescarga/labels_png/train_00103.png
train,741,/content/drive/MyDrive/datosDescarga/images/train_00741.png,/content/drive/MyDrive/datosDescarga/depths_png16mm/train_00741.png,/content/drive/MyDrive/datosDescarga/labels_png/train_00741.png
train,678,/content/drive/MyDrive/datosDescarga/images/train_00678.png,/content/drive/MyDrive/datosDescarga/depths_png16mm/train_00678.png,/content/drive/MyDrive/datosDescarga/labels_png/train_00678.png
train,648,/content/drive/MyDrive/datosDescarga/images/train_00648.png,/content/drive/MyDrive/datosDescarga/depths_png16mm/train_00648.png,/content/drive/MyDrive/datosDescarga/labels_png/train_00648.png
train,181,/content/drive/MyDrive/datosDescarga/images/train_00181.png,/content/drive/MyDrive/datosDescarga/depths_png16mm/train_00181.png,/content/drive/MyDrive/datosDescarga/labels_png/train_00181.png
train,743,/content/drive/MyDrive/datosDescarga/images/train_00743.png,/content/drive/MyDrive/datosDescarga/depths_png16mm/train_00743.png,/content/drive/MyDrive/datosDescarga/labels_png/train_00743.png
train,843,/content/drive/MyDrive/datosDescarga/images/train_00843.png,/content/drive/MyDrive/datosDescarga/depths_png16mm/train_00843.png,/content/drive/MyDrive/datosDescarga/labels_png/train_00843.png
train,761,/content/drive/MyDrive/datosDescarga/images/train_00761.png,/content/drive/MyDrive/datosDescarga/depths_png16mm/train_00761.png,/content/drive/MyDrive/datosDescarga/labels_png/train_00761.png
train,245,/content/drive/MyDrive/datosDescarga/images/train_00245.png,/content/drive/MyDrive/datosDescarga/depths_png16mm/train_00245.png,/content/drive/MyDrive/datosDescarga/labels_png/train_00245.png
train,75,/content/drive/MyDrive/datosDescarga/images/train_00075.png,/content/drive/MyDrive/datosDescarga/depths_png16mm/train_00075.png,/content/drive/MyDrive/datosDescarga/labels_png/train_00075.png
train,772,/content/drive/MyDrive/datosDescarga/images/train_00772.png,/content/drive/MyDrive/datosDescarga/depths_png16mm/train_00772.png,/content/drive/MyDrive/datosDescarga/labels_png/train_00772.png
train,1362,/content/drive/MyDrive/datosDescarga/images/train_01362.png,/content/drive/MyDrive/datosDescarga/depths_png16mm/train_01362.png,/content/drive/MyDrive/datosDescarga/labels_png/train_01362.png
train,257,/content/drive/MyDrive/datosDescarga/images/train_00257.png,/content/drive/MyDrive/datosDescarga/depths_png16mm/train_00257.png,/content/drive/MyDrive/datosDescarga/labels_png/train_00257.png
train,847,/content/drive/MyDrive/datosDescarga/images/train_00847.png,/content/drive/MyDrive/datosDescarga/depths_png16mm/train_00847.png,/content/drive/MyDrive/datosDescarga/labels_png/train_00847.png
train,697,/content/drive/MyDrive/datosDescarga/images/train_00697.png,/content/drive/MyDrive/datosDescarga/depths_png16mm/train_00697.png,/content/drive/MyDrive/datosDescarga/labels_png/train_00697.png
train,132,/content/drive/MyDrive/datosDescarga/images/train_00132.png,/content/drive/MyDrive/datosDescarga/depths_png16mm/train_00132.png,/content/drive/MyDrive/datosDescarga/labels_png/train_00132.png
train,439,/content/drive/MyDrive/datosDescarga/images/train_00439.png,/content/drive/MyDrive/datosDescarga/depths_png16mm/train_00439.png,/content/drive/MyDrive/datosDescarga/labels_png/train_00439.png
train,1423,/content/drive/MyDrive/datosDescarga/images/train_01423.png,/content/drive/MyDrive/datosDescarga/depths_png16mm/train_01423.png,/content/drive/MyDrive/datosDescarga/labels_png/train_01423.png
train,200,/content/drive/MyDrive/datosDescarga/images/train_00200.png,/content/drive/MyDrive/datosDescarga/depths_png16mm/train_00200.png,/content/drive/MyDrive/datosDescarga/labels_png/train_00200.png
train,40,/content/drive/MyDrive/datosDescarga/images/train_00040.png,/content/drive/MyDrive/datosDescarga/depths_png16mm/train_00040.png,/content/drive/MyDrive/datosDescarga/labels_png/train_00040.png
train,16,/content/drive/MyDrive/datosDescarga/images/train_00016.png,/content/drive/MyDrive/datosDescarga/depths_png16mm/train_00016.png,/content/drive/MyDrive/datosDescarga/labels_png/train_00016.png
train,408,/content/drive/MyDrive/datosDescarga/images/train_00408.png,/content/drive/MyDrive/datosDescarga/depths_png16mm/train_00408.png,/content/drive/MyDrive/datosDescarga/labels_png/train_00408.png
train,1081,/content/drive/MyDrive/datosDescarga/images/train_01081.png,/content/drive/MyDrive/datosDescarga/depths_png16mm/train_01081.png,/content/drive/MyDrive/datosDescarga/labels_png/train_01081.png
train,1149,/content/drive/MyDrive/datosDescarga/images/train_01149.png,/content/drive/MyDrive/datosDescarga/depths_png16mm/train_01149.png,/content/drive/MyDrive/datosDescarga/labels_png/train_01149.png
train,964,/content/drive/MyDrive/datosDescarga/images/train_00964.png,/content/drive/MyDrive/datosDescarga/depths_png16mm/train_00964.png,/content/drive/MyDrive/datosDescarga/labels_png/train_00964.png
train,315,/content/drive/MyDrive/datosDescarga/images/train_00315.png,/content/drive/MyDrive/datosDescarga/depths_png16mm/train_00315.png,/content/drive/MyDrive/datosDescarga/labels_png/train_00315.png
train,1445,/content/drive/MyDrive/datosDescarga/images/train_01445.png,/content/drive/MyDrive/datosDescarga/depths_png16mm/train_01445.png,/content/drive/MyDrive/datosDescarga/labels_png/train_01445.png
train,246,/content/drive/MyDrive/datosDescarga/images/train_00246.png,/content/drive/MyDrive/datosDescarga/depths_png16mm/train_00246.png,/content/drive/MyDrive/datosDescarga/labels_png/train_00246.png
train,853,/content/drive/MyDrive/datosDescarga/images/train_00853.png,/content/drive/MyDrive/datosDescarga/depths_png16mm/train_00853.png,/content/drive/MyDrive/datosDescarga/labels_png/train_00853.png
train,127,/content/drive/MyDrive/datosDescarga/images/train_00127.png,/content/drive/MyDrive/datosDescarga/depths_png16mm/train_00127.png,/content/drive/MyDrive/datosDescarga/labels_png/train_00127.png
train,1179,/content/drive/MyDrive/datosDescarga/images/train_01179.png,/content/drive/MyDrive/datosDescarga/depths_png16mm/train_01179.png,/content/drive/MyDrive/datosDescarga/labels_png/train_01179.png
train,410,/content/drive/MyDrive/datosDescarga/images/train_00410.png,/content/drive/MyDrive/datosDescarga/depths_png16mm/train_00410.png,/content/drive/MyDrive/datosDescarga/labels_png/train_00410.png
train,1437,/content/drive/MyDrive/datosDescarga/images/train_01437.png,/content/drive/MyDrive/datosDescarga/depths_png16mm/train_01437.png,/content/drive/MyDrive/datosDescarga/labels_png/train_01437.png
train,872,/content/drive/MyDrive/datosDescarga/images/train_00872.png,/content/drive/MyDrive/datosDescarga/depths_png16mm/train_00872.png,/content/drive/MyDrive/datosDescarga/labels_png/train_00872.png
train,1205,/content/drive/MyDrive/datosDescarga/images/train_01205.png,/content/drive/MyDrive/datosDescarga/depths_png16mm/train_01205.png,/content/drive/MyDrive/datosDescarga/labels_png/train_01205.png
train,1330,/content/drive/MyDrive/datosDescarga/images/train_01330.png,/content/drive/MyDrive/datosDescarga/depths_png16mm/train_01330.png,/content/drive/MyDrive/datosDescarga/labels_png/train_01330.png
train,1021,/content/drive/MyDrive/datosDescarga/images/train_01021.png,/content/drive/MyDrive/datosDescarga/depths_png16mm/train_01021.png,/content/drive/MyDrive/datosDescarga/labels_png/train_01021.png
train,616,/content/drive/MyDrive/datosDescarga/images/train_00616.png,/content/drive/MyDrive/datosDescarga/depths_png16mm/train_00616.png,/content/drive/MyDrive/datosDescarga/labels_png/train_00616.png
train,643,/content/drive/MyDrive/datosDescarga/images/train_00643.png,/content/drive/MyDrive/datosDescarga/depths_png16mm/train_00643.png,/content/drive/MyDrive/datosDescarga/labels_png/train_00643.png
train,39,/content/drive/MyDrive/datosDescarga/images/train_00039.png,/content/drive/MyDrive/datosDescarga/depths_png16mm/train_00039.png,/content/drive/MyDrive/datosDescarga/labels_png/train_00039.png
train,455,/content/drive/MyDrive/datosDescarga/images/train_00455.png,/content/drive/MyDrive/datosDescarga/depths_png16mm/train_00455.png,/content/drive/MyDrive/datosDescarga/labels_png/train_00455.png
train,449,/content/drive/MyDrive/datosDescarga/images/train_00449.png,/content/drive/MyDrive/datosDescarga/depths_png16mm/train_00449.png,/content/drive/MyDrive/datosDescarga/labels_png/train_00449.png
train,540,/content/drive/MyDrive/datosDescarga/images/train_00540.png,/content/drive/MyDrive/datosDescarga/depths_png16mm/train_00540.png,/content/drive/MyDrive/datosDescarga/labels_png/train_00540.png
train,499,/content/drive/MyDrive/datosDescarga/images/train_00499.png,/content/drive/MyDrive/datosDescarga/depths_png16mm/train_00499.png,/content/drive/MyDrive/datosDescarga/labels_png/train_00499.png
train,421,/content/drive/MyDrive/datosDescarga/images/train_00421.png,/content/drive/MyDrive/datosDescarga/depths_png16mm/train_00421.png,/content/drive/MyDrive/datosDescarga/labels_png/train_00421.png
train,700,/content/drive/MyDrive/datosDescarga/images/train_00700.png,/content/drive/MyDrive/datosDescarga/depths_png16mm/train_00700.png,/content/drive/MyDrive/datosDescarga/labels_png/train_00700.png
train,989,/content/drive/MyDrive/datosDescarga/images/train_00989.png,/content/drive/MyDrive/datosDescarga/depths_png16mm/train_00989.png,/content/drive/MyDrive/datosDescarga/labels_png/train_00989.png
train,1119,/content/drive/MyDrive/datosDescarga/images/train_01119.png,/content/drive/MyDrive/datosDescarga/depths_png16mm/train_01119.png,/content/drive/MyDrive/datosDescarga/labels_png/train_01119.png
train,485,/content/drive/MyDrive/datosDescarga/images/train_00485.png,/content/drive/MyDrive/datosDescarga/depths_png16mm/train_00485.png,/content/drive/MyDrive/datosDescarga/labels_png/train_00485.png
train,11,/content/drive/MyDrive/datosDescarga/images/train_00011.png,/content/drive/MyDrive/datosDescarga/depths_png16mm/train_00011.png,/content/drive/MyDrive/datosDescarga/labels_png/train_00011.png
train,1273,/content/drive/MyDrive/datosDescarga/images/train_01273.png,/content/drive/MyDrive/datosDescarga/depths_png16mm/train_01273.png,/content/drive/MyDrive/datosDescarga/labels_png/train_01273.png
train,210,/content/drive/MyDrive/datosDescarga/images/train_00210.png,/content/drive/MyDrive/datosDescarga/depths_png16mm/train_00210.png,/content/drive/MyDrive/datosDescarga/labels_png/train_00210.png
train,327,/content/drive/MyDrive/datosDescarga/images/train_00327.png,/content/drive/MyDrive/datosDescarga/depths_png16mm/train_00327.png,/content/drive/MyDrive/datosDescarga/labels_png/train_00327.png
train,803,/content/drive/MyDrive/datosDescarga/images/train_00803.png,/content/drive/MyDrive/datosDescarga/depths_png16mm/train_00803.png,/content/drive/MyDrive/datosDescarga/labels_png/train_00803.png
train,793,/content/drive/MyDrive/datosDescarga/images/train_00793.png,/content/drive/MyDrive/datosDescarga/depths_png16mm/train_00793.png,/content/drive/MyDrive/datosDescarga/labels_png/train_00793.png
train,844,/content/drive/MyDrive/datosDescarga/images/train_00844.png,/content/drive/MyDrive/datosDescarga/depths_png16mm/train_00844.png,/content/drive/MyDrive/datosDescarga/labels_png/train_00844.png
train,995,/content/drive/MyDrive/datosDescarga/images/train_00995.png,/content/drive/MyDrive/datosDescarga/depths_png16mm/train_00995.png,/content/drive/MyDrive/datosDescarga/labels_png/train_00995.png
train,1010,/content/drive/MyDrive/datosDescarga/images/train_01010.png,/content/drive/MyDrive/datosDescarga/depths_png16mm/train_01010.png,/content/drive/MyDrive/datosDescarga/labels_png/train_01010.png
train,859,/content/drive/MyDrive/datosDescarga/images/train_00859.png,/content/drive/MyDrive/datosDescarga/depths_png16mm/train_00859.png,/content/drive/MyDrive/datosDescarga/labels_png/train_00859.png
train,699,/content/drive/MyDrive/datosDescarga/images/train_00699.png,/content/drive/MyDrive/datosDescarga/depths_png16mm/train_00699.png,/content/drive/MyDrive/datosDescarga/labels_png/train_00699.png
train,419,/content/drive/MyDrive/datosDescarga/images/train_00419.png,/content/drive/MyDrive/datosDescarga/depths_png16mm/train_00419.png,/content/drive/MyDrive/datosDescarga/labels_png/train_00419.png
train,749,/content/drive/MyDrive/datosDescarga/images/train_00749.png,/content/drive/MyDrive/datosDescarga/depths_png16mm/train_00749.png,/content/drive/MyDrive/datosDescarga/labels_png/train_00749.png
train,1424,/content/drive/MyDrive/datosDescarga/images/train_01424.png,/content/drive/MyDrive/datosDescarga/depths_png16mm/train_01424.png,/content/drive/MyDrive/datosDescarga/labels_png/train_01424.png
train,1374,/content/drive/MyDrive/datosDescarga/images/train_01374.png,/content/drive/MyDrive/datosDescarga/depths_png16mm/train_01374.png,/content/drive/MyDrive/datosDescarga/labels_png/train_01374.png
train,866,/content/drive/MyDrive/datosDescarga/images/train_00866.png,/content/drive/MyDrive/datosDescarga/depths_png16mm/train_00866.png,/content/drive/MyDrive/datosDescarga/labels_png/train_00866.png
train,596,/content/drive/MyDrive/datosDescarga/images/train_00596.png,/content/drive/MyDrive/datosDescarga/depths_png16mm/train_00596.png,/content/drive/MyDrive/datosDescarga/labels_png/train_00596.png
train,516,/content/drive/MyDrive/datosDescarga/images/train_00516.png,/content/drive/MyDrive/datosDescarga/depths_png16mm/train_00516.png,/content/drive/MyDrive/datosDescarga/labels_png/train_00516.png
train,89,/content/drive/MyDrive/datosDescarga/images/train_00089.png,/content/drive/MyDrive/datosDescarga/depths_png16mm/train_00089.png,/content/drive/MyDrive/datosDescarga/labels_png/train_00089.png
train,1398,/content/drive/MyDrive/datosDescarga/images/train_01398.png,/content/drive/MyDrive/datosDescarga/depths_png16mm/train_01398.png,/content/drive/MyDrive/datosDescarga/labels_png/train_01398.png
train,592,/content/drive/MyDrive/datosDescarga/images/train_00592.png,/content/drive/MyDrive/datosDescarga/depths_png16mm/train_00592.png,/content/drive/MyDrive/datosDescarga/labels_png/train_00592.png
train,365,/content/drive/MyDrive/datosDescarga/images/train_00365.png,/content/drive/MyDrive/datosDescarga/depths_png16mm/train_00365.png,/content/drive/MyDrive/datosDescarga/labels_png/train_00365.png
train,1063,/content/drive/MyDrive/datosDescarga/images/train_01063.png,/content/drive/MyDrive/datosDescarga/depths_png16mm/train_01063.png,/content/drive/MyDrive/datosDescarga/labels_png/train_01063.png
train,1328,/content/drive/MyDrive/datosDescarga/images/train_01328.png,/content/drive/MyDrive/datosDescarga/depths_png16mm/train_01328.png,/content/drive/MyDrive/datosDescarga/labels_png/train_01328.png
train,1040,/content/drive/MyDrive/datosDescarga/images/train_01040.png,/content/drive/MyDrive/datosDescarga/depths_png16mm/train_01040.png,/content/drive/MyDrive/datosDescarga/labels_png/train_01040.png
train,1431,/content/drive/MyDrive/datosDescarga/images/train_01431.png,/content/drive/MyDrive/datosDescarga/depths_png16mm/train_01431.png,/content/drive/MyDrive/datosDescarga/labels_png/train_01431.png
train,230,/content/drive/MyDrive/datosDescarga/images/train_00230.png,/content/drive/MyDrive/datosDescarga/depths_png16mm/train_00230.png,/content/drive/MyDrive/datosDescarga/labels_png/train_00230.png
train,1299,/content/drive/MyDrive/datosDescarga/images/train_01299.png,/content/drive/MyDrive/datosDescarga/depths_png16mm/train_01299.png,/content/drive/MyDrive/datosDescarga/labels_png/train_01299.png
train,1002,/content/drive/MyDrive/datosDescarga/images/train_01002.png,/content/drive/MyDrive/datosDescarga/depths_png16mm/train_01002.png,/content/drive/MyDrive/datosDescarga/labels_png/train_01002.png
train,1043,/content/drive/MyDrive/datosDescarga/images/train_01043.png,/content/drive/MyDrive/datosDescarga/depths_png16mm/train_01043.png,/content/drive/MyDrive/datosDescarga/labels_png/train_01043.png
train,1083,/content/drive/MyDrive/datosDescarga/images/train_01083.png,/content/drive/MyDrive/datosDescarga/depths_png16mm/train_01083.png,/content/drive/MyDrive/datosDescarga/labels_png/train_01083.png
train,825,/content/drive/MyDrive/datosDescarga/images/train_00825.png,/content/drive/MyDrive/datosDescarga/depths_png16mm/train_00825.png,/content/drive/MyDrive/datosDescarga/labels_png/train_00825.png
train,1343,/content/drive/MyDrive/datosDescarga/images/train_01343.png,/content/drive/MyDrive/datosDescarga/depths_png16mm/train_01343.png,/content/drive/MyDrive/datosDescarga/labels_png/train_01343.png
train,968,/content/drive/MyDrive/datosDescarga/images/train_00968.png,/content/drive/MyDrive/datosDescarga/depths_png16mm/train_00968.png,/content/drive/MyDrive/datosDescarga/labels_png/train_00968.png
train,1336,/content/drive/MyDrive/datosDescarga/images/train_01336.png,/content/drive/MyDrive/datosDescarga/depths_png16mm/train_01336.png,/content/drive/MyDrive/datosDescarga/labels_png/train_01336.png
train,701,/content/drive/MyDrive/datosDescarga/images/train_00701.png,/content/drive/MyDrive/datosDescarga/depths_png16mm/train_00701.png,/content/drive/MyDrive/datosDescarga/labels_png/train_00701.png
train,1370,/content/drive/MyDrive/datosDescarga/images/train_01370.png,/content/drive/MyDrive/datosDescarga/depths_png16mm/train_01370.png,/content/drive/MyDrive/datosDescarga/labels_png/train_01370.png
train,740,/content/drive/MyDrive/datosDescarga/images/train_00740.png,/content/drive/MyDrive/datosDescarga/depths_png16mm/train_00740.png,/content/drive/MyDrive/datosDescarga/labels_png/train_00740.png
train,64,/content/drive/MyDrive/datosDescarga/images/train_00064.png,/content/drive/MyDrive/datosDescarga/depths_png16mm/train_00064.png,/content/drive/MyDrive/datosDescarga/labels_png/train_00064.png
train,147,/content/drive/MyDrive/datosDescarga/images/train_00147.png,/content/drive/MyDrive/datosDescarga/depths_png16mm/train_00147.png,/content/drive/MyDrive/datosDescarga/labels_png/train_00147.png
train,308,/content/drive/MyDrive/datosDescarga/images/train_00308.png,/content/drive/MyDrive/datosDescarga/depths_png16mm/train_00308.png,/content/drive/MyDrive/datosDescarga/labels_png/train_00308.png
train,479,/content/drive/MyDrive/datosDescarga/images/train_00479.png,/content/drive/MyDrive/datosDescarga/depths_png16mm/train_00479.png,/content/drive/MyDrive/datosDescarga/labels_png/train_00479.png
train,957,/content/drive/MyDrive/datosDescarga/images/train_00957.png,/content/drive/MyDrive/datosDescarga/depths_png16mm/train_00957.png,/content/drive/MyDrive/datosDescarga/labels_png/train_00957.png
train,163,/content/drive/MyDrive/datosDescarga/images/train_00163.png,/content/drive/MyDrive/datosDescarga/depths_png16mm/train_00163.png,/content/drive/MyDrive/datosDescarga/labels_png/train_00163.png
train,1235,/content/drive/MyDrive/datosDescarga/images/train_01235.png,/content/drive/MyDrive/datosDescarga/depths_png16mm/train_01235.png,/content/drive/MyDrive/datosDescarga/labels_png/train_01235.png
train,1244,/content/drive/MyDrive/datosDescarga/images/train_01244.png,/content/drive/MyDrive/datosDescarga/depths_png16mm/train_01244.png,/content/drive/MyDrive/datosDescarga/labels_png/train_01244.png
train,1215,/content/drive/MyDrive/datosDescarga/images/train_01215.png,/content/drive/MyDrive/datosDescarga/depths_png16mm/train_01215.png,/content/drive/MyDrive/datosDescarga/labels_png/train_01215.png
train,1289,/content/drive/MyDrive/datosDescarga/images/train_01289.png,/content/drive/MyDrive/datosDescarga/depths_png16mm/train_01289.png,/content/drive/MyDrive/datosDescarga/labels_png/train_01289.png
train,1412,/content/drive/MyDrive/datosDescarga/images/train_01412.png,/content/drive/MyDrive/datosDescarga/depths_png16mm/train_01412.png,/content/drive/MyDrive/datosDescarga/labels_png/train_01412.png
train,1106,/content/drive/MyDrive/datosDescarga/images/train_01106.png,/content/drive/MyDrive/datosDescarga/depths_png16mm/train_01106.png,/content/drive/MyDrive/datosDescarga/labels_png/train_01106.png
train,1382,/content/drive/MyDrive/datosDescarga/images/train_01382.png,/content/drive/MyDrive/datosDescarga/depths_png16mm/train_01382.png,/content/drive/MyDrive/datosDescarga/labels_png/train_01382.png
train,677,/content/drive/MyDrive/datosDescarga/images/train_00677.png,/content/drive/MyDrive/datosDescarga/depths_png16mm/train_00677.png,/content/drive/MyDrive/datosDescarga/labels_png/train_00677.png
train,746,/content/drive/MyDrive/datosDescarga/images/train_00746.png,/content/drive/MyDrive/datosDescarga/depths_png16mm/train_00746.png,/content/drive/MyDrive/datosDescarga/labels_png/train_00746.png
train,1375,/content/drive/MyDrive/datosDescarga/images/train_01375.png,/content/drive/MyDrive/datosDescarga/depths_png16mm/train_01375.png,/content/drive/MyDrive/datosDescarga/labels_png/train_01375.png
train,642,/content/drive/MyDrive/datosDescarga/images/train_00642.png,/content/drive/MyDrive/datosDescarga/depths_png16mm/train_00642.png,/content/drive/MyDrive/datosDescarga/labels_png/train_00642.png
train,584,/content/drive/MyDrive/datosDescarga/images/train_00584.png,/content/drive/MyDrive/datosDescarga/depths_png16mm/train_00584.png,/content/drive/MyDrive/datosDescarga/labels_png/train_00584.png
train,489,/content/drive/MyDrive/datosDescarga/images/train_00489.png,/content/drive/MyDrive/datosDescarga/depths_png16mm/train_00489.png,/content/drive/MyDrive/datosDescarga/labels_png/train_00489.png
train,710,/content/drive/MyDrive/datosDescarga/images/train_00710.png,/content/drive/MyDrive/datosDescarga/depths_png16mm/train_00710.png,/content/drive/MyDrive/datosDescarga/labels_png/train_00710.png
train,1353,/content/drive/MyDrive/datosDescarga/images/train_01353.png,/content/drive/MyDrive/datosDescarga/depths_png16mm/train_01353.png,/content/drive/MyDrive/datosDescarga/labels_png/train_01353.png
train,1393,/content/drive/MyDrive/datosDescarga/images/train_01393.png,/content/drive/MyDrive/datosDescarga/depths_png16mm/train_01393.png,/content/drive/MyDrive/datosDescarga/labels_png/train_01393.png
train,613,/content/drive/MyDrive/datosDescarga/images/train_00613.png,/content/drive/MyDrive/datosDescarga/depths_png16mm/train_00613.png,/content/drive/MyDrive/datosDescarga/labels_png/train_00613.png
train,799,/content/drive/MyDrive/datosDescarga/images/train_00799.png,/content/drive/MyDrive/datosDescarga/depths_png16mm/train_00799.png,/content/drive/MyDrive/datosDescarga/labels_png/train_00799.png
train,1297,/content/drive/MyDrive/datosDescarga/images/train_01297.png,/content/drive/MyDrive/datosDescarga/depths_png16mm/train_01297.png,/content/drive/MyDrive/datosDescarga/labels_png/train_01297.png
train,286,/content/drive/MyDrive/datosDescarga/images/train_00286.png,/content/drive/MyDrive/datosDescarga/depths_png16mm/train_00286.png,/content/drive/MyDrive/datosDescarga/labels_png/train_00286.png
train,586,/content/drive/MyDrive/datosDescarga/images/train_00586.png,/content/drive/MyDrive/datosDescarga/depths_png16mm/train_00586.png,/content/drive/MyDrive/datosDescarga/labels_png/train_00586.png
train,155,/content/drive/MyDrive/datosDescarga/images/train_00155.png,/content/drive/MyDrive/datosDescarga/depths_png16mm/train_00155.png,/content/drive/MyDrive/datosDescarga/labels_png/train_00155.png
train,568,/content/drive/MyDrive/datosDescarga/images/train_00568.png,/content/drive/MyDrive/datosDescarga/depths_png16mm/train_00568.png,/content/drive/MyDrive/datosDescarga/labels_png/train_00568.png
train,633,/content/drive/MyDrive/datosDescarga/images/train_00633.png,/content/drive/MyDrive/datosDescarga/depths_png16mm/train_00633.png,/content/drive/MyDrive/datosDescarga/labels_png/train_00633.png
train,1219,/content/drive/MyDrive/datosDescarga/images/train_01219.png,/content/drive/MyDrive/datosDescarga/depths_png16mm/train_01219.png,/content/drive/MyDrive/datosDescarga/labels_png/train_01219.png
train,234,/content/drive/MyDrive/datosDescarga/images/train_00234.png,/content/drive/MyDrive/datosDescarga/depths_png16mm/train_00234.png,/content/drive/MyDrive/datosDescarga/labels_png/train_00234.png
train,1130,/content/drive/MyDrive/datosDescarga/images/train_01130.png,/content/drive/MyDrive/datosDescarga/depths_png16mm/train_01130.png,/content/drive/MyDrive/datosDescarga/labels_png/train_01130.png
train,61,/content/drive/MyDrive/datosDescarga/images/train_00061.png,/content/drive/MyDrive/datosDescarga/depths_png16mm/train_00061.png,/content/drive/MyDrive/datosDescarga/labels_png/train_00061.png
train,266,/content/drive/MyDrive/datosDescarga/images/train_00266.png,/content/drive/MyDrive/datosDescarga/depths_png16mm/train_00266.png,/content/drive/MyDrive/datosDescarga/labels_png/train_00266.png
train,1209,/content/drive/MyDrive/datosDescarga/images/train_01209.png,/content/drive/MyDrive/datosDescarga/depths_png16mm/train_01209.png,/content/drive/MyDrive/datosDescarga/labels_png/train_01209.png
train,796,/content/drive/MyDrive/datosDescarga/images/train_00796.png,/content/drive/MyDrive/datosDescarga/depths_png16mm/train_00796.png,/content/drive/MyDrive/datosDescarga/labels_png/train_00796.png
train,922,/content/drive/MyDrive/datosDescarga/images/train_00922.png,/content/drive/MyDrive/datosDescarga/depths_png16mm/train_00922.png,/content/drive/MyDrive/datosDescarga/labels_png/train_00922.png
train,754,/content/drive/MyDrive/datosDescarga/images/train_00754.png,/content/drive/MyDrive/datosDescarga/depths_png16mm/train_00754.png,/content/drive/MyDrive/datosDescarga/labels_png/train_00754.png
train,794,/content/drive/MyDrive/datosDescarga/images/train_00794.png,/content/drive/MyDrive/datosDescarga/depths_png16mm/train_00794.png,/content/drive/MyDrive/datosDescarga/labels_png/train_00794.png
train,295,/content/drive/MyDrive/datosDescarga/images/train_00295.png,/content/drive/MyDrive/datosDescarga/depths_png16mm/train_00295.png,/content/drive/MyDrive/datosDescarga/labels_png/train_00295.png
train,482,/content/drive/MyDrive/datosDescarga/images/train_00482.png,/content/drive/MyDrive/datosDescarga/depths_png16mm/train_00482.png,/content/drive/MyDrive/datosDescarga/labels_png/train_00482.png
train,473,/content/drive/MyDrive/datosDescarga/images/train_00473.png,/content/drive/MyDrive/datosDescarga/depths_png16mm/train_00473.png,/content/drive/MyDrive/datosDescarga/labels_png/train_00473.png
train,976,/content/drive/MyDrive/datosDescarga/images/train_00976.png,/content/drive/MyDrive/datosDescarga/depths_png16mm/train_00976.png,/content/drive/MyDrive/datosDescarga/labels_png/train_00976.png
train,857,/content/drive/MyDrive/datosDescarga/images/train_00857.png,/content/drive/MyDrive/datosDescarga/depths_png16mm/train_00857.png,/content/drive/MyDrive/datosDescarga/labels_png/train_00857.png
train,160,/content/drive/MyDrive/datosDescarga/images/train_00160.png,/content/drive/MyDrive/datosDescarga/depths_png16mm/train_00160.png,/content/drive/MyDrive/datosDescarga/labels_png/train_00160.png
train,631,/content/drive/MyDrive/datosDescarga/images/train_00631.png,/content/drive/MyDrive/datosDescarga/depths_png16mm/train_00631.png,/content/drive/MyDrive/datosDescarga/labels_png/train_00631.png
train,531,/content/drive/MyDrive/datosDescarga/images/train_00531.png,/content/drive/MyDrive/datosDescarga/depths_png16mm/train_00531.png,/content/drive/MyDrive/datosDescarga/labels_png/train_00531.png
train,17,/content/drive/MyDrive/datosDescarga/images/train_00017.png,/content/drive/MyDrive/datosDescarga/depths_png16mm/train_00017.png,/content/drive/MyDrive/datosDescarga/labels_png/train_00017.png
train,1386,/content/drive/MyDrive/datosDescarga/images/train_01386.png,/content/drive/MyDrive/datosDescarga/depths_png16mm/train_01386.png,/content/drive/MyDrive/datosDescarga/labels_png/train_01386.png
train,1288,/content/drive/MyDrive/datosDescarga/images/train_01288.png,/content/drive/MyDrive/datosDescarga/depths_png16mm/train_01288.png,/content/drive/MyDrive/datosDescarga/labels_png/train_01288.png
train,805,/content/drive/MyDrive/datosDescarga/images/train_00805.png,/content/drive/MyDrive/datosDescarga/depths_png16mm/train_00805.png,/content/drive/MyDrive/datosDescarga/labels_png/train_00805.png
train,548,/content/drive/MyDrive/datosDescarga/images/train_00548.png,/content/drive/MyDrive/datosDescarga/depths_png16mm/train_00548.png,/content/drive/MyDrive/datosDescarga/labels_png/train_00548.png
train,1157,/content/drive/MyDrive/datosDescarga/images/train_01157.png,/content/drive/MyDrive/datosDescarga/depths_png16mm/train_01157.png,/content/drive/MyDrive/datosDescarga/labels_png/train_01157.png
train,639,/content/drive/MyDrive/datosDescarga/images/train_00639.png,/content/drive/MyDrive/datosDescarga/depths_png16mm/train_00639.png,/content/drive/MyDrive/datosDescarga/labels_png/train_00639.png
train,501,/content/drive/MyDrive/datosDescarga/images/train_00501.png,/content/drive/MyDrive/datosDescarga/depths_png16mm/train_00501.png,/content/drive/MyDrive/datosDescarga/labels_png/train_00501.png
train,397,/content/drive/MyDrive/datosDescarga/images/train_00397.png,/content/drive/MyDrive/datosDescarga/depths_png16mm/train_00397.png,/content/drive/MyDrive/datosDescarga/labels_png/train_00397.png
train,14,/content/drive/MyDrive/datosDescarga/images/train_00014.png,/content/drive/MyDrive/datosDescarga/depths_png16mm/train_00014.png,/content/drive/MyDrive/datosDescarga/labels_png/train_00014.png
train,1251,/content/drive/MyDrive/datosDescarga/images/train_01251.png,/content/drive/MyDrive/datosDescarga/depths_png16mm/train_01251.png,/content/drive/MyDrive/datosDescarga/labels_png/train_01251.png
train,1303,/content/drive/MyDrive/datosDescarga/images/train_01303.png,/content/drive/MyDrive/datosDescarga/depths_png16mm/train_01303.png,/content/drive/MyDrive/datosDescarga/labels_png/train_01303.png
train,1325,/content/drive/MyDrive/datosDescarga/images/train_01325.png,/content/drive/MyDrive/datosDescarga/depths_png16mm/train_01325.png,/content/drive/MyDrive/datosDescarga/labels_png/train_01325.png
train,387,/content/drive/MyDrive/datosDescarga/images/train_00387.png,/content/drive/MyDrive/datosDescarga/depths_png16mm/train_00387.png,/content/drive/MyDrive/datosDescarga/labels_png/train_00387.png
train,227,/content/drive/MyDrive/datosDescarga/images/train_00227.png,/content/drive/MyDrive/datosDescarga/depths_png16mm/train_00227.png,/content/drive/MyDrive/datosDescarga/labels_png/train_00227.png
train,970,/content/drive/MyDrive/datosDescarga/images/train_00970.png,/content/drive/MyDrive/datosDescarga/depths_png16mm/train_00970.png,/content/drive/MyDrive/datosDescarga/labels_png/train_00970.png
train,1257,/content/drive/MyDrive/datosDescarga/images/train_01257.png,/content/drive/MyDrive/datosDescarga/depths_png16mm/train_01257.png,/content/drive/MyDrive/datosDescarga/labels_png/train_01257.png
train,150,/content/drive/MyDrive/datosDescarga/images/train_00150.png,/content/drive/MyDrive/datosDescarga/depths_png16mm/train_00150.png,/content/drive/MyDrive/datosDescarga/labels_png/train_00150.png
train,1394,/content/drive/MyDrive/datosDescarga/images/train_01394.png,/content/drive/MyDrive/datosDescarga/depths_png16mm/train_01394.png,/content/drive/MyDrive/datosDescarga/labels_png/train_01394.png
train,183,/content/drive/MyDrive/datosDescarga/images/train_00183.png,/content/drive/MyDrive/datosDescarga/depths_png16mm/train_00183.png,/content/drive/MyDrive/datosDescarga/labels_png/train_00183.png
train,1133,/content/drive/MyDrive/datosDescarga/images/train_01133.png,/content/drive/MyDrive/datosDescarga/depths_png16mm/train_01133.png,/content/drive/MyDrive/datosDescarga/labels_png/train_01133.png
train,1363,/content/drive/MyDrive/datosDescarga/images/train_01363.png,/content/drive/MyDrive/datosDescarga/depths_png16mm/train_01363.png,/content/drive/MyDrive/datosDescarga/labels_png/train_01363.png
train,775,/content/drive/MyDrive/datosDescarga/images/train_00775.png,/content/drive/MyDrive/datosDescarga/depths_png16mm/train_00775.png,/content/drive/MyDrive/datosDescarga/labels_png/train_00775.png
train,1222,/content/drive/MyDrive/datosDescarga/images/train_01222.png,/content/drive/MyDrive/datosDescarga/depths_png16mm/train_01222.png,/content/drive/MyDrive/datosDescarga/labels_png/train_01222.png
train,591,/content/drive/MyDrive/datosDescarga/images/train_00591.png,/content/drive/MyDrive/datosDescarga/depths_png16mm/train_00591.png,/content/drive/MyDrive/datosDescarga/labels_png/train_00591.png
train,1429,/content/drive/MyDrive/datosDescarga/images/train_01429.png,/content/drive/MyDrive/datosDescarga/depths_png16mm/train_01429.png,/content/drive/MyDrive/datosDescarga/labels_png/train_01429.png
train,461,/content/drive/MyDrive/datosDescarga/images/train_00461.png,/content/drive/MyDrive/datosDescarga/depths_png16mm/train_00461.png,/content/drive/MyDrive/datosDescarga/labels_png/train_00461.png
train,934,/content/drive/MyDrive/datosDescarga/images/train_00934.png,/content/drive/MyDrive/datosDescarga/depths_png16mm/train_00934.png,/content/drive/MyDrive/datosDescarga/labels_png/train_00934.png
train,1373,/content/drive/MyDrive/datosDescarga/images/train_01373.png,/content/drive/MyDrive/datosDescarga/depths_png16mm/train_01373.png,/content/drive/MyDrive/datosDescarga/labels_png/train_01373.png
train,1309,/content/drive/MyDrive/datosDescarga/images/train_01309.png,/content/drive/MyDrive/datosDescarga/depths_png16mm/train_01309.png,/content/drive/MyDrive/datosDescarga/labels_png/train_01309.png
train,1061,/content/drive/MyDrive/datosDescarga/images/train_01061.png,/content/drive/MyDrive/datosDescarga/depths_png16mm/train_01061.png,/content/drive/MyDrive/datosDescarga/labels_png/train_01061.png
train,182,/content/drive/MyDrive/datosDescarga/images/train_00182.png,/content/drive/MyDrive/datosDescarga/depths_png16mm/train_00182.png,/content/drive/MyDrive/datosDescarga/labels_png/train_00182.png
train,109,/content/drive/MyDrive/datosDescarga/images/train_00109.png,/content/drive/MyDrive/datosDescarga/depths_png16mm/train_00109.png,/content/drive/MyDrive/datosDescarga/labels_png/train_00109.png
train,955,/content/drive/MyDrive/datosDescarga/images/train_00955.png,/content/drive/MyDrive/datosDescarga/depths_png16mm/train_00955.png,/content/drive/MyDrive/datosDescarga/labels_png/train_00955.png
train,216,/content/drive/MyDrive/datosDescarga/images/train_00216.png,/content/drive/MyDrive/datosDescarga/depths_png16mm/train_00216.png,/content/drive/MyDrive/datosDescarga/labels_png/train_00216.png
train,946,/content/drive/MyDrive/datosDescarga/images/train_00946.png,/content/drive/MyDrive/datosDescarga/depths_png16mm/train_00946.png,/content/drive/MyDrive/datosDescarga/labels_png/train_00946.png
train,343,/content/drive/MyDrive/datosDescarga/images/train_00343.png,/content/drive/MyDrive/datosDescarga/depths_png16mm/train_00343.png,/content/drive/MyDrive/datosDescarga/labels_png/train_00343.png
train,1294,/content/drive/MyDrive/datosDescarga/images/train_01294.png,/content/drive/MyDrive/datosDescarga/depths_png16mm/train_01294.png,/content/drive/MyDrive/datosDescarga/labels_png/train_01294.png
train,1093,/content/drive/MyDrive/datosDescarga/images/train_01093.png,/content/drive/MyDrive/datosDescarga/depths_png16mm/train_01093.png,/content/drive/MyDrive/datosDescarga/labels_png/train_01093.png
train,679,/content/drive/MyDrive/datosDescarga/images/train_00679.png,/content/drive/MyDrive/datosDescarga/depths_png16mm/train_00679.png,/content/drive/MyDrive/datosDescarga/labels_png/train_00679.png
train,180,/content/drive/MyDrive/datosDescarga/images/train_00180.png,/content/drive/MyDrive/datosDescarga/depths_png16mm/train_00180.png,/content/drive/MyDrive/datosDescarga/labels_png/train_00180.png
train,1238,/content/drive/MyDrive/datosDescarga/images/train_01238.png,/content/drive/MyDrive/datosDescarga/depths_png16mm/train_01238.png,/content/drive/MyDrive/datosDescarga/labels_png/train_01238.png
train,1203,/content/drive/MyDrive/datosDescarga/images/train_01203.png,/content/drive/MyDrive/datosDescarga/depths_png16mm/train_01203.png,/content/drive/MyDrive/datosDescarga/labels_png/train_01203.png
train,676,/content/drive/MyDrive/datosDescarga/images/train_00676.png,/content/drive/MyDrive/datosDescarga/depths_png16mm/train_00676.png,/content/drive/MyDrive/datosDescarga/labels_png/train_00676.png
train,1171,/content/drive/MyDrive/datosDescarga/images/train_01171.png,/content/drive/MyDrive/datosDescarga/depths_png16mm/train_01171.png,/content/drive/MyDrive/datosDescarga/labels_png/train_01171.png
train,658,/content/drive/MyDrive/datosDescarga/images/train_00658.png,/content/drive/MyDrive/datosDescarga/depths_png16mm/train_00658.png,/content/drive/MyDrive/datosDescarga/labels_png/train_00658.png
train,539,/content/drive/MyDrive/datosDescarga/images/train_00539.png,/content/drive/MyDrive/datosDescarga/depths_png16mm/train_00539.png,/content/drive/MyDrive/datosDescarga/labels_png/train_00539.png
train,92,/content/drive/MyDrive/datosDescarga/images/train_00092.png,/content/drive/MyDrive/datosDescarga/depths_png16mm/train_00092.png,/content/drive/MyDrive/datosDescarga/labels_png/train_00092.png
train,1156,/content/drive/MyDrive/datosDescarga/images/train_01156.png,/content/drive/MyDrive/datosDescarga/depths_png16mm/train_01156.png,/content/drive/MyDrive/datosDescarga/labels_png/train_01156.png
train,759,/content/drive/MyDrive/datosDescarga/images/train_00759.png,/content/drive/MyDrive/datosDescarga/depths_png16mm/train_00759.png,/content/drive/MyDrive/datosDescarga/labels_png/train_00759.png
train,535,/content/drive/MyDrive/datosDescarga/images/train_00535.png,/content/drive/MyDrive/datosDescarga/depths_png16mm/train_00535.png,/content/drive/MyDrive/datosDescarga/labels_png/train_00535.png
train,167,/content/drive/MyDrive/datosDescarga/images/train_00167.png,/content/drive/MyDrive/datosDescarga/depths_png16mm/train_00167.png,/content/drive/MyDrive/datosDescarga/labels_png/train_00167.png
train,1181,/content/drive/MyDrive/datosDescarga/images/train_01181.png,/content/drive/MyDrive/datosDescarga/depths_png16mm/train_01181.png,/content/drive/MyDrive/datosDescarga/labels_png/train_01181.png
train,1231,/content/drive/MyDrive/datosDescarga/images/train_01231.png,/content/drive/MyDrive/datosDescarga/depths_png16mm/train_01231.png,/content/drive/MyDrive/datosDescarga/labels_png/train_01231.png
train,802,/content/drive/MyDrive/datosDescarga/images/train_00802.png,/content/drive/MyDrive/datosDescarga/depths_png16mm/train_00802.png,/content/drive/MyDrive/datosDescarga/labels_png/train_00802.png
train,69,/content/drive/MyDrive/datosDescarga/images/train_00069.png,/content/drive/MyDrive/datosDescarga/depths_png16mm/train_00069.png,/content/drive/MyDrive/datosDescarga/labels_png/train_00069.png
train,324,/content/drive/MyDrive/datosDescarga/images/train_00324.png,/content/drive/MyDrive/datosDescarga/depths_png16mm/train_00324.png,/content/drive/MyDrive/datosDescarga/labels_png/train_00324.png
train,1322,/content/drive/MyDrive/datosDescarga/images/train_01322.png,/content/drive/MyDrive/datosDescarga/depths_png16mm/train_01322.png,/content/drive/MyDrive/datosDescarga/labels_png/train_01322.png
train,542,/content/drive/MyDrive/datosDescarga/images/train_00542.png,/content/drive/MyDrive/datosDescarga/depths_png16mm/train_00542.png,/content/drive/MyDrive/datosDescarga/labels_png/train_00542.png
train,1055,/content/drive/MyDrive/datosDescarga/images/train_01055.png,/content/drive/MyDrive/datosDescarga/depths_png16mm/train_01055.png,/content/drive/MyDrive/datosDescarga/labels_png/train_01055.png
train,431,/content/drive/MyDrive/datosDescarga/images/train_00431.png,/content/drive/MyDrive/datosDescarga/depths_png16mm/train_00431.png,/content/drive/MyDrive/datosDescarga/labels_png/train_00431.png
train,1114,/content/drive/MyDrive/datosDescarga/images/train_01114.png,/content/drive/MyDrive/datosDescarga/depths_png16mm/train_01114.png,/content/drive/MyDrive/datosDescarga/labels_png/train_01114.png
train,157,/content/drive/MyDrive/datosDescarga/images/train_00157.png,/content/drive/MyDrive/datosDescarga/depths_png16mm/train_00157.png,/content/drive/MyDrive/datosDescarga/labels_png/train_00157.png
train,688,/content/drive/MyDrive/datosDescarga/images/train_00688.png,/content/drive/MyDrive/datosDescarga/depths_png16mm/train_00688.png,/content/drive/MyDrive/datosDescarga/labels_png/train_00688.png
train,1224,/content/drive/MyDrive/datosDescarga/images/train_01224.png,/content/drive/MyDrive/datosDescarga/depths_png16mm/train_01224.png,/content/drive/MyDrive/datosDescarga/labels_png/train_01224.png
train,1060,/content/drive/MyDrive/datosDescarga/images/train_01060.png,/content/drive/MyDrive/datosDescarga/depths_png16mm/train_01060.png,/content/drive/MyDrive/datosDescarga/labels_png/train_01060.png
train,331,/content/drive/MyDrive/datosDescarga/images/train_00331.png,/content/drive/MyDrive/datosDescarga/depths_png16mm/train_00331.png,/content/drive/MyDrive/datosDescarga/labels_png/train_00331.png
train,1212,/content/drive/MyDrive/datosDescarga/images/train_01212.png,/content/drive/MyDrive/datosDescarga/depths_png16mm/train_01212.png,/content/drive/MyDrive/datosDescarga/labels_png/train_01212.png
train,1173,/content/drive/MyDrive/datosDescarga/images/train_01173.png,/content/drive/MyDrive/datosDescarga/depths_png16mm/train_01173.png,/content/drive/MyDrive/datosDescarga/labels_png/train_01173.png
train,518,/content/drive/MyDrive/datosDescarga/images/train_00518.png,/content/drive/MyDrive/datosDescarga/depths_png16mm/train_00518.png,/content/drive/MyDrive/datosDescarga/labels_png/train_00518.png
train,575,/content/drive/MyDrive/datosDescarga/images/train_00575.png,/content/drive/MyDrive/datosDescarga/depths_png16mm/train_00575.png,/content/drive/MyDrive/datosDescarga/labels_png/train_00575.png
train,724,/content/drive/MyDrive/datosDescarga/images/train_00724.png,/content/drive/MyDrive/datosDescarga/depths_png16mm/train_00724.png,/content/drive/MyDrive/datosDescarga/labels_png/train_00724.png
train,1091,/content/drive/MyDrive/datosDescarga/images/train_01091.png,/content/drive/MyDrive/datosDescarga/depths_png16mm/train_01091.png,/content/drive/MyDrive/datosDescarga/labels_png/train_01091.png
train,529,/content/drive/MyDrive/datosDescarga/images/train_00529.png,/content/drive/MyDrive/datosDescarga/depths_png16mm/train_00529.png,/content/drive/MyDrive/datosDescarga/labels_png/train_00529.png
train,126,/content/drive/MyDrive/datosDescarga/images/train_00126.png,/content/drive/MyDrive/datosDescarga/depths_png16mm/train_00126.png,/content/drive/MyDrive/datosDescarga/labels_png/train_00126.png
train,122,/content/drive/MyDrive/datosDescarga/images/train_00122.png,/content/drive/MyDrive/datosDescarga/depths_png16mm/train_00122.png,/content/drive/MyDrive/datosDescarga/labels_png/train_00122.png
train,573,/content/drive/MyDrive/datosDescarga/images/train_00573.png,/content/drive/MyDrive/datosDescarga/depths_png16mm/train_00573.png,/content/drive/MyDrive/datosDescarga/labels_png/train_00573.png
train,417,/content/drive/MyDrive/datosDescarga/images/train_00417.png,/content/drive/MyDrive/datosDescarga/depths_png16mm/train_00417.png,/content/drive/MyDrive/datosDescarga/labels_png/train_00417.png
train,856,/content/drive/MyDrive/datosDescarga/images/train_00856.png,/content/drive/MyDrive/datosDescarga/depths_png16mm/train_00856.png,/content/drive/MyDrive/datosDescarga/labels_png/train_00856.png
train,1117,/content/drive/MyDrive/datosDescarga/images/train_01117.png,/content/drive/MyDrive/datosDescarga/depths_png16mm/train_01117.png,/content/drive/MyDrive/datosDescarga/labels_png/train_01117.png
train,319,/content/drive/MyDrive/datosDescarga/images/train_00319.png,/content/drive/MyDrive/datosDescarga/depths_png16mm/train_00319.png,/content/drive/MyDrive/datosDescarga/labels_png/train_00319.png
train,1174,/content/drive/MyDrive/datosDescarga/images/train_01174.png,/content/drive/MyDrive/datosDescarga/depths_png16mm/train_01174.png,/content/drive/MyDrive/datosDescarga/labels_png/train_01174.png
train,151,/content/drive/MyDrive/datosDescarga/images/train_00151.png,/content/drive/MyDrive/datosDescarga/depths_png16mm/train_00151.png,/content/drive/MyDrive/datosDescarga/labels_png/train_00151.png
train,544,/content/drive/MyDrive/datosDescarga/images/train_00544.png,/content/drive/MyDrive/datosDescarga/depths_png16mm/train_00544.png,/content/drive/MyDrive/datosDescarga/labels_png/train_00544.png
train,300,/content/drive/MyDrive/datosDescarga/images/train_00300.png,/content/drive/MyDrive/datosDescarga/depths_png16mm/train_00300.png,/content/drive/MyDrive/datosDescarga/labels_png/train_00300.png
train,1020,/content/drive/MyDrive/datosDescarga/images/train_01020.png,/content/drive/MyDrive/datosDescarga/depths_png16mm/train_01020.png,/content/drive/MyDrive/datosDescarga/labels_png/train_01020.png
train,344,/content/drive/MyDrive/datosDescarga/images/train_00344.png,/content/drive/MyDrive/datosDescarga/depths_png16mm/train_00344.png,/content/drive/MyDrive/datosDescarga/labels_png/train_00344.png
train,1064,/content/drive/MyDrive/datosDescarga/images/train_01064.png,/content/drive/MyDrive/datosDescarga/depths_png16mm/train_01064.png,/content/drive/MyDrive/datosDescarga/labels_png/train_01064.png
train,0,/content/drive/MyDrive/datosDescarga/images/train_00000.png,/content/drive/MyDrive/datosDescarga/depths_png16mm/train_00000.png,/content/drive/MyDrive/datosDescarga/labels_png/train_00000.png
train,1256,/content/drive/MyDrive/datosDescarga/images/train_01256.png,/content/drive/MyDrive/datosDescarga/depths_png16mm/train_01256.png,/content/drive/MyDrive/datosDescarga/labels_png/train_01256.png
train,1417,/content/drive/MyDrive/datosDescarga/images/train_01417.png,/content/drive/MyDrive/datosDescarga/depths_png16mm/train_01417.png,/content/drive/MyDrive/datosDescarga/labels_png/train_01417.png
train,8,/content/drive/MyDrive/datosDescarga/images/train_00008.png,/content/drive/MyDrive/datosDescarga/depths_png16mm/train_00008.png,/content/drive/MyDrive/datosDescarga/labels_png/train_00008.png
train,393,/content/drive/MyDrive/datosDescarga/images/train_00393.png,/content/drive/MyDrive/datosDescarga/depths_png16mm/train_00393.png,/content/drive/MyDrive/datosDescarga/labels_png/train_00393.png
train,612,/content/drive/MyDrive/datosDescarga/images/train_00612.png,/content/drive/MyDrive/datosDescarga/depths_png16mm/train_00612.png,/content/drive/MyDrive/datosDescarga/labels_png/train_00612.png
train,1034,/content/drive/MyDrive/datosDescarga/images/train_01034.png,/content/drive/MyDrive/datosDescarga/depths_png16mm/train_01034.png,/content/drive/MyDrive/datosDescarga/labels_png/train_01034.png
train,1349,/content/drive/MyDrive/datosDescarga/images/train_01349.png,/content/drive/MyDrive/datosDescarga/depths_png16mm/train_01349.png,/content/drive/MyDrive/datosDescarga/labels_png/train_01349.png
train,886,/content/drive/MyDrive/datosDescarga/images/train_00886.png,/content/drive/MyDrive/datosDescarga/depths_png16mm/train_00886.png,/content/drive/MyDrive/datosDescarga/labels_png/train_00886.png
train,952,/content/drive/MyDrive/datosDescarga/images/train_00952.png,/content/drive/MyDrive/datosDescarga/depths_png16mm/train_00952.png,/content/drive/MyDrive/datosDescarga/labels_png/train_00952.png
train,1408,/content/drive/MyDrive/datosDescarga/images/train_01408.png,/content/drive/MyDrive/datosDescarga/depths_png16mm/train_01408.png,/content/drive/MyDrive/datosDescarga/labels_png/train_01408.png
train,981,/content/drive/MyDrive/datosDescarga/images/train_00981.png,/content/drive/MyDrive/datosDescarga/depths_png16mm/train_00981.png,/content/drive/MyDrive/datosDescarga/labels_png/train_00981.png
train,1366,/content/drive/MyDrive/datosDescarga/images/train_01366.png,/content/drive/MyDrive/datosDescarga/depths_png16mm/train_01366.png,/content/drive/MyDrive/datosDescarga/labels_png/train_01366.png
train,662,/content/drive/MyDrive/datosDescarga/images/train_00662.png,/content/drive/MyDrive/datosDescarga/depths_png16mm/train_00662.png,/content/drive/MyDrive/datosDescarga/labels_png/train_00662.png
train,1076,/content/drive/MyDrive/datosDescarga/images/train_01076.png,/content/drive/MyDrive/datosDescarga/depths_png16mm/train_01076.png,/content/drive/MyDrive/datosDescarga/labels_png/train_01076.png
train,567,/content/drive/MyDrive/datosDescarga/images/train_00567.png,/content/drive/MyDrive/datosDescarga/depths_png16mm/train_00567.png,/content/drive/MyDrive/datosDescarga/labels_png/train_00567.png
train,117,/content/drive/MyDrive/datosDescarga/images/train_00117.png,/content/drive/MyDrive/datosDescarga/depths_png16mm/train_00117.png,/content/drive/MyDrive/datosDescarga/labels_png/train_00117.png
train,999,/content/drive/MyDrive/datosDescarga/images/train_00999.png,/content/drive/MyDrive/datosDescarga/depths_png16mm/train_00999.png,/content/drive/MyDrive/datosDescarga/labels_png/train_00999.png
train,265,/content/drive/MyDrive/datosDescarga/images/train_00265.png,/content/drive/MyDrive/datosDescarga/depths_png16mm/train_00265.png,/content/drive/MyDrive/datosDescarga/labels_png/train_00265.png
train,924,/content/drive/MyDrive/datosDescarga/images/train_00924.png,/content/drive/MyDrive/datosDescarga/depths_png16mm/train_00924.png,/content/drive/MyDrive/datosDescarga/labels_png/train_00924.png
train,1308,/content/drive/MyDrive/datosDescarga/images/train_01308.png,/content/drive/MyDrive/datosDescarga/depths_png16mm/train_01308.png,/content/drive/MyDrive/datosDescarga/labels_png/train_01308.png
train,1348,/content/drive/MyDrive/datosDescarga/images/train_01348.png,/content/drive/MyDrive/datosDescarga/depths_png16mm/train_01348.png,/content/drive/MyDrive/datosDescarga/labels_png/train_01348.png
train,848,/content/drive/MyDrive/datosDescarga/images/train_00848.png,/content/drive/MyDrive/datosDescarga/depths_png16mm/train_00848.png,/content/drive/MyDrive/datosDescarga/labels_png/train_00848.png
train,279,/content/drive/MyDrive/datosDescarga/images/train_00279.png,/content/drive/MyDrive/datosDescarga/depths_png16mm/train_00279.png,/content/drive/MyDrive/datosDescarga/labels_png/train_00279.png
train,490,/content/drive/MyDrive/datosDescarga/images/train_00490.png,/content/drive/MyDrive/datosDescarga/depths_png16mm/train_00490.png,/content/drive/MyDrive/datosDescarga/labels_png/train_00490.png
train,910,/content/drive/MyDrive/datosDescarga/images/train_00910.png,/content/drive/MyDrive/datosDescarga/depths_png16mm/train_00910.png,/content/drive/MyDrive/datosDescarga/labels_png/train_00910.png
train,463,/content/drive/MyDrive/datosDescarga/images/train_00463.png,/content/drive/MyDrive/datosDescarga/depths_png16mm/train_00463.png,/content/drive/MyDrive/datosDescarga/labels_png/train_00463.png
train,269,/content/drive/MyDrive/datosDescarga/images/train_00269.png,/content/drive/MyDrive/datosDescarga/depths_png16mm/train_00269.png,/content/drive/MyDrive/datosDescarga/labels_png/train_00269.png
train,1087,/content/drive/MyDrive/datosDescarga/images/train_01087.png,/content/drive/MyDrive/datosDescarga/depths_png16mm/train_01087.png,/content/drive/MyDrive/datosDescarga/labels_png/train_01087.png
train,105,/content/drive/MyDrive/datosDescarga/images/train_00105.png,/content/drive/MyDrive/datosDescarga/depths_png16mm/train_00105.png,/content/drive/MyDrive/datosDescarga/labels_png/train_00105.png
train,1313,/content/drive/MyDrive/datosDescarga/images/train_01313.png,/content/drive/MyDrive/datosDescarga/depths_png16mm/train_01313.png,/content/drive/MyDrive/datosDescarga/labels_png/train_01313.png
train,1242,/content/drive/MyDrive/datosDescarga/images/train_01242.png,/content/drive/MyDrive/datosDescarga/depths_png16mm/train_01242.png,/content/drive/MyDrive/datosDescarga/labels_png/train_01242.png
train,1105,/content/drive/MyDrive/datosDescarga/images/train_01105.png,/content/drive/MyDrive/datosDescarga/depths_png16mm/train_01105.png,/content/drive/MyDrive/datosDescarga/labels_png/train_01105.png
train,87,/content/drive/MyDrive/datosDescarga/images/train_00087.png,/content/drive/MyDrive/datosDescarga/depths_png16mm/train_00087.png,/content/drive/MyDrive/datosDescarga/labels_png/train_00087.png
train,114,/content/drive/MyDrive/datosDescarga/images/train_00114.png,/content/drive/MyDrive/datosDescarga/depths_png16mm/train_00114.png,/content/drive/MyDrive/datosDescarga/labels_png/train_00114.png
train,491,/content/drive/MyDrive/datosDescarga/images/train_00491.png,/content/drive/MyDrive/datosDescarga/depths_png16mm/train_00491.png,/content/drive/MyDrive/datosDescarga/labels_png/train_00491.png
train,360,/content/drive/MyDrive/datosDescarga/images/train_00360.png,/content/drive/MyDrive/datosDescarga/depths_png16mm/train_00360.png,/content/drive/MyDrive/datosDescarga/labels_png/train_00360.png
train,1125,/content/drive/MyDrive/datosDescarga/images/train_01125.png,/content/drive/MyDrive/datosDescarga/depths_png16mm/train_01125.png,/content/drive/MyDrive/datosDescarga/labels_png/train_01125.png
train,1428,/content/drive/MyDrive/datosDescarga/images/train_01428.png,/content/drive/MyDrive/datosDescarga/depths_png16mm/train_01428.png,/content/drive/MyDrive/datosDescarga/labels_png/train_01428.png
train,212,/content/drive/MyDrive/datosDescarga/images/train_00212.png,/content/drive/MyDrive/datosDescarga/depths_png16mm/train_00212.png,/content/drive/MyDrive/datosDescarga/labels_png/train_00212.png
train,1059,/content/drive/MyDrive/datosDescarga/images/train_01059.png,/content/drive/MyDrive/datosDescarga/depths_png16mm/train_01059.png,/content/drive/MyDrive/datosDescarga/labels_png/train_01059.png
train,391,/content/drive/MyDrive/datosDescarga/images/train_00391.png,/content/drive/MyDrive/datosDescarga/depths_png16mm/train_00391.png,/content/drive/MyDrive/datosDescarga/labels_png/train_00391.png
train,1023,/content/drive/MyDrive/datosDescarga/images/train_01023.png,/content/drive/MyDrive/datosDescarga/depths_png16mm/train_01023.png,/content/drive/MyDrive/datosDescarga/labels_png/train_01023.png
train,1166,/content/drive/MyDrive/datosDescarga/images/train_01166.png,/content/drive/MyDrive/datosDescarga/depths_png16mm/train_01166.png,/content/drive/MyDrive/datosDescarga/labels_png/train_01166.png
train,91,/content/drive/MyDrive/datosDescarga/images/train_00091.png,/content/drive/MyDrive/datosDescarga/depths_png16mm/train_00091.png,/content/drive/MyDrive/datosDescarga/labels_png/train_00091.png
train,579,/content/drive/MyDrive/datosDescarga/images/train_00579.png,/content/drive/MyDrive/datosDescarga/depths_png16mm/train_00579.png,/content/drive/MyDrive/datosDescarga/labels_png/train_00579.png
train,786,/content/drive/MyDrive/datosDescarga/images/train_00786.png,/content/drive/MyDrive/datosDescarga/depths_png16mm/train_00786.png,/content/drive/MyDrive/datosDescarga/labels_png/train_00786.png
train,546,/content/drive/MyDrive/datosDescarga/images/train_00546.png,/content/drive/MyDrive/datosDescarga/depths_png16mm/train_00546.png,/content/drive/MyDrive/datosDescarga/labels_png/train_00546.png
train,672,/content/drive/MyDrive/datosDescarga/images/train_00672.png,/content/drive/MyDrive/datosDescarga/depths_png16mm/train_00672.png,/content/drive/MyDrive/datosDescarga/labels_png/train_00672.png
train,1102,/content/drive/MyDrive/datosDescarga/images/train_01102.png,/content/drive/MyDrive/datosDescarga/depths_png16mm/train_01102.png,/content/drive/MyDrive/datosDescarga/labels_png/train_01102.png
train,202,/content/drive/MyDrive/datosDescarga/images/train_00202.png,/content/drive/MyDrive/datosDescarga/depths_png16mm/train_00202.png,/content/drive/MyDrive/datosDescarga/labels_png/train_00202.png
train,30,/content/drive/MyDrive/datosDescarga/images/train_00030.png,/content/drive/MyDrive/datosDescarga/depths_png16mm/train_00030.png,/content/drive/MyDrive/datosDescarga/labels_png/train_00030.png
train,1334,/content/drive/MyDrive/datosDescarga/images/train_01334.png,/content/drive/MyDrive/datosDescarga/depths_png16mm/train_01334.png,/content/drive/MyDrive/datosDescarga/labels_png/train_01334.png
train,647,/content/drive/MyDrive/datosDescarga/images/train_00647.png,/content/drive/MyDrive/datosDescarga/depths_png16mm/train_00647.png,/content/drive/MyDrive/datosDescarga/labels_png/train_00647.png
train,1430,/content/drive/MyDrive/datosDescarga/images/train_01430.png,/content/drive/MyDrive/datosDescarga/depths_png16mm/train_01430.png,/content/drive/MyDrive/datosDescarga/labels_png/train_01430.png
train,357,/content/drive/MyDrive/datosDescarga/images/train_00357.png,/content/drive/MyDrive/datosDescarga/depths_png16mm/train_00357.png,/content/drive/MyDrive/datosDescarga/labels_png/train_00357.png
train,824,/content/drive/MyDrive/datosDescarga/images/train_00824.png,/content/drive/MyDrive/datosDescarga/depths_png16mm/train_00824.png,/content/drive/MyDrive/datosDescarga/labels_png/train_00824.png
train,1160,/content/drive/MyDrive/datosDescarga/images/train_01160.png,/content/drive/MyDrive/datosDescarga/depths_png16mm/train_01160.png,/content/drive/MyDrive/datosDescarga/labels_png/train_01160.png
train,434,/content/drive/MyDrive/datosDescarga/images/train_00434.png,/content/drive/MyDrive/datosDescarga/depths_png16mm/train_00434.png,/content/drive/MyDrive/datosDescarga/labels_png/train_00434.png
train,829,/content/drive/MyDrive/datosDescarga/images/train_00829.png,/content/drive/MyDrive/datosDescarga/depths_png16mm/train_00829.png,/content/drive/MyDrive/datosDescarga/labels_png/train_00829.png
train,1241,/content/drive/MyDrive/datosDescarga/images/train_01241.png,/content/drive/MyDrive/datosDescarga/depths_png16mm/train_01241.png,/content/drive/MyDrive/datosDescarga/labels_png/train_01241.png
train,1172,/content/drive/MyDrive/datosDescarga/images/train_01172.png,/content/drive/MyDrive/datosDescarga/depths_png16mm/train_01172.png,/content/drive/MyDrive/datosDescarga/labels_png/train_01172.png
train,484,/content/drive/MyDrive/datosDescarga/images/train_00484.png,/content/drive/MyDrive/datosDescarga/depths_png16mm/train_00484.png,/content/drive/MyDrive/datosDescarga/labels_png/train_00484.png
train,176,/content/drive/MyDrive/datosDescarga/images/train_00176.png,/content/drive/MyDrive/datosDescarga/depths_png16mm/train_00176.png,/content/drive/MyDrive/datosDescarga/labels_png/train_00176.png
train,819,/content/drive/MyDrive/datosDescarga/images/train_00819.png,/content/drive/MyDrive/datosDescarga/depths_png16mm/train_00819.png,/content/drive/MyDrive/datosDescarga/labels_png/train_00819.png
train,164,/content/drive/MyDrive/datosDescarga/images/train_00164.png,/content/drive/MyDrive/datosDescarga/depths_png16mm/train_00164.png,/content/drive/MyDrive/datosDescarga/labels_png/train_00164.png
train,835,/content/drive/MyDrive/datosDescarga/images/train_00835.png,/content/drive/MyDrive/datosDescarga/depths_png16mm/train_00835.png,/content/drive/MyDrive/datosDescarga/labels_png/train_00835.png
train,401,/content/drive/MyDrive/datosDescarga/images/train_00401.png,/content/drive/MyDrive/datosDescarga/depths_png16mm/train_00401.png,/content/drive/MyDrive/datosDescarga/labels_png/train_00401.png
train,143,/content/drive/MyDrive/datosDescarga/images/train_00143.png,/content/drive/MyDrive/datosDescarga/depths_png16mm/train_00143.png,/content/drive/MyDrive/datosDescarga/labels_png/train_00143.png
train,1032,/content/drive/MyDrive/datosDescarga/images/train_01032.png,/content/drive/MyDrive/datosDescarga/depths_png16mm/train_01032.png,/content/drive/MyDrive/datosDescarga/labels_png/train_01032.png
train,902,/content/drive/MyDrive/datosDescarga/images/train_00902.png,/content/drive/MyDrive/datosDescarga/depths_png16mm/train_00902.png,/content/drive/MyDrive/datosDescarga/labels_png/train_00902.png
train,62,/content/drive/MyDrive/datosDescarga/images/train_00062.png,/content/drive/MyDrive/datosDescarga/depths_png16mm/train_00062.png,/content/drive/MyDrive/datosDescarga/labels_png/train_00062.png
train,487,/content/drive/MyDrive/datosDescarga/images/train_00487.png,/content/drive/MyDrive/datosDescarga/depths_png16mm/train_00487.png,/content/drive/MyDrive/datosDescarga/labels_png/train_00487.png
train,287,/content/drive/MyDrive/datosDescarga/images/train_00287.png,/content/drive/MyDrive/datosDescarga/depths_png16mm/train_00287.png,/content/drive/MyDrive/datosDescarga/labels_png/train_00287.png
train,1446,/content/drive/MyDrive/datosDescarga/images/train_01446.png,/content/drive/MyDrive/datosDescarga/depths_png16mm/train_01446.png,/content/drive/MyDrive/datosDescarga/labels_png/train_01446.png
train,3,/content/drive/MyDrive/datosDescarga/images/train_00003.png,/content/drive/MyDrive/datosDescarga/depths_png16mm/train_00003.png,/content/drive/MyDrive/datosDescarga/labels_png/train_00003.png
train,285,/content/drive/MyDrive/datosDescarga/images/train_00285.png,/content/drive/MyDrive/datosDescarga/depths_png16mm/train_00285.png,/content/drive/MyDrive/datosDescarga/labels_png/train_00285.png
train,142,/content/drive/MyDrive/datosDescarga/images/train_00142.png,/content/drive/MyDrive/datosDescarga/depths_png16mm/train_00142.png,/content/drive/MyDrive/datosDescarga/labels_png/train_00142.png
train,691,/content/drive/MyDrive/datosDescarga/images/train_00691.png,/content/drive/MyDrive/datosDescarga/depths_png16mm/train_00691.png,/content/drive/MyDrive/datosDescarga/labels_png/train_00691.png
train,597,/content/drive/MyDrive/datosDescarga/images/train_00597.png,/content/drive/MyDrive/datosDescarga/depths_png16mm/train_00597.png,/content/drive/MyDrive/datosDescarga/labels_png/train_00597.png
train,836,/content/drive/MyDrive/datosDescarga/images/train_00836.png,/content/drive/MyDrive/datosDescarga/depths_png16mm/train_00836.png,/content/drive/MyDrive/datosDescarga/labels_png/train_00836.png
train,12,/content/drive/MyDrive/datosDescarga/images/train_00012.png,/content/drive/MyDrive/datosDescarga/depths_png16mm/train_00012.png,/content/drive/MyDrive/datosDescarga/labels_png/train_00012.png
train,1252,/content/drive/MyDrive/datosDescarga/images/train_01252.png,/content/drive/MyDrive/datosDescarga/depths_png16mm/train_01252.png,/content/drive/MyDrive/datosDescarga/labels_png/train_01252.png
train,32,/content/drive/MyDrive/datosDescarga/images/train_00032.png,/content/drive/MyDrive/datosDescarga/depths_png16mm/train_00032.png,/content/drive/MyDrive/datosDescarga/labels_png/train_00032.png
train,837,/content/drive/MyDrive/datosDescarga/images/train_00837.png,/content/drive/MyDrive/datosDescarga/depths_png16mm/train_00837.png,/content/drive/MyDrive/datosDescarga/labels_png/train_00837.png
train,442,/content/drive/MyDrive/datosDescarga/images/train_00442.png,/content/drive/MyDrive/datosDescarga/depths_png16mm/train_00442.png,/content/drive/MyDrive/datosDescarga/labels_png/train_00442.png
train,635,/content/drive/MyDrive/datosDescarga/images/train_00635.png,/content/drive/MyDrive/datosDescarga/depths_png16mm/train_00635.png,/content/drive/MyDrive/datosDescarga/labels_png/train_00635.png
train,148,/content/drive/MyDrive/datosDescarga/images/train_00148.png,/content/drive/MyDrive/datosDescarga/depths_png16mm/train_00148.png,/content/drive/MyDrive/datosDescarga/labels_png/train_00148.png
train,1111,/content/drive/MyDrive/datosDescarga/images/train_01111.png,/content/drive/MyDrive/datosDescarga/depths_png16mm/train_01111.png,/content/drive/MyDrive/datosDescarga/labels_png/train_01111.png
train,1409,/content/drive/MyDrive/datosDescarga/images/train_01409.png,/content/drive/MyDrive/datosDescarga/depths_png16mm/train_01409.png,/content/drive/MyDrive/datosDescarga/labels_png/train_01409.png
train,945,/content/drive/MyDrive/datosDescarga/images/train_00945.png,/content/drive/MyDrive/datosDescarga/depths_png16mm/train_00945.png,/content/drive/MyDrive/datosDescarga/labels_png/train_00945.png
train,1266,/content/drive/MyDrive/datosDescarga/images/train_01266.png,/content/drive/MyDrive/datosDescarga/depths_png16mm/train_01266.png,/content/drive/MyDrive/datosDescarga/labels_png/train_01266.png
train,348,/content/drive/MyDrive/datosDescarga/images/train_00348.png,/content/drive/MyDrive/datosDescarga/depths_png16mm/train_00348.png,/content/drive/MyDrive/datosDescarga/labels_png/train_00348.png
train,440,/content/drive/MyDrive/datosDescarga/images/train_00440.png,/content/drive/MyDrive/datosDescarga/depths_png16mm/train_00440.png,/content/drive/MyDrive/datosDescarga/labels_png/train_00440.png
train,601,/content/drive/MyDrive/datosDescarga/images/train_00601.png,/content/drive/MyDrive/datosDescarga/depths_png16mm/train_00601.png,/content/drive/MyDrive/datosDescarga/labels_png/train_00601.png
train,231,/content/drive/MyDrive/datosDescarga/images/train_00231.png,/content/drive/MyDrive/datosDescarga/depths_png16mm/train_00231.png,/content/drive/MyDrive/datosDescarga/labels_png/train_00231.png
train,22,/content/drive/MyDrive/datosDescarga/images/train_00022.png,/content/drive/MyDrive/datosDescarga/depths_png16mm/train_00022.png,/content/drive/MyDrive/datosDescarga/labels_png/train_00022.png
train,450,/content/drive/MyDrive/datosDescarga/images/train_00450.png,/content/drive/MyDrive/datosDescarga/depths_png16mm/train_00450.png,/content/drive/MyDrive/datosDescarga/labels_png/train_00450.png
train,736,/content/drive/MyDrive/datosDescarga/images/train_00736.png,/content/drive/MyDrive/datosDescarga/depths_png16mm/train_00736.png,/content/drive/MyDrive/datosDescarga/labels_png/train_00736.png
train,756,/content/drive/MyDrive/datosDescarga/images/train_00756.png,/content/drive/MyDrive/datosDescarga/depths_png16mm/train_00756.png,/content/drive/MyDrive/datosDescarga/labels_png/train_00756.png
train,959,/content/drive/MyDrive/datosDescarga/images/train_00959.png,/content/drive/MyDrive/datosDescarga/depths_png16mm/train_00959.png,/content/drive/MyDrive/datosDescarga/labels_png/train_00959.png
train,1282,/content/drive/MyDrive/datosDescarga/images/train_01282.png,/content/drive/MyDrive/datosDescarga/depths_png16mm/train_01282.png,/content/drive/MyDrive/datosDescarga/labels_png/train_01282.png
train,1053,/content/drive/MyDrive/datosDescarga/images/train_01053.png,/content/drive/MyDrive/datosDescarga/depths_png16mm/train_01053.png,/content/drive/MyDrive/datosDescarga/labels_png/train_01053.png
train,290,/content/drive/MyDrive/datosDescarga/images/train_00290.png,/content/drive/MyDrive/datosDescarga/depths_png16mm/train_00290.png,/content/drive/MyDrive/datosDescarga/labels_png/train_00290.png
train,781,/content/drive/MyDrive/datosDescarga/images/train_00781.png,/content/drive/MyDrive/datosDescarga/depths_png16mm/train_00781.png,/content/drive/MyDrive/datosDescarga/labels_png/train_00781.png
train,366,/content/drive/MyDrive/datosDescarga/images/train_00366.png,/content/drive/MyDrive/datosDescarga/depths_png16mm/train_00366.png,/content/drive/MyDrive/datosDescarga/labels_png/train_00366.png
train,1165,/content/drive/MyDrive/datosDescarga/images/train_01165.png,/content/drive/MyDrive/datosDescarga/depths_png16mm/train_01165.png,/content/drive/MyDrive/datosDescarga/labels_png/train_01165.png
train,876,/content/drive/MyDrive/datosDescarga/images/train_00876.png,/content/drive/MyDrive/datosDescarga/depths_png16mm/train_00876.png,/content/drive/MyDrive/datosDescarga/labels_png/train_00876.png
train,703,/content/drive/MyDrive/datosDescarga/images/train_00703.png,/content/drive/MyDrive/datosDescarga/depths_png16mm/train_00703.png,/content/drive/MyDrive/datosDescarga/labels_png/train_00703.png
train,435,/content/drive/MyDrive/datosDescarga/images/train_00435.png,/content/drive/MyDrive/datosDescarga/depths_png16mm/train_00435.png,/content/drive/MyDrive/datosDescarga/labels_png/train_00435.png
train,1052,/content/drive/MyDrive/datosDescarga/images/train_01052.png,/content/drive/MyDrive/datosDescarga/depths_png16mm/train_01052.png,/content/drive/MyDrive/datosDescarga/labels_png/train_01052.png
train,738,/content/drive/MyDrive/datosDescarga/images/train_00738.png,/content/drive/MyDrive/datosDescarga/depths_png16mm/train_00738.png,/content/drive/MyDrive/datosDescarga/labels_png/train_00738.png
train,671,/content/drive/MyDrive/datosDescarga/images/train_00671.png,/content/drive/MyDrive/datosDescarga/depths_png16mm/train_00671.png,/content/drive/MyDrive/datosDescarga/labels_png/train_00671.png
train,603,/content/drive/MyDrive/datosDescarga/images/train_00603.png,/content/drive/MyDrive/datosDescarga/depths_png16mm/train_00603.png,/content/drive/MyDrive/datosDescarga/labels_png/train_00603.png
train,190,/content/drive/MyDrive/datosDescarga/images/train_00190.png,/content/drive/MyDrive/datosDescarga/depths_png16mm/train_00190.png,/content/drive/MyDrive/datosDescarga/labels_png/train_00190.png
train,657,/content/drive/MyDrive/datosDescarga/images/train_00657.png,/content/drive/MyDrive/datosDescarga/depths_png16mm/train_00657.png,/content/drive/MyDrive/datosDescarga/labels_png/train_00657.png
train,742,/content/drive/MyDrive/datosDescarga/images/train_00742.png,/content/drive/MyDrive/datosDescarga/depths_png16mm/train_00742.png,/content/drive/MyDrive/datosDescarga/labels_png/train_00742.png
train,1284,/content/drive/MyDrive/datosDescarga/images/train_01284.png,/content/drive/MyDrive/datosDescarga/depths_png16mm/train_01284.png,/content/drive/MyDrive/datosDescarga/labels_png/train_01284.png
train,297,/content/drive/MyDrive/datosDescarga/images/train_00297.png,/content/drive/MyDrive/datosDescarga/depths_png16mm/train_00297.png,/content/drive/MyDrive/datosDescarga/labels_png/train_00297.png
train,370,/content/drive/MyDrive/datosDescarga/images/train_00370.png,/content/drive/MyDrive/datosDescarga/depths_png16mm/train_00370.png,/content/drive/MyDrive/datosDescarga/labels_png/train_00370.png
train,907,/content/drive/MyDrive/datosDescarga/images/train_00907.png,/content/drive/MyDrive/datosDescarga/depths_png16mm/train_00907.png,/content/drive/MyDrive/datosDescarga/labels_png/train_00907.png
train,1358,/content/drive/MyDrive/datosDescarga/images/train_01358.png,/content/drive/MyDrive/datosDescarga/depths_png16mm/train_01358.png,/content/drive/MyDrive/datosDescarga/labels_png/train_01358.png
train,1264,/content/drive/MyDrive/datosDescarga/images/train_01264.png,/content/drive/MyDrive/datosDescarga/depths_png16mm/train_01264.png,/content/drive/MyDrive/datosDescarga/labels_png/train_01264.png
train,656,/content/drive/MyDrive/datosDescarga/images/train_00656.png,/content/drive/MyDrive/datosDescarga/depths_png16mm/train_00656.png,/content/drive/MyDrive/datosDescarga/labels_png/train_00656.png
train,940,/content/drive/MyDrive/datosDescarga/images/train_00940.png,/content/drive/MyDrive/datosDescarga/depths_png16mm/train_00940.png,/content/drive/MyDrive/datosDescarga/labels_png/train_00940.png
train,1302,/content/drive/MyDrive/datosDescarga/images/train_01302.png,/content/drive/MyDrive/datosDescarga/depths_png16mm/train_01302.png,/content/drive/MyDrive/datosDescarga/labels_png/train_01302.png
train,969,/content/drive/MyDrive/datosDescarga/images/train_00969.png,/content/drive/MyDrive/datosDescarga/depths_png16mm/train_00969.png,/content/drive/MyDrive/datosDescarga/labels_png/train_00969.png
train,967,/content/drive/MyDrive/datosDescarga/images/train_00967.png,/content/drive/MyDrive/datosDescarga/depths_png16mm/train_00967.png,/content/drive/MyDrive/datosDescarga/labels_png/train_00967.png
train,1237,/content/drive/MyDrive/datosDescarga/images/train_01237.png,/content/drive/MyDrive/datosDescarga/depths_png16mm/train_01237.png,/content/drive/MyDrive/datosDescarga/labels_png/train_01237.png
train,615,/content/drive/MyDrive/datosDescarga/images/train_00615.png,/content/drive/MyDrive/datosDescarga/depths_png16mm/train_00615.png,/content/drive/MyDrive/datosDescarga/labels_png/train_00615.png
train,870,/content/drive/MyDrive/datosDescarga/images/train_00870.png,/content/drive/MyDrive/datosDescarga/depths_png16mm/train_00870.png,/content/drive/MyDrive/datosDescarga/labels_png/train_00870.png
train,1295,/content/drive/MyDrive/datosDescarga/images/train_01295.png,/content/drive/MyDrive/datosDescarga/depths_png16mm/train_01295.png,/content/drive/MyDrive/datosDescarga/labels_png/train_01295.png
train,950,/content/drive/MyDrive/datosDescarga/images/train_00950.png,/content/drive/MyDrive/datosDescarga/depths_png16mm/train_00950.png,/content/drive/MyDrive/datosDescarga/labels_png/train_00950.png
train,97,/content/drive/MyDrive/datosDescarga/images/train_00097.png,/content/drive/MyDrive/datosDescarga/depths_png16mm/train_00097.png,/content/drive/MyDrive/datosDescarga/labels_png/train_00097.png
train,1425,/content/drive/MyDrive/datosDescarga/images/train_01425.png,/content/drive/MyDrive/datosDescarga/depths_png16mm/train_01425.png,/content/drive/MyDrive/datosDescarga/labels_png/train_01425.png
train,432,/content/drive/MyDrive/datosDescarga/images/train_00432.png,/content/drive/MyDrive/datosDescarga/depths_png16mm/train_00432.png,/content/drive/MyDrive/datosDescarga/labels_png/train_00432.png
train,311,/content/drive/MyDrive/datosDescarga/images/train_00311.png,/content/drive/MyDrive/datosDescarga/depths_png16mm/train_00311.png,/content/drive/MyDrive/datosDescarga/labels_png/train_00311.png
train,822,/content/drive/MyDrive/datosDescarga/images/train_00822.png,/content/drive/MyDrive/datosDescarga/depths_png16mm/train_00822.png,/content/drive/MyDrive/datosDescarga/labels_png/train_00822.png
train,1206,/content/drive/MyDrive/datosDescarga/images/train_01206.png,/content/drive/MyDrive/datosDescarga/depths_png16mm/train_01206.png,/content/drive/MyDrive/datosDescarga/labels_png/train_01206.png
train,984,/content/drive/MyDrive/datosDescarga/images/train_00984.png,/content/drive/MyDrive/datosDescarga/depths_png16mm/train_00984.png,/content/drive/MyDrive/datosDescarga/labels_png/train_00984.png
train,881,/content/drive/MyDrive/datosDescarga/images/train_00881.png,/content/drive/MyDrive/datosDescarga/depths_png16mm/train_00881.png,/content/drive/MyDrive/datosDescarga/labels_png/train_00881.png
train,1046,/content/drive/MyDrive/datosDescarga/images/train_01046.png,/content/drive/MyDrive/datosDescarga/depths_png16mm/train_01046.png,/content/drive/MyDrive/datosDescarga/labels_png/train_01046.png
train,831,/content/drive/MyDrive/datosDescarga/images/train_00831.png,/content/drive/MyDrive/datosDescarga/depths_png16mm/train_00831.png,/content/drive/MyDrive/datosDescarga/labels_png/train_00831.png
train,161,/content/drive/MyDrive/datosDescarga/images/train_00161.png,/content/drive/MyDrive/datosDescarga/depths_png16mm/train_00161.png,/content/drive/MyDrive/datosDescarga/labels_png/train_00161.png
train,1068,/content/drive/MyDrive/datosDescarga/images/train_01068.png,/content/drive/MyDrive/datosDescarga/depths_png16mm/train_01068.png,/content/drive/MyDrive/datosDescarga/labels_png/train_01068.png
train,685,/content/drive/MyDrive/datosDescarga/images/train_00685.png,/content/drive/MyDrive/datosDescarga/depths_png16mm/train_00685.png,/content/drive/MyDrive/datosDescarga/labels_png/train_00685.png
train,88,/content/drive/MyDrive/datosDescarga/images/train_00088.png,/content/drive/MyDrive/datosDescarga/depths_png16mm/train_00088.png,/content/drive/MyDrive/datosDescarga/labels_png/train_00088.png
train,1213,/content/drive/MyDrive/datosDescarga/images/train_01213.png,/content/drive/MyDrive/datosDescarga/depths_png16mm/train_01213.png,/content/drive/MyDrive/datosDescarga/labels_png/train_01213.png
train,1123,/content/drive/MyDrive/datosDescarga/images/train_01123.png,/content/drive/MyDrive/datosDescarga/depths_png16mm/train_01123.png,/content/drive/MyDrive/datosDescarga/labels_png/train_01123.png
train,896,/content/drive/MyDrive/datosDescarga/images/train_00896.png,/content/drive/MyDrive/datosDescarga/depths_png16mm/train_00896.png,/content/drive/MyDrive/datosDescarga/labels_png/train_00896.png
train,684,/content/drive/MyDrive/datosDescarga/images/train_00684.png,/content/drive/MyDrive/datosDescarga/depths_png16mm/train_00684.png,/content/drive/MyDrive/datosDescarga/labels_png/train_00684.png
train,1433,/content/drive/MyDrive/datosDescarga/images/train_01433.png,/content/drive/MyDrive/datosDescarga/depths_png16mm/train_01433.png,/content/drive/MyDrive/datosDescarga/labels_png/train_01433.png
train,1214,/content/drive/MyDrive/datosDescarga/images/train_01214.png,/content/drive/MyDrive/datosDescarga/depths_png16mm/train_01214.png,/content/drive/MyDrive/datosDescarga/labels_png/train_01214.png
train,403,/content/drive/MyDrive/datosDescarga/images/train_00403.png,/content/drive/MyDrive/datosDescarga/depths_png16mm/train_00403.png,/content/drive/MyDrive/datosDescarga/labels_png/train_00403.png
train,436,/content/drive/MyDrive/datosDescarga/images/train_00436.png,/content/drive/MyDrive/datosDescarga/depths_png16mm/train_00436.png,/content/drive/MyDrive/datosDescarga/labels_png/train_00436.png
train,211,/content/drive/MyDrive/datosDescarga/images/train_00211.png,/content/drive/MyDrive/datosDescarga/depths_png16mm/train_00211.png,/content/drive/MyDrive/datosDescarga/labels_png/train_00211.png
train,1168,/content/drive/MyDrive/datosDescarga/images/train_01168.png,/content/drive/MyDrive/datosDescarga/depths_png16mm/train_01168.png,/content/drive/MyDrive/datosDescarga/labels_png/train_01168.png
train,1009,/content/drive/MyDrive/datosDescarga/images/train_01009.png,/content/drive/MyDrive/datosDescarga/depths_png16mm/train_01009.png,/content/drive/MyDrive/datosDescarga/labels_png/train_01009.png
train,1176,/content/drive/MyDrive/datosDescarga/images/train_01176.png,/content/drive/MyDrive/datosDescarga/depths_png16mm/train_01176.png,/content/drive/MyDrive/datosDescarga/labels_png/train_01176.png
train,130,/content/drive/MyDrive/datosDescarga/images/train_00130.png,/content/drive/MyDrive/datosDescarga/depths_png16mm/train_00130.png,/content/drive/MyDrive/datosDescarga/labels_png/train_00130.png
train,288,/content/drive/MyDrive/datosDescarga/images/train_00288.png,/content/drive/MyDrive/datosDescarga/depths_png16mm/train_00288.png,/content/drive/MyDrive/datosDescarga/labels_png/train_00288.png
train,638,/content/drive/MyDrive/datosDescarga/images/train_00638.png,/content/drive/MyDrive/datosDescarga/depths_png16mm/train_00638.png,/content/drive/MyDrive/datosDescarga/labels_png/train_00638.png
train,562,/content/drive/MyDrive/datosDescarga/images/train_00562.png,/content/drive/MyDrive/datosDescarga/depths_png16mm/train_00562.png,/content/drive/MyDrive/datosDescarga/labels_png/train_00562.png
train,1072,/content/drive/MyDrive/datosDescarga/images/train_01072.png,/content/drive/MyDrive/datosDescarga/depths_png16mm/train_01072.png,/content/drive/MyDrive/datosDescarga/labels_png/train_01072.png
train,1395,/content/drive/MyDrive/datosDescarga/images/train_01395.png,/content/drive/MyDrive/datosDescarga/depths_png16mm/train_01395.png,/content/drive/MyDrive/datosDescarga/labels_png/train_01395.png
train,750,/content/drive/MyDrive/datosDescarga/images/train_00750.png,/content/drive/MyDrive/datosDescarga/depths_png16mm/train_00750.png,/content/drive/MyDrive/datosDescarga/labels_png/train_00750.png
train,1272,/content/drive/MyDrive/datosDescarga/images/train_01272.png,/content/drive/MyDrive/datosDescarga/depths_png16mm/train_01272.png,/content/drive/MyDrive/datosDescarga/labels_png/train_01272.png
train,453,/content/drive/MyDrive/datosDescarga/images/train_00453.png,/content/drive/MyDrive/datosDescarga/depths_png16mm/train_00453.png,/content/drive/MyDrive/datosDescarga/labels_png/train_00453.png
train,495,/content/drive/MyDrive/datosDescarga/images/train_00495.png,/content/drive/MyDrive/datosDescarga/depths_png16mm/train_00495.png,/content/drive/MyDrive/datosDescarga/labels_png/train_00495.png
train,929,/content/drive/MyDrive/datosDescarga/images/train_00929.png,/content/drive/MyDrive/datosDescarga/depths_png16mm/train_00929.png,/content/drive/MyDrive/datosDescarga/labels_png/train_00929.png
train,863,/content/drive/MyDrive/datosDescarga/images/train_00863.png,/content/drive/MyDrive/datosDescarga/depths_png16mm/train_00863.png,/content/drive/MyDrive/datosDescarga/labels_png/train_00863.png
train,960,/content/drive/MyDrive/datosDescarga/images/train_00960.png,/content/drive/MyDrive/datosDescarga/depths_png16mm/train_00960.png,/content/drive/MyDrive/datosDescarga/labels_png/train_00960.png
train,1077,/content/drive/MyDrive/datosDescarga/images/train_01077.png,/content/drive/MyDrive/datosDescarga/depths_png16mm/train_01077.png,/content/drive/MyDrive/datosDescarga/labels_png/train_01077.png
train,1416,/content/drive/MyDrive/datosDescarga/images/train_01416.png,/content/drive/MyDrive/datosDescarga/depths_png16mm/train_01416.png,/content/drive/MyDrive/datosDescarga/labels_png/train_01416.png
train,666,/content/drive/MyDrive/datosDescarga/images/train_00666.png,/content/drive/MyDrive/datosDescarga/depths_png16mm/train_00666.png,/content/drive/MyDrive/datosDescarga/labels_png/train_00666.png
train,471,/content/drive/MyDrive/datosDescarga/images/train_00471.png,/content/drive/MyDrive/datosDescarga/depths_png16mm/train_00471.png,/content/drive/MyDrive/datosDescarga/labels_png/train_00471.png
train,625,/content/drive/MyDrive/datosDescarga/images/train_00625.png,/content/drive/MyDrive/datosDescarga/depths_png16mm/train_00625.png,/content/drive/MyDrive/datosDescarga/labels_png/train_00625.png
train,402,/content/drive/MyDrive/datosDescarga/images/train_00402.png,/content/drive/MyDrive/datosDescarga/depths_png16mm/train_00402.png,/content/drive/MyDrive/datosDescarga/labels_png/train_00402.png
train,207,/content/drive/MyDrive/datosDescarga/images/train_00207.png,/content/drive/MyDrive/datosDescarga/depths_png16mm/train_00207.png,/content/drive/MyDrive/datosDescarga/labels_png/train_00207.png
train,1115,/content/drive/MyDrive/datosDescarga/images/train_01115.png,/content/drive/MyDrive/datosDescarga/depths_png16mm/train_01115.png,/content/drive/MyDrive/datosDescarga/labels_png/train_01115.png
train,966,/content/drive/MyDrive/datosDescarga/images/train_00966.png,/content/drive/MyDrive/datosDescarga/depths_png16mm/train_00966.png,/content/drive/MyDrive/datosDescarga/labels_png/train_00966.png
train,241,/content/drive/MyDrive/datosDescarga/images/train_00241.png,/content/drive/MyDrive/datosDescarga/depths_png16mm/train_00241.png,/content/drive/MyDrive/datosDescarga/labels_png/train_00241.png
train,1194,/content/drive/MyDrive/datosDescarga/images/train_01194.png,/content/drive/MyDrive/datosDescarga/depths_png16mm/train_01194.png,/content/drive/MyDrive/datosDescarga/labels_png/train_01194.png
train,1403,/content/drive/MyDrive/datosDescarga/images/train_01403.png,/content/drive/MyDrive/datosDescarga/depths_png16mm/train_01403.png,/content/drive/MyDrive/datosDescarga/labels_png/train_01403.png
train,1200,/content/drive/MyDrive/datosDescarga/images/train_01200.png,/content/drive/MyDrive/datosDescarga/depths_png16mm/train_01200.png,/content/drive/MyDrive/datosDescarga/labels_png/train_01200.png
train,1247,/content/drive/MyDrive/datosDescarga/images/train_01247.png,/content/drive/MyDrive/datosDescarga/depths_png16mm/train_01247.png,/content/drive/MyDrive/datosDescarga/labels_png/train_01247.png
train,1310,/content/drive/MyDrive/datosDescarga/images/train_01310.png,/content/drive/MyDrive/datosDescarga/depths_png16mm/train_01310.png,/content/drive/MyDrive/datosDescarga/labels_png/train_01310.png
train,1167,/content/drive/MyDrive/datosDescarga/images/train_01167.png,/content/drive/MyDrive/datosDescarga/depths_png16mm/train_01167.png,/content/drive/MyDrive/datosDescarga/labels_png/train_01167.png
train,1405,/content/drive/MyDrive/datosDescarga/images/train_01405.png,/content/drive/MyDrive/datosDescarga/depths_png16mm/train_01405.png,/content/drive/MyDrive/datosDescarga/labels_png/train_01405.png
train,758,/content/drive/MyDrive/datosDescarga/images/train_00758.png,/content/drive/MyDrive/datosDescarga/depths_png16mm/train_00758.png,/content/drive/MyDrive/datosDescarga/labels_png/train_00758.png
train,215,/content/drive/MyDrive/datosDescarga/images/train_00215.png,/content/drive/MyDrive/datosDescarga/depths_png16mm/train_00215.png,/content/drive/MyDrive/datosDescarga/labels_png/train_00215.png
train,582,/content/drive/MyDrive/datosDescarga/images/train_00582.png,/content/drive/MyDrive/datosDescarga/depths_png16mm/train_00582.png,/content/drive/MyDrive/datosDescarga/labels_png/train_00582.png
train,1232,/content/drive/MyDrive/datosDescarga/images/train_01232.png,/content/drive/MyDrive/datosDescarga/depths_png16mm/train_01232.png,/content/drive/MyDrive/datosDescarga/labels_png/train_01232.png
train,766,/content/drive/MyDrive/datosDescarga/images/train_00766.png,/content/drive/MyDrive/datosDescarga/depths_png16mm/train_00766.png,/content/drive/MyDrive/datosDescarga/labels_png/train_00766.png
train,1153,/content/drive/MyDrive/datosDescarga/images/train_01153.png,/content/drive/MyDrive/datosDescarga/depths_png16mm/train_01153.png,/content/drive/MyDrive/datosDescarga/labels_png/train_01153.png
train,1344,/content/drive/MyDrive/datosDescarga/images/train_01344.png,/content/drive/MyDrive/datosDescarga/depths_png16mm/train_01344.png,/content/drive/MyDrive/datosDescarga/labels_png/train_01344.png
train,1204,/content/drive/MyDrive/datosDescarga/images/train_01204.png,/content/drive/MyDrive/datosDescarga/depths_png16mm/train_01204.png,/content/drive/MyDrive/datosDescarga/labels_png/train_01204.png
train,1285,/content/drive/MyDrive/datosDescarga/images/train_01285.png,/content/drive/MyDrive/datosDescarga/depths_png16mm/train_01285.png,/content/drive/MyDrive/datosDescarga/labels_png/train_01285.png
train,104,/content/drive/MyDrive/datosDescarga/images/train_00104.png,/content/drive/MyDrive/datosDescarga/depths_png16mm/train_00104.png,/content/drive/MyDrive/datosDescarga/labels_png/train_00104.png
train,972,/content/drive/MyDrive/datosDescarga/images/train_00972.png,/content/drive/MyDrive/datosDescarga/depths_png16mm/train_00972.png,/content/drive/MyDrive/datosDescarga/labels_png/train_00972.png
train,333,/content/drive/MyDrive/datosDescarga/images/train_00333.png,/content/drive/MyDrive/datosDescarga/depths_png16mm/train_00333.png,/content/drive/MyDrive/datosDescarga/labels_png/train_00333.png
train,729,/content/drive/MyDrive/datosDescarga/images/train_00729.png,/content/drive/MyDrive/datosDescarga/depths_png16mm/train_00729.png,/content/drive/MyDrive/datosDescarga/labels_png/train_00729.png
train,1056,/content/drive/MyDrive/datosDescarga/images/train_01056.png,/content/drive/MyDrive/datosDescarga/depths_png16mm/train_01056.png,/content/drive/MyDrive/datosDescarga/labels_png/train_01056.png
train,618,/content/drive/MyDrive/datosDescarga/images/train_00618.png,/content/drive/MyDrive/datosDescarga/depths_png16mm/train_00618.png,/content/drive/MyDrive/datosDescarga/labels_png/train_00618.png
train,1307,/content/drive/MyDrive/datosDescarga/images/train_01307.png,/content/drive/MyDrive/datosDescarga/depths_png16mm/train_01307.png,/content/drive/MyDrive/datosDescarga/labels_png/train_01307.png
train,111,/content/drive/MyDrive/datosDescarga/images/train_00111.png,/content/drive/MyDrive/datosDescarga/depths_png16mm/train_00111.png,/content/drive/MyDrive/datosDescarga/labels_png/train_00111.png
train,659,/content/drive/MyDrive/datosDescarga/images/train_00659.png,/content/drive/MyDrive/datosDescarga/depths_png16mm/train_00659.png,/content/drive/MyDrive/datosDescarga/labels_png/train_00659.png
train,1151,/content/drive/MyDrive/datosDescarga/images/train_01151.png,/content/drive/MyDrive/datosDescarga/depths_png16mm/train_01151.png,/content/drive/MyDrive/datosDescarga/labels_png/train_01151.png
train,988,/content/drive/MyDrive/datosDescarga/images/train_00988.png,/content/drive/MyDrive/datosDescarga/depths_png16mm/train_00988.png,/content/drive/MyDrive/datosDescarga/labels_png/train_00988.png
train,768,/content/drive/MyDrive/datosDescarga/images/train_00768.png,/content/drive/MyDrive/datosDescarga/depths_png16mm/train_00768.png,/content/drive/MyDrive/datosDescarga/labels_png/train_00768.png
train,1113,/content/drive/MyDrive/datosDescarga/images/train_01113.png,/content/drive/MyDrive/datosDescarga/depths_png16mm/train_01113.png,/content/drive/MyDrive/datosDescarga/labels_png/train_01113.png
train,175,/content/drive/MyDrive/datosDescarga/images/train_00175.png,/content/drive/MyDrive/datosDescarga/depths_png16mm/train_00175.png,/content/drive/MyDrive/datosDescarga/labels_png/train_00175.png
train,1015,/content/drive/MyDrive/datosDescarga/images/train_01015.png,/content/drive/MyDrive/datosDescarga/depths_png16mm/train_01015.png,/content/drive/MyDrive/datosDescarga/labels_png/train_01015.png
train,425,/content/drive/MyDrive/datosDescarga/images/train_00425.png,/content/drive/MyDrive/datosDescarga/depths_png16mm/train_00425.png,/content/drive/MyDrive/datosDescarga/labels_png/train_00425.png
train,865,/content/drive/MyDrive/datosDescarga/images/train_00865.png,/content/drive/MyDrive/datosDescarga/depths_png16mm/train_00865.png,/content/drive/MyDrive/datosDescarga/labels_png/train_00865.png
train,1221,/content/drive/MyDrive/datosDescarga/images/train_01221.png,/content/drive/MyDrive/datosDescarga/depths_png16mm/train_01221.png,/content/drive/MyDrive/datosDescarga/labels_png/train_01221.png
train,138,/content/drive/MyDrive/datosDescarga/images/train_00138.png,/content/drive/MyDrive/datosDescarga/depths_png16mm/train_00138.png,/content/drive/MyDrive/datosDescarga/labels_png/train_00138.png
train,809,/content/drive/MyDrive/datosDescarga/images/train_00809.png,/content/drive/MyDrive/datosDescarga/depths_png16mm/train_00809.png,/content/drive/MyDrive/datosDescarga/labels_png/train_00809.png
train,108,/content/drive/MyDrive/datosDescarga/images/train_00108.png,/content/drive/MyDrive/datosDescarga/depths_png16mm/train_00108.png,/content/drive/MyDrive/datosDescarga/labels_png/train_00108.png
train,693,/content/drive/MyDrive/datosDescarga/images/train_00693.png,/content/drive/MyDrive/datosDescarga/depths_png16mm/train_00693.png,/content/drive/MyDrive/datosDescarga/labels_png/train_00693.png
train,1039,/content/drive/MyDrive/datosDescarga/images/train_01039.png,/content/drive/MyDrive/datosDescarga/depths_png16mm/train_01039.png,/content/drive/MyDrive/datosDescarga/labels_png/train_01039.png
train,634,/content/drive/MyDrive/datosDescarga/images/train_00634.png,/content/drive/MyDrive/datosDescarga/depths_png16mm/train_00634.png,/content/drive/MyDrive/datosDescarga/labels_png/train_00634.png
train,437,/content/drive/MyDrive/datosDescarga/images/train_00437.png,/content/drive/MyDrive/datosDescarga/depths_png16mm/train_00437.png,/content/drive/MyDrive/datosDescarga/labels_png/train_00437.png
train,1175,/content/drive/MyDrive/datosDescarga/images/train_01175.png,/content/drive/MyDrive/datosDescarga/depths_png16mm/train_01175.png,/content/drive/MyDrive/datosDescarga/labels_png/train_01175.png
train,941,/content/drive/MyDrive/datosDescarga/images/train_00941.png,/content/drive/MyDrive/datosDescarga/depths_png16mm/train_00941.png,/content/drive/MyDrive/datosDescarga/labels_png/train_00941.png
train,220,/content/drive/MyDrive/datosDescarga/images/train_00220.png,/content/drive/MyDrive/datosDescarga/depths_png16mm/train_00220.png,/content/drive/MyDrive/datosDescarga/labels_png/train_00220.png
train,178,/content/drive/MyDrive/datosDescarga/images/train_00178.png,/content/drive/MyDrive/datosDescarga/depths_png16mm/train_00178.png,/content/drive/MyDrive/datosDescarga/labels_png/train_00178.png
train,326,/content/drive/MyDrive/datosDescarga/images/train_00326.png,/content/drive/MyDrive/datosDescarga/depths_png16mm/train_00326.png,/content/drive/MyDrive/datosDescarga/labels_png/train_00326.png
train,791,/content/drive/MyDrive/datosDescarga/images/train_00791.png,/content/drive/MyDrive/datosDescarga/depths_png16mm/train_00791.png,/content/drive/MyDrive/datosDescarga/labels_png/train_00791.png
train,251,/content/drive/MyDrive/datosDescarga/images/train_00251.png,/content/drive/MyDrive/datosDescarga/depths_png16mm/train_00251.png,/content/drive/MyDrive/datosDescarga/labels_png/train_00251.png
train,614,/content/drive/MyDrive/datosDescarga/images/train_00614.png,/content/drive/MyDrive/datosDescarga/depths_png16mm/train_00614.png,/content/drive/MyDrive/datosDescarga/labels_png/train_00614.png
train,1100,/content/drive/MyDrive/datosDescarga/images/train_01100.png,/content/drive/MyDrive/datosDescarga/depths_png16mm/train_01100.png,/content/drive/MyDrive/datosDescarga/labels_png/train_01100.png
train,94,/content/drive/MyDrive/datosDescarga/images/train_00094.png,/content/drive/MyDrive/datosDescarga/depths_png16mm/train_00094.png,/content/drive/MyDrive/datosDescarga/labels_png/train_00094.png
train,42,/content/drive/MyDrive/datosDescarga/images/train_00042.png,/content/drive/MyDrive/datosDescarga/depths_png16mm/train_00042.png,/content/drive/MyDrive/datosDescarga/labels_png/train_00042.png
train,560,/content/drive/MyDrive/datosDescarga/images/train_00560.png,/content/drive/MyDrive/datosDescarga/depths_png16mm/train_00560.png,/content/drive/MyDrive/datosDescarga/labels_png/train_00560.png
train,1070,/content/drive/MyDrive/datosDescarga/images/train_01070.png,/content/drive/MyDrive/datosDescarga/depths_png16mm/train_01070.png,/content/drive/MyDrive/datosDescarga/labels_png/train_01070.png
train,441,/content/drive/MyDrive/datosDescarga/images/train_00441.png,/content/drive/MyDrive/datosDescarga/depths_png16mm/train_00441.png,/content/drive/MyDrive/datosDescarga/labels_png/train_00441.png
train,871,/content/drive/MyDrive/datosDescarga/images/train_00871.png,/content/drive/MyDrive/datosDescarga/depths_png16mm/train_00871.png,/content/drive/MyDrive/datosDescarga/labels_png/train_00871.png
train,329,/content/drive/MyDrive/datosDescarga/images/train_00329.png,/content/drive/MyDrive/datosDescarga/depths_png16mm/train_00329.png,/content/drive/MyDrive/datosDescarga/labels_png/train_00329.png
train,1004,/content/drive/MyDrive/datosDescarga/images/train_01004.png,/content/drive/MyDrive/datosDescarga/depths_png16mm/train_01004.png,/content/drive/MyDrive/datosDescarga/labels_png/train_01004.png
train,1371,/content/drive/MyDrive/datosDescarga/images/train_01371.png,/content/drive/MyDrive/datosDescarga/depths_png16mm/train_01371.png,/content/drive/MyDrive/datosDescarga/labels_png/train_01371.png
train,361,/content/drive/MyDrive/datosDescarga/images/train_00361.png,/content/drive/MyDrive/datosDescarga/depths_png16mm/train_00361.png,/content/drive/MyDrive/datosDescarga/labels_png/train_00361.png
train,195,/content/drive/MyDrive/datosDescarga/images/train_00195.png,/content/drive/MyDrive/datosDescarga/depths_png16mm/train_00195.png,/content/drive/MyDrive/datosDescarga/labels_png/train_00195.png
train,41,/content/drive/MyDrive/datosDescarga/images/train_00041.png,/content/drive/MyDrive/datosDescarga/depths_png16mm/train_00041.png,/content/drive/MyDrive/datosDescarga/labels_png/train_00041.png
train,264,/content/drive/MyDrive/datosDescarga/images/train_00264.png,/content/drive/MyDrive/datosDescarga/depths_png16mm/train_00264.png,/content/drive/MyDrive/datosDescarga/labels_png/train_00264.png
train,891,/content/drive/MyDrive/datosDescarga/images/train_00891.png,/content/drive/MyDrive/datosDescarga/depths_png16mm/train_00891.png,/content/drive/MyDrive/datosDescarga/labels_png/train_00891.png
train,322,/content/drive/MyDrive/datosDescarga/images/train_00322.png,/content/drive/MyDrive/datosDescarga/depths_png16mm/train_00322.png,/content/drive/MyDrive/datosDescarga/labels_png/train_00322.png
train,578,/content/drive/MyDrive/datosDescarga/images/train_00578.png,/content/drive/MyDrive/datosDescarga/depths_png16mm/train_00578.png,/content/drive/MyDrive/datosDescarga/labels_png/train_00578.png
train,826,/content/drive/MyDrive/datosDescarga/images/train_00826.png,/content/drive/MyDrive/datosDescarga/depths_png16mm/train_00826.png,/content/drive/MyDrive/datosDescarga/labels_png/train_00826.png
train,1037,/content/drive/MyDrive/datosDescarga/images/train_01037.png,/content/drive/MyDrive/datosDescarga/depths_png16mm/train_01037.png,/content/drive/MyDrive/datosDescarga/labels_png/train_01037.png
train,254,/content/drive/MyDrive/datosDescarga/images/train_00254.png,/content/drive/MyDrive/datosDescarga/depths_png16mm/train_00254.png,/content/drive/MyDrive/datosDescarga/labels_png/train_00254.png
train,276,/content/drive/MyDrive/datosDescarga/images/train_00276.png,/content/drive/MyDrive/datosDescarga/depths_png16mm/train_00276.png,/content/drive/MyDrive/datosDescarga/labels_png/train_00276.png
train,112,/content/drive/MyDrive/datosDescarga/images/train_00112.png,/content/drive/MyDrive/datosDescarga/depths_png16mm/train_00112.png,/content/drive/MyDrive/datosDescarga/labels_png/train_00112.png
train,921,/content/drive/MyDrive/datosDescarga/images/train_00921.png,/content/drive/MyDrive/datosDescarga/depths_png16mm/train_00921.png,/content/drive/MyDrive/datosDescarga/labels_png/train_00921.png
train,813,/content/drive/MyDrive/datosDescarga/images/train_00813.png,/content/drive/MyDrive/datosDescarga/depths_png16mm/train_00813.png,/content/drive/MyDrive/datosDescarga/labels_png/train_00813.png
train,1158,/content/drive/MyDrive/datosDescarga/images/train_01158.png,/content/drive/MyDrive/datosDescarga/depths_png16mm/train_01158.png,/content/drive/MyDrive/datosDescarga/labels_png/train_01158.png
train,1025,/content/drive/MyDrive/datosDescarga/images/train_01025.png,/content/drive/MyDrive/datosDescarga/depths_png16mm/train_01025.png,/content/drive/MyDrive/datosDescarga/labels_png/train_01025.png
train,394,/content/drive/MyDrive/datosDescarga/images/train_00394.png,/content/drive/MyDrive/datosDescarga/depths_png16mm/train_00394.png,/content/drive/MyDrive/datosDescarga/labels_png/train_00394.png
train,475,/content/drive/MyDrive/datosDescarga/images/train_00475.png,/content/drive/MyDrive/datosDescarga/depths_png16mm/train_00475.png,/content/drive/MyDrive/datosDescarga/labels_png/train_00475.png
train,834,/content/drive/MyDrive/datosDescarga/images/train_00834.png,/content/drive/MyDrive/datosDescarga/depths_png16mm/train_00834.png,/content/drive/MyDrive/datosDescarga/labels_png/train_00834.png
train,780,/content/drive/MyDrive/datosDescarga/images/train_00780.png,/content/drive/MyDrive/datosDescarga/depths_png16mm/train_00780.png,/content/drive/MyDrive/datosDescarga/labels_png/train_00780.png
train,73,/content/drive/MyDrive/datosDescarga/images/train_00073.png,/content/drive/MyDrive/datosDescarga/depths_png16mm/train_00073.png,/content/drive/MyDrive/datosDescarga/labels_png/train_00073.png
train,944,/content/drive/MyDrive/datosDescarga/images/train_00944.png,/content/drive/MyDrive/datosDescarga/depths_png16mm/train_00944.png,/content/drive/MyDrive/datosDescarga/labels_png/train_00944.png
train,352,/content/drive/MyDrive/datosDescarga/images/train_00352.png,/content/drive/MyDrive/datosDescarga/depths_png16mm/train_00352.png,/content/drive/MyDrive/datosDescarga/labels_png/train_00352.png
train,583,/content/drive/MyDrive/datosDescarga/images/train_00583.png,/content/drive/MyDrive/datosDescarga/depths_png16mm/train_00583.png,/content/drive/MyDrive/datosDescarga/labels_png/train_00583.png
train,730,/content/drive/MyDrive/datosDescarga/images/train_00730.png,/content/drive/MyDrive/datosDescarga/depths_png16mm/train_00730.png,/content/drive/MyDrive/datosDescarga/labels_png/train_00730.png
train,1372,/content/drive/MyDrive/datosDescarga/images/train_01372.png,/content/drive/MyDrive/datosDescarga/depths_png16mm/train_01372.png,/content/drive/MyDrive/datosDescarga/labels_png/train_01372.png
train,305,/content/drive/MyDrive/datosDescarga/images/train_00305.png,/content/drive/MyDrive/datosDescarga/depths_png16mm/train_00305.png,/content/drive/MyDrive/datosDescarga/labels_png/train_00305.png
train,571,/content/drive/MyDrive/datosDescarga/images/train_00571.png,/content/drive/MyDrive/datosDescarga/depths_png16mm/train_00571.png,/content/drive/MyDrive/datosDescarga/labels_png/train_00571.png
train,492,/content/drive/MyDrive/datosDescarga/images/train_00492.png,/content/drive/MyDrive/datosDescarga/depths_png16mm/train_00492.png,/content/drive/MyDrive/datosDescarga/labels_png/train_00492.png
train,47,/content/drive/MyDrive/datosDescarga/images/train_00047.png,/content/drive/MyDrive/datosDescarga/depths_png16mm/train_00047.png,/content/drive/MyDrive/datosDescarga/labels_png/train_00047.png
train,514,/content/drive/MyDrive/datosDescarga/images/train_00514.png,/content/drive/MyDrive/datosDescarga/depths_png16mm/train_00514.png,/content/drive/MyDrive/datosDescarga/labels_png/train_00514.png
train,146,/content/drive/MyDrive/datosDescarga/images/train_00146.png,/content/drive/MyDrive/datosDescarga/depths_png16mm/train_00146.png,/content/drive/MyDrive/datosDescarga/labels_png/train_00146.png
train,131,/content/drive/MyDrive/datosDescarga/images/train_00131.png,/content/drive/MyDrive/datosDescarga/depths_png16mm/train_00131.png,/content/drive/MyDrive/datosDescarga/labels_png/train_00131.png
train,563,/content/drive/MyDrive/datosDescarga/images/train_00563.png,/content/drive/MyDrive/datosDescarga/depths_png16mm/train_00563.png,/content/drive/MyDrive/datosDescarga/labels_png/train_00563.png
train,1250,/content/drive/MyDrive/datosDescarga/images/train_01250.png,/content/drive/MyDrive/datosDescarga/depths_png16mm/train_01250.png,/content/drive/MyDrive/datosDescarga/labels_png/train_01250.png
train,1013,/content/drive/MyDrive/datosDescarga/images/train_01013.png,/content/drive/MyDrive/datosDescarga/depths_png16mm/train_01013.png,/content/drive/MyDrive/datosDescarga/labels_png/train_01013.png
train,708,/content/drive/MyDrive/datosDescarga/images/train_00708.png,/content/drive/MyDrive/datosDescarga/depths_png16mm/train_00708.png,/content/drive/MyDrive/datosDescarga/labels_png/train_00708.png
train,1022,/content/drive/MyDrive/datosDescarga/images/train_01022.png,/content/drive/MyDrive/datosDescarga/depths_png16mm/train_01022.png,/content/drive/MyDrive/datosDescarga/labels_png/train_01022.png
train,1145,/content/drive/MyDrive/datosDescarga/images/train_01145.png,/content/drive/MyDrive/datosDescarga/depths_png16mm/train_01145.png,/content/drive/MyDrive/datosDescarga/labels_png/train_01145.png
train,486,/content/drive/MyDrive/datosDescarga/images/train_00486.png,/content/drive/MyDrive/datosDescarga/depths_png16mm/train_00486.png,/content/drive/MyDrive/datosDescarga/labels_png/train_00486.png
train,903,/content/drive/MyDrive/datosDescarga/images/train_00903.png,/content/drive/MyDrive/datosDescarga/depths_png16mm/train_00903.png,/content/drive/MyDrive/datosDescarga/labels_png/train_00903.png
train,342,/content/drive/MyDrive/datosDescarga/images/train_00342.png,/content/drive/MyDrive/datosDescarga/depths_png16mm/train_00342.png,/content/drive/MyDrive/datosDescarga/labels_png/train_00342.png
train,523,/content/drive/MyDrive/datosDescarga/images/train_00523.png,/content/drive/MyDrive/datosDescarga/depths_png16mm/train_00523.png,/content/drive/MyDrive/datosDescarga/labels_png/train_00523.png
train,1164,/content/drive/MyDrive/datosDescarga/images/train_01164.png,/content/drive/MyDrive/datosDescarga/depths_png16mm/train_01164.png,/content/drive/MyDrive/datosDescarga/labels_png/train_01164.png
train,1292,/content/drive/MyDrive/datosDescarga/images/train_01292.png,/content/drive/MyDrive/datosDescarga/depths_png16mm/train_01292.png,/content/drive/MyDrive/datosDescarga/labels_png/train_01292.png
train,272,/content/drive/MyDrive/datosDescarga/images/train_00272.png,/content/drive/MyDrive/datosDescarga/depths_png16mm/train_00272.png,/content/drive/MyDrive/datosDescarga/labels_png/train_00272.png
train,763,/content/drive/MyDrive/datosDescarga/images/train_00763.png,/content/drive/MyDrive/datosDescarga/depths_png16mm/train_00763.png,/content/drive/MyDrive/datosDescarga/labels_png/train_00763.png
train,840,/content/drive/MyDrive/datosDescarga/images/train_00840.png,/content/drive/MyDrive/datosDescarga/depths_png16mm/train_00840.png,/content/drive/MyDrive/datosDescarga/labels_png/train_00840.png
train,249,/content/drive/MyDrive/datosDescarga/images/train_00249.png,/content/drive/MyDrive/datosDescarga/depths_png16mm/train_00249.png,/content/drive/MyDrive/datosDescarga/labels_png/train_00249.png
train,725,/content/drive/MyDrive/datosDescarga/images/train_00725.png,/content/drive/MyDrive/datosDescarga/depths_png16mm/train_00725.png,/content/drive/MyDrive/datosDescarga/labels_png/train_00725.png
train,1306,/content/drive/MyDrive/datosDescarga/images/train_01306.png,/content/drive/MyDrive/datosDescarga/depths_png16mm/train_01306.png,/content/drive/MyDrive/datosDescarga/labels_png/train_01306.png
train,1071,/content/drive/MyDrive/datosDescarga/images/train_01071.png,/content/drive/MyDrive/datosDescarga/depths_png16mm/train_01071.png,/content/drive/MyDrive/datosDescarga/labels_png/train_01071.png
train,1192,/content/drive/MyDrive/datosDescarga/images/train_01192.png,/content/drive/MyDrive/datosDescarga/depths_png16mm/train_01192.png,/content/drive/MyDrive/datosDescarga/labels_png/train_01192.png
train,1283,/content/drive/MyDrive/datosDescarga/images/train_01283.png,/content/drive/MyDrive/datosDescarga/depths_png16mm/train_01283.png,/content/drive/MyDrive/datosDescarga/labels_png/train_01283.png
train,785,/content/drive/MyDrive/datosDescarga/images/train_00785.png,/content/drive/MyDrive/datosDescarga/depths_png16mm/train_00785.png,/content/drive/MyDrive/datosDescarga/labels_png/train_00785.png
train,686,/content/drive/MyDrive/datosDescarga/images/train_00686.png,/content/drive/MyDrive/datosDescarga/depths_png16mm/train_00686.png,/content/drive/MyDrive/datosDescarga/labels_png/train_00686.png
train,396,/content/drive/MyDrive/datosDescarga/images/train_00396.png,/content/drive/MyDrive/datosDescarga/depths_png16mm/train_00396.png,/content/drive/MyDrive/datosDescarga/labels_png/train_00396.png
train,447,/content/drive/MyDrive/datosDescarga/images/train_00447.png,/content/drive/MyDrive/datosDescarga/depths_png16mm/train_00447.png,/content/drive/MyDrive/datosDescarga/labels_png/train_00447.png
train,79,/content/drive/MyDrive/datosDescarga/images/train_00079.png,/content/drive/MyDrive/datosDescarga/depths_png16mm/train_00079.png,/content/drive/MyDrive/datosDescarga/labels_png/train_00079.png
train,963,/content/drive/MyDrive/datosDescarga/images/train_00963.png,/content/drive/MyDrive/datosDescarga/depths_png16mm/train_00963.png,/content/drive/MyDrive/datosDescarga/labels_png/train_00963.png
train,795,/content/drive/MyDrive/datosDescarga/images/train_00795.png,/content/drive/MyDrive/datosDescarga/depths_png16mm/train_00795.png,/content/drive/MyDrive/datosDescarga/labels_png/train_00795.png
train,386,/content/drive/MyDrive/datosDescarga/images/train_00386.png,/content/drive/MyDrive/datosDescarga/depths_png16mm/train_00386.png,/content/drive/MyDrive/datosDescarga/labels_png/train_00386.png
train,882,/content/drive/MyDrive/datosDescarga/images/train_00882.png,/content/drive/MyDrive/datosDescarga/depths_png16mm/train_00882.png,/content/drive/MyDrive/datosDescarga/labels_png/train_00882.png
train,338,/content/drive/MyDrive/datosDescarga/images/train_00338.png,/content/drive/MyDrive/datosDescarga/depths_png16mm/train_00338.png,/content/drive/MyDrive/datosDescarga/labels_png/train_00338.png
train,572,/content/drive/MyDrive/datosDescarga/images/train_00572.png,/content/drive/MyDrive/datosDescarga/depths_png16mm/train_00572.png,/content/drive/MyDrive/datosDescarga/labels_png/train_00572.png
train,557,/content/drive/MyDrive/datosDescarga/images/train_00557.png,/content/drive/MyDrive/datosDescarga/depths_png16mm/train_00557.png,/content/drive/MyDrive/datosDescarga/labels_png/train_00557.png
train,723,/content/drive/MyDrive/datosDescarga/images/train_00723.png,/content/drive/MyDrive/datosDescarga/depths_png16mm/train_00723.png,/content/drive/MyDrive/datosDescarga/labels_png/train_00723.png
train,549,/content/drive/MyDrive/datosDescarga/images/train_00549.png,/content/drive/MyDrive/datosDescarga/depths_png16mm/train_00549.png,/content/drive/MyDrive/datosDescarga/labels_png/train_00549.png
train,1269,/content/drive/MyDrive/datosDescarga/images/train_01269.png,/content/drive/MyDrive/datosDescarga/depths_png16mm/train_01269.png,/content/drive/MyDrive/datosDescarga/labels_png/train_01269.png
train,422,/content/drive/MyDrive/datosDescarga/images/train_00422.png,/content/drive/MyDrive/datosDescarga/depths_png16mm/train_00422.png,/content/drive/MyDrive/datosDescarga/labels_png/train_00422.png
train,869,/content/drive/MyDrive/datosDescarga/images/train_00869.png,/content/drive/MyDrive/datosDescarga/depths_png16mm/train_00869.png,/content/drive/MyDrive/datosDescarga/labels_png/train_00869.png
train,184,/content/drive/MyDrive/datosDescarga/images/train_00184.png,/content/drive/MyDrive/datosDescarga/depths_png16mm/train_00184.png,/content/drive/MyDrive/datosDescarga/labels_png/train_00184.png
train,602,/content/drive/MyDrive/datosDescarga/images/train_00602.png,/content/drive/MyDrive/datosDescarga/depths_png16mm/train_00602.png,/content/drive/MyDrive/datosDescarga/labels_png/train_00602.png
train,54,/content/drive/MyDrive/datosDescarga/images/train_00054.png,/content/drive/MyDrive/datosDescarga/depths_png16mm/train_00054.png,/content/drive/MyDrive/datosDescarga/labels_png/train_00054.png
train,1088,/content/drive/MyDrive/datosDescarga/images/train_01088.png,/content/drive/MyDrive/datosDescarga/depths_png16mm/train_01088.png,/content/drive/MyDrive/datosDescarga/labels_png/train_01088.png
train,842,/content/drive/MyDrive/datosDescarga/images/train_00842.png,/content/drive/MyDrive/datosDescarga/depths_png16mm/train_00842.png,/content/drive/MyDrive/datosDescarga/labels_png/train_00842.png
train,534,/content/drive/MyDrive/datosDescarga/images/train_00534.png,/content/drive/MyDrive/datosDescarga/depths_png16mm/train_00534.png,/content/drive/MyDrive/datosDescarga/labels_png/train_00534.png
train,1128,/content/drive/MyDrive/datosDescarga/images/train_01128.png,/content/drive/MyDrive/datosDescarga/depths_png16mm/train_01128.png,/content/drive/MyDrive/datosDescarga/labels_png/train_01128.png
train,19,/content/drive/MyDrive/datosDescarga/images/train_00019.png,/content/drive/MyDrive/datosDescarga/depths_png16mm/train_00019.png,/content/drive/MyDrive/datosDescarga/labels_png/train_00019.png
train,771,/content/drive/MyDrive/datosDescarga/images/train_00771.png,/content/drive/MyDrive/datosDescarga/depths_png16mm/train_00771.png,/content/drive/MyDrive/datosDescarga/labels_png/train_00771.png
train,739,/content/drive/MyDrive/datosDescarga/images/train_00739.png,/content/drive/MyDrive/datosDescarga/depths_png16mm/train_00739.png,/content/drive/MyDrive/datosDescarga/labels_png/train_00739.png
train,374,/content/drive/MyDrive/datosDescarga/images/train_00374.png,/content/drive/MyDrive/datosDescarga/depths_png16mm/train_00374.png,/content/drive/MyDrive/datosDescarga/labels_png/train_00374.png
train,496,/content/drive/MyDrive/datosDescarga/images/train_00496.png,/content/drive/MyDrive/datosDescarga/depths_png16mm/train_00496.png,/content/drive/MyDrive/datosDescarga/labels_png/train_00496.png
train,692,/content/drive/MyDrive/datosDescarga/images/train_00692.png,/content/drive/MyDrive/datosDescarga/depths_png16mm/train_00692.png,/content/drive/MyDrive/datosDescarga/labels_png/train_00692.png
train,1355,/content/drive/MyDrive/datosDescarga/images/train_01355.png,/content/drive/MyDrive/datosDescarga/depths_png16mm/train_01355.png,/content/drive/MyDrive/datosDescarga/labels_png/train_01355.png
train,1186,/content/drive/MyDrive/datosDescarga/images/train_01186.png,/content/drive/MyDrive/datosDescarga/depths_png16mm/train_01186.png,/content/drive/MyDrive/datosDescarga/labels_png/train_01186.png
train,63,/content/drive/MyDrive/datosDescarga/images/train_00063.png,/content/drive/MyDrive/datosDescarga/depths_png16mm/train_00063.png,/content/drive/MyDrive/datosDescarga/labels_png/train_00063.png
train,5,/content/drive/MyDrive/datosDescarga/images/train_00005.png,/content/drive/MyDrive/datosDescarga/depths_png16mm/train_00005.png,/content/drive/MyDrive/datosDescarga/labels_png/train_00005.png
train,377,/content/drive/MyDrive/datosDescarga/images/train_00377.png,/content/drive/MyDrive/datosDescarga/depths_png16mm/train_00377.png,/content/drive/MyDrive/datosDescarga/labels_png/train_00377.png
train,954,/content/drive/MyDrive/datosDescarga/images/train_00954.png,/content/drive/MyDrive/datosDescarga/depths_png16mm/train_00954.png,/content/drive/MyDrive/datosDescarga/labels_png/train_00954.png
train,587,/content/drive/MyDrive/datosDescarga/images/train_00587.png,/content/drive/MyDrive/datosDescarga/depths_png16mm/train_00587.png,/content/drive/MyDrive/datosDescarga/labels_png/train_00587.png
train,115,/content/drive/MyDrive/datosDescarga/images/train_00115.png,/content/drive/MyDrive/datosDescarga/depths_png16mm/train_00115.png,/content/drive/MyDrive/datosDescarga/labels_png/train_00115.png
train,979,/content/drive/MyDrive/datosDescarga/images/train_00979.png,/content/drive/MyDrive/datosDescarga/depths_png16mm/train_00979.png,/content/drive/MyDrive/datosDescarga/labels_png/train_00979.png
train,113,/content/drive/MyDrive/datosDescarga/images/train_00113.png,/content/drive/MyDrive/datosDescarga/depths_png16mm/train_00113.png,/content/drive/MyDrive/datosDescarga/labels_png/train_00113.png
train,412,/content/drive/MyDrive/datosDescarga/images/train_00412.png,/content/drive/MyDrive/datosDescarga/depths_png16mm/train_00412.png,/content/drive/MyDrive/datosDescarga/labels_png/train_00412.png
train,23,/content/drive/MyDrive/datosDescarga/images/train_00023.png,/content/drive/MyDrive/datosDescarga/depths_png16mm/train_00023.png,/content/drive/MyDrive/datosDescarga/labels_png/train_00023.png
train,1135,/content/drive/MyDrive/datosDescarga/images/train_01135.png,/content/drive/MyDrive/datosDescarga/depths_png16mm/train_01135.png,/content/drive/MyDrive/datosDescarga/labels_png/train_01135.png
train,1323,/content/drive/MyDrive/datosDescarga/images/train_01323.png,/content/drive/MyDrive/datosDescarga/depths_png16mm/train_01323.png,/content/drive/MyDrive/datosDescarga/labels_png/train_01323.png
train,1005,/content/drive/MyDrive/datosDescarga/images/train_01005.png,/content/drive/MyDrive/datosDescarga/depths_png16mm/train_01005.png,/content/drive/MyDrive/datosDescarga/labels_png/train_01005.png
train,253,/content/drive/MyDrive/datosDescarga/images/train_00253.png,/content/drive/MyDrive/datosDescarga/depths_png16mm/train_00253.png,/content/drive/MyDrive/datosDescarga/labels_png/train_00253.png
train,1109,/content/drive/MyDrive/datosDescarga/images/train_01109.png,/content/drive/MyDrive/datosDescarga/depths_png16mm/train_01109.png,/content/drive/MyDrive/datosDescarga/labels_png/train_01109.png
train,302,/content/drive/MyDrive/datosDescarga/images/train_00302.png,/content/drive/MyDrive/datosDescarga/depths_png16mm/train_00302.png,/content/drive/MyDrive/datosDescarga/labels_png/train_00302.png
train,121,/content/drive/MyDrive/datosDescarga/images/train_00121.png,/content/drive/MyDrive/datosDescarga/depths_png16mm/train_00121.png,/content/drive/MyDrive/datosDescarga/labels_png/train_00121.png
train,511,/content/drive/MyDrive/datosDescarga/images/train_00511.png,/content/drive/MyDrive/datosDescarga/depths_png16mm/train_00511.png,/content/drive/MyDrive/datosDescarga/labels_png/train_00511.png
train,192,/content/drive/MyDrive/datosDescarga/images/train_00192.png,/content/drive/MyDrive/datosDescarga/depths_png16mm/train_00192.png,/content/drive/MyDrive/datosDescarga/labels_png/train_00192.png
train,359,/content/drive/MyDrive/datosDescarga/images/train_00359.png,/content/drive/MyDrive/datosDescarga/depths_png16mm/train_00359.png,/content/drive/MyDrive/datosDescarga/labels_png/train_00359.png
train,1220,/content/drive/MyDrive/datosDescarga/images/train_01220.png,/content/drive/MyDrive/datosDescarga/depths_png16mm/train_01220.png,/content/drive/MyDrive/datosDescarga/labels_png/train_01220.png
train,1199,/content/drive/MyDrive/datosDescarga/images/train_01199.png,/content/drive/MyDrive/datosDescarga/depths_png16mm/train_01199.png,/content/drive/MyDrive/datosDescarga/labels_png/train_01199.png
train,399,/content/drive/MyDrive/datosDescarga/images/train_00399.png,/content/drive/MyDrive/datosDescarga/depths_png16mm/train_00399.png,/content/drive/MyDrive/datosDescarga/labels_png/train_00399.png
train,268,/content/drive/MyDrive/datosDescarga/images/train_00268.png,/content/drive/MyDrive/datosDescarga/depths_png16mm/train_00268.png,/content/drive/MyDrive/datosDescarga/labels_png/train_00268.png
train,1183,/content/drive/MyDrive/datosDescarga/images/train_01183.png,/content/drive/MyDrive/datosDescarga/depths_png16mm/train_01183.png,/content/drive/MyDrive/datosDescarga/labels_png/train_01183.png
train,362,/content/drive/MyDrive/datosDescarga/images/train_00362.png,/content/drive/MyDrive/datosDescarga/depths_png16mm/train_00362.png,/content/drive/MyDrive/datosDescarga/labels_png/train_00362.png
train,470,/content/drive/MyDrive/datosDescarga/images/train_00470.png,/content/drive/MyDrive/datosDescarga/depths_png16mm/train_00470.png,/content/drive/MyDrive/datosDescarga/labels_png/train_00470.png
train,927,/content/drive/MyDrive/datosDescarga/images/train_00927.png,/content/drive/MyDrive/datosDescarga/depths_png16mm/train_00927.png,/content/drive/MyDrive/datosDescarga/labels_png/train_00927.png
train,494,/content/drive/MyDrive/datosDescarga/images/train_00494.png,/content/drive/MyDrive/datosDescarga/depths_png16mm/train_00494.png,/content/drive/MyDrive/datosDescarga/labels_png/train_00494.png
train,1058,/content/drive/MyDrive/datosDescarga/images/train_01058.png,/content/drive/MyDrive/datosDescarga/depths_png16mm/train_01058.png,/content/drive/MyDrive/datosDescarga/labels_png/train_01058.png
train,1216,/content/drive/MyDrive/datosDescarga/images/train_01216.png,/content/drive/MyDrive/datosDescarga/depths_png16mm/train_01216.png,/content/drive/MyDrive/datosDescarga/labels_png/train_01216.png
train,595,/content/drive/MyDrive/datosDescarga/images/train_00595.png,/content/drive/MyDrive/datosDescarga/depths_png16mm/train_00595.png,/content/drive/MyDrive/datosDescarga/labels_png/train_00595.png
train,154,/content/drive/MyDrive/datosDescarga/images/train_00154.png,/content/drive/MyDrive/datosDescarga/depths_png16mm/train_00154.png,/content/drive/MyDrive/datosDescarga/labels_png/train_00154.png
train,252,/content/drive/MyDrive/datosDescarga/images/train_00252.png,/content/drive/MyDrive/datosDescarga/depths_png16mm/train_00252.png,/content/drive/MyDrive/datosDescarga/labels_png/train_00252.png
train,1095,/content/drive/MyDrive/datosDescarga/images/train_01095.png,/content/drive/MyDrive/datosDescarga/depths_png16mm/train_01095.png,/content/drive/MyDrive/datosDescarga/labels_png/train_01095.png
train,998,/content/drive/MyDrive/datosDescarga/images/train_00998.png,/content/drive/MyDrive/datosDescarga/depths_png16mm/train_00998.png,/content/drive/MyDrive/datosDescarga/labels_png/train_00998.png
train,1340,/content/drive/MyDrive/datosDescarga/images/train_01340.png,/content/drive/MyDrive/datosDescarga/depths_png16mm/train_01340.png,/content/drive/MyDrive/datosDescarga/labels_png/train_01340.png
train,388,/content/drive/MyDrive/datosDescarga/images/train_00388.png,/content/drive/MyDrive/datosDescarga/depths_png16mm/train_00388.png,/content/drive/MyDrive/datosDescarga/labels_png/train_00388.png
train,636,/content/drive/MyDrive/datosDescarga/images/train_00636.png,/content/drive/MyDrive/datosDescarga/depths_png16mm/train_00636.png,/content/drive/MyDrive/datosDescarga/labels_png/train_00636.png
train,689,/content/drive/MyDrive/datosDescarga/images/train_00689.png,/content/drive/MyDrive/datosDescarga/depths_png16mm/train_00689.png,/content/drive/MyDrive/datosDescarga/labels_png/train_00689.png
train,765,/content/drive/MyDrive/datosDescarga/images/train_00765.png,/content/drive/MyDrive/datosDescarga/depths_png16mm/train_00765.png,/content/drive/MyDrive/datosDescarga/labels_png/train_00765.png
train,244,/content/drive/MyDrive/datosDescarga/images/train_00244.png,/content/drive/MyDrive/datosDescarga/depths_png16mm/train_00244.png,/content/drive/MyDrive/datosDescarga/labels_png/train_00244.png
train,1044,/content/drive/MyDrive/datosDescarga/images/train_01044.png,/content/drive/MyDrive/datosDescarga/depths_png16mm/train_01044.png,/content/drive/MyDrive/datosDescarga/labels_png/train_01044.png
train,179,/content/drive/MyDrive/datosDescarga/images/train_00179.png,/content/drive/MyDrive/datosDescarga/depths_png16mm/train_00179.png,/content/drive/MyDrive/datosDescarga/labels_png/train_00179.png
train,177,/content/drive/MyDrive/datosDescarga/images/train_00177.png,/content/drive/MyDrive/datosDescarga/depths_png16mm/train_00177.png,/content/drive/MyDrive/datosDescarga/labels_png/train_00177.png
train,1208,/content/drive/MyDrive/datosDescarga/images/train_01208.png,/content/drive/MyDrive/datosDescarga/depths_png16mm/train_01208.png,/content/drive/MyDrive/datosDescarga/labels_png/train_01208.png
train,468,/content/drive/MyDrive/datosDescarga/images/train_00468.png,/content/drive/MyDrive/datosDescarga/depths_png16mm/train_00468.png,/content/drive/MyDrive/datosDescarga/labels_png/train_00468.png
train,411,/content/drive/MyDrive/datosDescarga/images/train_00411.png,/content/drive/MyDrive/datosDescarga/depths_png16mm/train_00411.png,/content/drive/MyDrive/datosDescarga/labels_png/train_00411.png
train,383,/content/drive/MyDrive/datosDescarga/images/train_00383.png,/content/drive/MyDrive/datosDescarga/depths_png16mm/train_00383.png,/content/drive/MyDrive/datosDescarga/labels_png/train_00383.png
train,71,/content/drive/MyDrive/datosDescarga/images/train_00071.png,/content/drive/MyDrive/datosDescarga/depths_png16mm/train_00071.png,/content/drive/MyDrive/datosDescarga/labels_png/train_00071.png
train,358,/content/drive/MyDrive/datosDescarga/images/train_00358.png,/content/drive/MyDrive/datosDescarga/depths_png16mm/train_00358.png,/content/drive/MyDrive/datosDescarga/labels_png/train_00358.png
train,1347,/content/drive/MyDrive/datosDescarga/images/train_01347.png,/content/drive/MyDrive/datosDescarga/depths_png16mm/train_01347.png,/content/drive/MyDrive/datosDescarga/labels_png/train_01347.png
train,389,/content/drive/MyDrive/datosDescarga/images/train_00389.png,/content/drive/MyDrive/datosDescarga/depths_png16mm/train_00389.png,/content/drive/MyDrive/datosDescarga/labels_png/train_00389.png
train,1140,/content/drive/MyDrive/datosDescarga/images/train_01140.png,/content/drive/MyDrive/datosDescarga/depths_png16mm/train_01140.png,/content/drive/MyDrive/datosDescarga/labels_png/train_01140.png
train,920,/content/drive/MyDrive/datosDescarga/images/train_00920.png,/content/drive/MyDrive/datosDescarga/depths_png16mm/train_00920.png,/content/drive/MyDrive/datosDescarga/labels_png/train_00920.png
train,280,/content/drive/MyDrive/datosDescarga/images/train_00280.png,/content/drive/MyDrive/datosDescarga/depths_png16mm/train_00280.png,/content/drive/MyDrive/datosDescarga/labels_png/train_00280.png
train,1392,/content/drive/MyDrive/datosDescarga/images/train_01392.png,/content/drive/MyDrive/datosDescarga/depths_png16mm/train_01392.png,/content/drive/MyDrive/datosDescarga/labels_png/train_01392.png
train,93,/content/drive/MyDrive/datosDescarga/images/train_00093.png,/content/drive/MyDrive/datosDescarga/depths_png16mm/train_00093.png,/content/drive/MyDrive/datosDescarga/labels_png/train_00093.png
train,1,/content/drive/MyDrive/datosDescarga/images/train_00001.png,/content/drive/MyDrive/datosDescarga/depths_png16mm/train_00001.png,/content/drive/MyDrive/datosDescarga/labels_png/train_00001.png
train,141,/content/drive/MyDrive/datosDescarga/images/train_00141.png,/content/drive/MyDrive/datosDescarga/depths_png16mm/train_00141.png,/content/drive/MyDrive/datosDescarga/labels_png/train_00141.png
train,465,/content/drive/MyDrive/datosDescarga/images/train_00465.png,/content/drive/MyDrive/datosDescarga/depths_png16mm/train_00465.png,/content/drive/MyDrive/datosDescarga/labels_png/train_00465.png
train,1142,/content/drive/MyDrive/datosDescarga/images/train_01142.png,/content/drive/MyDrive/datosDescarga/depths_png16mm/train_01142.png,/content/drive/MyDrive/datosDescarga/labels_png/train_01142.png
train,429,/content/drive/MyDrive/datosDescarga/images/train_00429.png,/content/drive/MyDrive/datosDescarga/depths_png16mm/train_00429.png,/content/drive/MyDrive/datosDescarga/labels_png/train_00429.png
train,1089,/content/drive/MyDrive/datosDescarga/images/train_01089.png,/content/drive/MyDrive/datosDescarga/depths_png16mm/train_01089.png,/content/drive/MyDrive/datosDescarga/labels_png/train_01089.png
train,762,/content/drive/MyDrive/datosDescarga/images/train_00762.png,/content/drive/MyDrive/datosDescarga/depths_png16mm/train_00762.png,/content/drive/MyDrive/datosDescarga/labels_png/train_00762.png
train,339,/content/drive/MyDrive/datosDescarga/images/train_00339.png,/content/drive/MyDrive/datosDescarga/depths_png16mm/train_00339.png,/content/drive/MyDrive/datosDescarga/labels_png/train_00339.png
train,18,/content/drive/MyDrive/datosDescarga/images/train_00018.png,/content/drive/MyDrive/datosDescarga/depths_png16mm/train_00018.png,/content/drive/MyDrive/datosDescarga/labels_png/train_00018.png
train,1278,/content/drive/MyDrive/datosDescarga/images/train_01278.png,/content/drive/MyDrive/datosDescarga/depths_png16mm/train_01278.png,/content/drive/MyDrive/datosDescarga/labels_png/train_01278.png
train,271,/content/drive/MyDrive/datosDescarga/images/train_00271.png,/content/drive/MyDrive/datosDescarga/depths_png16mm/train_00271.png,/content/drive/MyDrive/datosDescarga/labels_png/train_00271.png
train,1169,/content/drive/MyDrive/datosDescarga/images/train_01169.png,/content/drive/MyDrive/datosDescarga/depths_png16mm/train_01169.png,/content/drive/MyDrive/datosDescarga/labels_png/train_01169.png
train,1110,/content/drive/MyDrive/datosDescarga/images/train_01110.png,/content/drive/MyDrive/datosDescarga/depths_png16mm/train_01110.png,/content/drive/MyDrive/datosDescarga/labels_png/train_01110.png
train,1380,/content/drive/MyDrive/datosDescarga/images/train_01380.png,/content/drive/MyDrive/datosDescarga/depths_png16mm/train_01380.png,/content/drive/MyDrive/datosDescarga/labels_png/train_01380.png
train,1345,/content/drive/MyDrive/datosDescarga/images/train_01345.png,/content/drive/MyDrive/datosDescarga/depths_png16mm/train_01345.png,/content/drive/MyDrive/datosDescarga/labels_png/train_01345.png
train,904,/content/drive/MyDrive/datosDescarga/images/train_00904.png,/content/drive/MyDrive/datosDescarga/depths_png16mm/train_00904.png,/content/drive/MyDrive/datosDescarga/labels_png/train_00904.png
train,1120,/content/drive/MyDrive/datosDescarga/images/train_01120.png,/content/drive/MyDrive/datosDescarga/depths_png16mm/train_01120.png,/content/drive/MyDrive/datosDescarga/labels_png/train_01120.png
train,1317,/content/drive/MyDrive/datosDescarga/images/train_01317.png,/content/drive/MyDrive/datosDescarga/depths_png16mm/train_01317.png,/content/drive/MyDrive/datosDescarga/labels_png/train_01317.png
train,119,/content/drive/MyDrive/datosDescarga/images/train_00119.png,/content/drive/MyDrive/datosDescarga/depths_png16mm/train_00119.png,/content/drive/MyDrive/datosDescarga/labels_png/train_00119.png
train,937,/content/drive/MyDrive/datosDescarga/images/train_00937.png,/content/drive/MyDrive/datosDescarga/depths_png16mm/train_00937.png,/content/drive/MyDrive/datosDescarga/labels_png/train_00937.png
train,782,/content/drive/MyDrive/datosDescarga/images/train_00782.png,/content/drive/MyDrive/datosDescarga/depths_png16mm/train_00782.png,/content/drive/MyDrive/datosDescarga/labels_png/train_00782.png
train,128,/content/drive/MyDrive/datosDescarga/images/train_00128.png,/content/drive/MyDrive/datosDescarga/depths_png16mm/train_00128.png,/content/drive/MyDrive/datosDescarga/labels_png/train_00128.png
train,430,/content/drive/MyDrive/datosDescarga/images/train_00430.png,/content/drive/MyDrive/datosDescarga/depths_png16mm/train_00430.png,/content/drive/MyDrive/datosDescarga/labels_png/train_00430.png
train,1170,/content/drive/MyDrive/datosDescarga/images/train_01170.png,/content/drive/MyDrive/datosDescarga/depths_png16mm/train_01170.png,/content/drive/MyDrive/datosDescarga/labels_png/train_01170.png
train,1321,/content/drive/MyDrive/datosDescarga/images/train_01321.png,/content/drive/MyDrive/datosDescarga/depths_png16mm/train_01321.png,/content/drive/MyDrive/datosDescarga/labels_png/train_01321.png
train,483,/content/drive/MyDrive/datosDescarga/images/train_00483.png,/content/drive/MyDrive/datosDescarga/depths_png16mm/train_00483.png,/content/drive/MyDrive/datosDescarga/labels_png/train_00483.png
train,714,/content/drive/MyDrive/datosDescarga/images/train_00714.png,/content/drive/MyDrive/datosDescarga/depths_png16mm/train_00714.png,/content/drive/MyDrive/datosDescarga/labels_png/train_00714.png
train,149,/content/drive/MyDrive/datosDescarga/images/train_00149.png,/content/drive/MyDrive/datosDescarga/depths_png16mm/train_00149.png,/content/drive/MyDrive/datosDescarga/labels_png/train_00149.png
train,384,/content/drive/MyDrive/datosDescarga/images/train_00384.png,/content/drive/MyDrive/datosDescarga/depths_png16mm/train_00384.png,/content/drive/MyDrive/datosDescarga/labels_png/train_00384.png
train,1090,/content/drive/MyDrive/datosDescarga/images/train_01090.png,/content/drive/MyDrive/datosDescarga/depths_png16mm/train_01090.png,/content/drive/MyDrive/datosDescarga/labels_png/train_01090.png
train,221,/content/drive/MyDrive/datosDescarga/images/train_00221.png,/content/drive/MyDrive/datosDescarga/depths_png16mm/train_00221.png,/content/drive/MyDrive/datosDescarga/labels_png/train_00221.png
train,1008,/content/drive/MyDrive/datosDescarga/images/train_01008.png,/content/drive/MyDrive/datosDescarga/depths_png16mm/train_01008.png,/content/drive/MyDrive/datosDescarga/labels_png/train_01008.png
train,209,/content/drive/MyDrive/datosDescarga/images/train_00209.png,/content/drive/MyDrive/datosDescarga/depths_png16mm/train_00209.png,/content/drive/MyDrive/datosDescarga/labels_png/train_00209.png
train,509,/content/drive/MyDrive/datosDescarga/images/train_00509.png,/content/drive/MyDrive/datosDescarga/depths_png16mm/train_00509.png,/content/drive/MyDrive/datosDescarga/labels_png/train_00509.png
train,1031,/content/drive/MyDrive/datosDescarga/images/train_01031.png,/content/drive/MyDrive/datosDescarga/depths_png16mm/train_01031.png,/content/drive/MyDrive/datosDescarga/labels_png/train_01031.png
train,328,/content/drive/MyDrive/datosDescarga/images/train_00328.png,/content/drive/MyDrive/datosDescarga/depths_png16mm/train_00328.png,/content/drive/MyDrive/datosDescarga/labels_png/train_00328.png
train,1440,/content/drive/MyDrive/datosDescarga/images/train_01440.png,/content/drive/MyDrive/datosDescarga/depths_png16mm/train_01440.png,/content/drive/MyDrive/datosDescarga/labels_png/train_01440.png
train,510,/content/drive/MyDrive/datosDescarga/images/train_00510.png,/content/drive/MyDrive/datosDescarga/depths_png16mm/train_00510.png,/content/drive/MyDrive/datosDescarga/labels_png/train_00510.png
train,301,/content/drive/MyDrive/datosDescarga/images/train_00301.png,/content/drive/MyDrive/datosDescarga/depths_png16mm/train_00301.png,/content/drive/MyDrive/datosDescarga/labels_png/train_00301.png
train,1198,/content/drive/MyDrive/datosDescarga/images/train_01198.png,/content/drive/MyDrive/datosDescarga/depths_png16mm/train_01198.png,/content/drive/MyDrive/datosDescarga/labels_png/train_01198.png
train,334,/content/drive/MyDrive/datosDescarga/images/train_00334.png,/content/drive/MyDrive/datosDescarga/depths_png16mm/train_00334.png,/content/drive/MyDrive/datosDescarga/labels_png/train_00334.png
train,1104,/content/drive/MyDrive/datosDescarga/images/train_01104.png,/content/drive/MyDrive/datosDescarga/depths_png16mm/train_01104.png,/content/drive/MyDrive/datosDescarga/labels_png/train_01104.png
train,52,/content/drive/MyDrive/datosDescarga/images/train_00052.png,/content/drive/MyDrive/datosDescarga/depths_png16mm/train_00052.png,/content/drive/MyDrive/datosDescarga/labels_png/train_00052.png
train,76,/content/drive/MyDrive/datosDescarga/images/train_00076.png,/content/drive/MyDrive/datosDescarga/depths_png16mm/train_00076.png,/content/drive/MyDrive/datosDescarga/labels_png/train_00076.png
train,599,/content/drive/MyDrive/datosDescarga/images/train_00599.png,/content/drive/MyDrive/datosDescarga/depths_png16mm/train_00599.png,/content/drive/MyDrive/datosDescarga/labels_png/train_00599.png
train,588,/content/drive/MyDrive/datosDescarga/images/train_00588.png,/content/drive/MyDrive/datosDescarga/depths_png16mm/train_00588.png,/content/drive/MyDrive/datosDescarga/labels_png/train_00588.png
train,624,/content/drive/MyDrive/datosDescarga/images/train_00624.png,/content/drive/MyDrive/datosDescarga/depths_png16mm/train_00624.png,/content/drive/MyDrive/datosDescarga/labels_png/train_00624.png
train,951,/content/drive/MyDrive/datosDescarga/images/train_00951.png,/content/drive/MyDrive/datosDescarga/depths_png16mm/train_00951.png,/content/drive/MyDrive/datosDescarga/labels_png/train_00951.png
train,318,/content/drive/MyDrive/datosDescarga/images/train_00318.png,/content/drive/MyDrive/datosDescarga/depths_png16mm/train_00318.png,/content/drive/MyDrive/datosDescarga/labels_png/train_00318.png
train,564,/content/drive/MyDrive/datosDescarga/images/train_00564.png,/content/drive/MyDrive/datosDescarga/depths_png16mm/train_00564.png,/content/drive/MyDrive/datosDescarga/labels_png/train_00564.png
train,497,/content/drive/MyDrive/datosDescarga/images/train_00497.png,/content/drive/MyDrive/datosDescarga/depths_png16mm/train_00497.png,/content/drive/MyDrive/datosDescarga/labels_png/train_00497.png
train,247,/content/drive/MyDrive/datosDescarga/images/train_00247.png,/content/drive/MyDrive/datosDescarga/depths_png16mm/train_00247.png,/content/drive/MyDrive/datosDescarga/labels_png/train_00247.png
train,1253,/content/drive/MyDrive/datosDescarga/images/train_01253.png,/content/drive/MyDrive/datosDescarga/depths_png16mm/train_01253.png,/content/drive/MyDrive/datosDescarga/labels_png/train_01253.png
train,238,/content/drive/MyDrive/datosDescarga/images/train_00238.png,/content/drive/MyDrive/datosDescarga/depths_png16mm/train_00238.png,/content/drive/MyDrive/datosDescarga/labels_png/train_00238.png
train,204,/content/drive/MyDrive/datosDescarga/images/train_00204.png,/content/drive/MyDrive/datosDescarga/depths_png16mm/train_00204.png,/content/drive/MyDrive/datosDescarga/labels_png/train_00204.png
train,748,/content/drive/MyDrive/datosDescarga/images/train_00748.png,/content/drive/MyDrive/datosDescarga/depths_png16mm/train_00748.png,/content/drive/MyDrive/datosDescarga/labels_png/train_00748.png
train,414,/content/drive/MyDrive/datosDescarga/images/train_00414.png,/content/drive/MyDrive/datosDescarga/depths_png16mm/train_00414.png,/content/drive/MyDrive/datosDescarga/labels_png/train_00414.png
train,1337,/content/drive/MyDrive/datosDescarga/images/train_01337.png,/content/drive/MyDrive/datosDescarga/depths_png16mm/train_01337.png,/content/drive/MyDrive/datosDescarga/labels_png/train_01337.png
train,933,/content/drive/MyDrive/datosDescarga/images/train_00933.png,/content/drive/MyDrive/datosDescarga/depths_png16mm/train_00933.png,/content/drive/MyDrive/datosDescarga/labels_png/train_00933.png
train,1092,/content/drive/MyDrive/datosDescarga/images/train_01092.png,/content/drive/MyDrive/datosDescarga/depths_png16mm/train_01092.png,/content/drive/MyDrive/datosDescarga/labels_png/train_01092.png
train,696,/content/drive/MyDrive/datosDescarga/images/train_00696.png,/content/drive/MyDrive/datosDescarga/depths_png16mm/train_00696.png,/content/drive/MyDrive/datosDescarga/labels_png/train_00696.png
train,267,/content/drive/MyDrive/datosDescarga/images/train_00267.png,/content/drive/MyDrive/datosDescarga/depths_png16mm/train_00267.png,/content/drive/MyDrive/datosDescarga/labels_png/train_00267.png
train,1101,/content/drive/MyDrive/datosDescarga/images/train_01101.png,/content/drive/MyDrive/datosDescarga/depths_png16mm/train_01101.png,/content/drive/MyDrive/datosDescarga/labels_png/train_01101.png
train,7,/content/drive/MyDrive/datosDescarga/images/train_00007.png,/content/drive/MyDrive/datosDescarga/depths_png16mm/train_00007.png,/content/drive/MyDrive/datosDescarga/labels_png/train_00007.png
train,695,/content/drive/MyDrive/datosDescarga/images/train_00695.png,/content/drive/MyDrive/datosDescarga/depths_png16mm/train_00695.png,/content/drive/MyDrive/datosDescarga/labels_png/train_00695.png
train,57,/content/drive/MyDrive/datosDescarga/images/train_00057.png,/content/drive/MyDrive/datosDescarga/depths_png16mm/train_00057.png,/content/drive/MyDrive/datosDescarga/labels_png/train_00057.png
train,943,/content/drive/MyDrive/datosDescarga/images/train_00943.png,/content/drive/MyDrive/datosDescarga/depths_png16mm/train_00943.png,/content/drive/MyDrive/datosDescarga/labels_png/train_00943.png
train,1197,/content/drive/MyDrive/datosDescarga/images/train_01197.png,/content/drive/MyDrive/datosDescarga/depths_png16mm/train_01197.png,/content/drive/MyDrive/datosDescarga/labels_png/train_01197.png
train,196,/content/drive/MyDrive/datosDescarga/images/train_00196.png,/content/drive/MyDrive/datosDescarga/depths_png16mm/train_00196.png,/content/drive/MyDrive/datosDescarga/labels_png/train_00196.png
train,1124,/content/drive/MyDrive/datosDescarga/images/train_01124.png,/content/drive/MyDrive/datosDescarga/depths_png16mm/train_01124.png,/content/drive/MyDrive/datosDescarga/labels_png/train_01124.png
train,610,/content/drive/MyDrive/datosDescarga/images/train_00610.png,/content/drive/MyDrive/datosDescarga/depths_png16mm/train_00610.png,/content/drive/MyDrive/datosDescarga/labels_png/train_00610.png
train,380,/content/drive/MyDrive/datosDescarga/images/train_00380.png,/content/drive/MyDrive/datosDescarga/depths_png16mm/train_00380.png,/content/drive/MyDrive/datosDescarga/labels_png/train_00380.png
train,812,/content/drive/MyDrive/datosDescarga/images/train_00812.png,/content/drive/MyDrive/datosDescarga/depths_png16mm/train_00812.png,/content/drive/MyDrive/datosDescarga/labels_png/train_00812.png
train,1268,/content/drive/MyDrive/datosDescarga/images/train_01268.png,/content/drive/MyDrive/datosDescarga/depths_png16mm/train_01268.png,/content/drive/MyDrive/datosDescarga/labels_png/train_01268.png
train,973,/content/drive/MyDrive/datosDescarga/images/train_00973.png,/content/drive/MyDrive/datosDescarga/depths_png16mm/train_00973.png,/content/drive/MyDrive/datosDescarga/labels_png/train_00973.png
train,649,/content/drive/MyDrive/datosDescarga/images/train_00649.png,/content/drive/MyDrive/datosDescarga/depths_png16mm/train_00649.png,/content/drive/MyDrive/datosDescarga/labels_png/train_00649.png
train,569,/content/drive/MyDrive/datosDescarga/images/train_00569.png,/content/drive/MyDrive/datosDescarga/depths_png16mm/train_00569.png,/content/drive/MyDrive/datosDescarga/labels_png/train_00569.png
train,971,/content/drive/MyDrive/datosDescarga/images/train_00971.png,/content/drive/MyDrive/datosDescarga/depths_png16mm/train_00971.png,/content/drive/MyDrive/datosDescarga/labels_png/train_00971.png
train,1314,/content/drive/MyDrive/datosDescarga/images/train_01314.png,/content/drive/MyDrive/datosDescarga/depths_png16mm/train_01314.png,/content/drive/MyDrive/datosDescarga/labels_png/train_01314.png
train,43,/content/drive/MyDrive/datosDescarga/images/train_00043.png,/content/drive/MyDrive/datosDescarga/depths_png16mm/train_00043.png,/content/drive/MyDrive/datosDescarga/labels_png/train_00043.png
train,1143,/content/drive/MyDrive/datosDescarga/images/train_01143.png,/content/drive/MyDrive/datosDescarga/depths_png16mm/train_01143.png,/content/drive/MyDrive/datosDescarga/labels_png/train_01143.png
train,298,/content/drive/MyDrive/datosDescarga/images/train_00298.png,/content/drive/MyDrive/datosDescarga/depths_png16mm/train_00298.png,/content/drive/MyDrive/datosDescarga/labels_png/train_00298.png
train,1127,/content/drive/MyDrive/datosDescarga/images/train_01127.png,/content/drive/MyDrive/datosDescarga/depths_png16mm/train_01127.png,/content/drive/MyDrive/datosDescarga/labels_png/train_01127.png
train,1324,/content/drive/MyDrive/datosDescarga/images/train_01324.png,/content/drive/MyDrive/datosDescarga/depths_png16mm/train_01324.png,/content/drive/MyDrive/datosDescarga/labels_png/train_01324.png
train,306,/content/drive/MyDrive/datosDescarga/images/train_00306.png,/content/drive/MyDrive/datosDescarga/depths_png16mm/train_00306.png,/content/drive/MyDrive/datosDescarga/labels_png/train_00306.png
train,958,/content/drive/MyDrive/datosDescarga/images/train_00958.png,/content/drive/MyDrive/datosDescarga/depths_png16mm/train_00958.png,/content/drive/MyDrive/datosDescarga/labels_png/train_00958.png
train,4,/content/drive/MyDrive/datosDescarga/images/train_00004.png,/content/drive/MyDrive/datosDescarga/depths_png16mm/train_00004.png,/content/drive/MyDrive/datosDescarga/labels_png/train_00004.png
train,651,/content/drive/MyDrive/datosDescarga/images/train_00651.png,/content/drive/MyDrive/datosDescarga/depths_png16mm/train_00651.png,/content/drive/MyDrive/datosDescarga/labels_png/train_00651.png
train,605,/content/drive/MyDrive/datosDescarga/images/train_00605.png,/content/drive/MyDrive/datosDescarga/depths_png16mm/train_00605.png,/content/drive/MyDrive/datosDescarga/labels_png/train_00605.png
train,206,/content/drive/MyDrive/datosDescarga/images/train_00206.png,/content/drive/MyDrive/datosDescarga/depths_png16mm/train_00206.png,/content/drive/MyDrive/datosDescarga/labels_png/train_00206.png
train,818,/content/drive/MyDrive/datosDescarga/images/train_00818.png,/content/drive/MyDrive/datosDescarga/depths_png16mm/train_00818.png,/content/drive/MyDrive/datosDescarga/labels_png/train_00818.png
train,222,/content/drive/MyDrive/datosDescarga/images/train_00222.png,/content/drive/MyDrive/datosDescarga/depths_png16mm/train_00222.png,/content/drive/MyDrive/datosDescarga/labels_png/train_00222.png
train,630,/content/drive/MyDrive/datosDescarga/images/train_00630.png,/content/drive/MyDrive/datosDescarga/depths_png16mm/train_00630.png,/content/drive/MyDrive/datosDescarga/labels_png/train_00630.png
train,900,/content/drive/MyDrive/datosDescarga/images/train_00900.png,/content/drive/MyDrive/datosDescarga/depths_png16mm/train_00900.png,/content/drive/MyDrive/datosDescarga/labels_png/train_00900.png
train,1320,/content/drive/MyDrive/datosDescarga/images/train_01320.png,/content/drive/MyDrive/datosDescarga/depths_png16mm/train_01320.png,/content/drive/MyDrive/datosDescarga/labels_png/train_01320.png
train,446,/content/drive/MyDrive/datosDescarga/images/train_00446.png,/content/drive/MyDrive/datosDescarga/depths_png16mm/train_00446.png,/content/drive/MyDrive/datosDescarga/labels_png/train_00446.png
train,1404,/content/drive/MyDrive/datosDescarga/images/train_01404.png,/content/drive/MyDrive/datosDescarga/depths_png16mm/train_01404.png,/content/drive/MyDrive/datosDescarga/labels_png/train_01404.png
train,98,/content/drive/MyDrive/datosDescarga/images/train_00098.png,/content/drive/MyDrive/datosDescarga/depths_png16mm/train_00098.png,/content/drive/MyDrive/datosDescarga/labels_png/train_00098.png
train,894,/content/drive/MyDrive/datosDescarga/images/train_00894.png,/content/drive/MyDrive/datosDescarga/depths_png16mm/train_00894.png,/content/drive/MyDrive/datosDescarga/labels_png/train_00894.png
train,1098,/content/drive/MyDrive/datosDescarga/images/train_01098.png,/content/drive/MyDrive/datosDescarga/depths_png16mm/train_01098.png,/content/drive/MyDrive/datosDescarga/labels_png/train_01098.png
train,898,/content/drive/MyDrive/datosDescarga/images/train_00898.png,/content/drive/MyDrive/datosDescarga/depths_png16mm/train_00898.png,/content/drive/MyDrive/datosDescarga/labels_png/train_00898.png
train,1097,/content/drive/MyDrive/datosDescarga/images/train_01097.png,/content/drive/MyDrive/datosDescarga/depths_png16mm/train_01097.png,/content/drive/MyDrive/datosDescarga/labels_png/train_01097.png
train,1024,/content/drive/MyDrive/datosDescarga/images/train_01024.png,/content/drive/MyDrive/datosDescarga/depths_png16mm/train_01024.png,/content/drive/MyDrive/datosDescarga/labels_png/train_01024.png
train,1443,/content/drive/MyDrive/datosDescarga/images/train_01443.png,/content/drive/MyDrive/datosDescarga/depths_png16mm/train_01443.png,/content/drive/MyDrive/datosDescarga/labels_png/train_01443.png
train,413,/content/drive/MyDrive/datosDescarga/images/train_00413.png,/content/drive/MyDrive/datosDescarga/depths_png16mm/train_00413.png,/content/drive/MyDrive/datosDescarga/labels_png/train_00413.png
train,1177,/content/drive/MyDrive/datosDescarga/images/train_01177.png,/content/drive/MyDrive/datosDescarga/depths_png16mm/train_01177.png,/content/drive/MyDrive/datosDescarga/labels_png/train_01177.png
train,275,/content/drive/MyDrive/datosDescarga/images/train_00275.png,/content/drive/MyDrive/datosDescarga/depths_png16mm/train_00275.png,/content/drive/MyDrive/datosDescarga/labels_png/train_00275.png
train,99,/content/drive/MyDrive/datosDescarga/images/train_00099.png,/content/drive/MyDrive/datosDescarga/depths_png16mm/train_00099.png,/content/drive/MyDrive/datosDescarga/labels_png/train_00099.png
train,1182,/content/drive/MyDrive/datosDescarga/images/train_01182.png,/content/drive/MyDrive/datosDescarga/depths_png16mm/train_01182.png,/content/drive/MyDrive/datosDescarga/labels_png/train_01182.png
train,1033,/content/drive/MyDrive/datosDescarga/images/train_01033.png,/content/drive/MyDrive/datosDescarga/depths_png16mm/train_01033.png,/content/drive/MyDrive/datosDescarga/labels_png/train_01033.png
train,508,/content/drive/MyDrive/datosDescarga/images/train_00508.png,/content/drive/MyDrive/datosDescarga/depths_png16mm/train_00508.png,/content/drive/MyDrive/datosDescarga/labels_png/train_00508.png
train,521,/content/drive/MyDrive/datosDescarga/images/train_00521.png,/content/drive/MyDrive/datosDescarga/depths_png16mm/train_00521.png,/content/drive/MyDrive/datosDescarga/labels_png/train_00521.png
train,1078,/content/drive/MyDrive/datosDescarga/images/train_01078.png,/content/drive/MyDrive/datosDescarga/depths_png16mm/train_01078.png,/content/drive/MyDrive/datosDescarga/labels_png/train_01078.png
train,1118,/content/drive/MyDrive/datosDescarga/images/train_01118.png,/content/drive/MyDrive/datosDescarga/depths_png16mm/train_01118.png,/content/drive/MyDrive/datosDescarga/labels_png/train_01118.png
train,191,/content/drive/MyDrive/datosDescarga/images/train_00191.png,/content/drive/MyDrive/datosDescarga/depths_png16mm/train_00191.png,/content/drive/MyDrive/datosDescarga/labels_png/train_00191.png
train,1279,/content/drive/MyDrive/datosDescarga/images/train_01279.png,/content/drive/MyDrive/datosDescarga/depths_png16mm/train_01279.png,/content/drive/MyDrive/datosDescarga/labels_png/train_01279.png
train,1352,/content/drive/MyDrive/datosDescarga/images/train_01352.png,/content/drive/MyDrive/datosDescarga/depths_png16mm/train_01352.png,/content/drive/MyDrive/datosDescarga/labels_png/train_01352.png
train,198,/content/drive/MyDrive/datosDescarga/images/train_00198.png,/content/drive/MyDrive/datosDescarga/depths_png16mm/train_00198.png,/content/drive/MyDrive/datosDescarga/labels_png/train_00198.png
train,704,/content/drive/MyDrive/datosDescarga/images/train_00704.png,/content/drive/MyDrive/datosDescarga/depths_png16mm/train_00704.png,/content/drive/MyDrive/datosDescarga/labels_png/train_00704.png
train,1207,/content/drive/MyDrive/datosDescarga/images/train_01207.png,/content/drive/MyDrive/datosDescarga/depths_png16mm/train_01207.png,/content/drive/MyDrive/datosDescarga/labels_png/train_01207.png
train,890,/content/drive/MyDrive/datosDescarga/images/train_00890.png,/content/drive/MyDrive/datosDescarga/depths_png16mm/train_00890.png,/content/drive/MyDrive/datosDescarga/labels_png/train_00890.png
train,1333,/content/drive/MyDrive/datosDescarga/images/train_01333.png,/content/drive/MyDrive/datosDescarga/depths_png16mm/train_01333.png,/content/drive/MyDrive/datosDescarga/labels_png/train_01333.png
train,1027,/content/drive/MyDrive/datosDescarga/images/train_01027.png,/content/drive/MyDrive/datosDescarga/depths_png16mm/train_01027.png,/content/drive/MyDrive/datosDescarga/labels_png/train_01027.png
train,445,/content/drive/MyDrive/datosDescarga/images/train_00445.png,/content/drive/MyDrive/datosDescarga/depths_png16mm/train_00445.png,/content/drive/MyDrive/datosDescarga/labels_png/train_00445.png
train,640,/content/drive/MyDrive/datosDescarga/images/train_00640.png,/content/drive/MyDrive/datosDescarga/depths_png16mm/train_00640.png,/content/drive/MyDrive/datosDescarga/labels_png/train_00640.png
train,790,/content/drive/MyDrive/datosDescarga/images/train_00790.png,/content/drive/MyDrive/datosDescarga/depths_png16mm/train_00790.png,/content/drive/MyDrive/datosDescarga/labels_png/train_00790.png
train,1421,/content/drive/MyDrive/datosDescarga/images/train_01421.png,/content/drive/MyDrive/datosDescarga/depths_png16mm/train_01421.png,/content/drive/MyDrive/datosDescarga/labels_png/train_01421.png
train,524,/content/drive/MyDrive/datosDescarga/images/train_00524.png,/content/drive/MyDrive/datosDescarga/depths_png16mm/train_00524.png,/content/drive/MyDrive/datosDescarga/labels_png/train_00524.png
train,58,/content/drive/MyDrive/datosDescarga/images/train_00058.png,/content/drive/MyDrive/datosDescarga/depths_png16mm/train_00058.png,/content/drive/MyDrive/datosDescarga/labels_png/train_00058.png
train,528,/content/drive/MyDrive/datosDescarga/images/train_00528.png,/content/drive/MyDrive/datosDescarga/depths_png16mm/train_00528.png,/content/drive/MyDrive/datosDescarga/labels_png/train_00528.png
train,720,/content/drive/MyDrive/datosDescarga/images/train_00720.png,/content/drive/MyDrive/datosDescarga/depths_png16mm/train_00720.png,/content/drive/MyDrive/datosDescarga/labels_png/train_00720.png
train,655,/content/drive/MyDrive/datosDescarga/images/train_00655.png,/content/drive/MyDrive/datosDescarga/depths_png16mm/train_00655.png,/content/drive/MyDrive/datosDescarga/labels_png/train_00655.png
train,895,/content/drive/MyDrive/datosDescarga/images/train_00895.png,/content/drive/MyDrive/datosDescarga/depths_png16mm/train_00895.png,/content/drive/MyDrive/datosDescarga/labels_png/train_00895.png
train,236,/content/drive/MyDrive/datosDescarga/images/train_00236.png,/content/drive/MyDrive/datosDescarga/depths_png16mm/train_00236.png,/content/drive/MyDrive/datosDescarga/labels_png/train_00236.png
train,939,/content/drive/MyDrive/datosDescarga/images/train_00939.png,/content/drive/MyDrive/datosDescarga/depths_png16mm/train_00939.png,/content/drive/MyDrive/datosDescarga/labels_png/train_00939.png
train,477,/content/drive/MyDrive/datosDescarga/images/train_00477.png,/content/drive/MyDrive/datosDescarga/depths_png16mm/train_00477.png,/content/drive/MyDrive/datosDescarga/labels_png/train_00477.png
train,120,/content/drive/MyDrive/datosDescarga/images/train_00120.png,/content/drive/MyDrive/datosDescarga/depths_png16mm/train_00120.png,/content/drive/MyDrive/datosDescarga/labels_png/train_00120.png
train,340,/content/drive/MyDrive/datosDescarga/images/train_00340.png,/content/drive/MyDrive/datosDescarga/depths_png16mm/train_00340.png,/content/drive/MyDrive/datosDescarga/labels_png/train_00340.png
train,1017,/content/drive/MyDrive/datosDescarga/images/train_01017.png,/content/drive/MyDrive/datosDescarga/depths_png16mm/train_01017.png,/content/drive/MyDrive/datosDescarga/labels_png/train_01017.png
train,351,/content/drive/MyDrive/datosDescarga/images/train_00351.png,/content/drive/MyDrive/datosDescarga/depths_png16mm/train_00351.png,/content/drive/MyDrive/datosDescarga/labels_png/train_00351.png
train,1201,/content/drive/MyDrive/datosDescarga/images/train_01201.png,/content/drive/MyDrive/datosDescarga/depths_png16mm/train_01201.png,/content/drive/MyDrive/datosDescarga/labels_png/train_01201.png
train,45,/content/drive/MyDrive/datosDescarga/images/train_00045.png,/content/drive/MyDrive/datosDescarga/depths_png16mm/train_00045.png,/content/drive/MyDrive/datosDescarga/labels_png/train_00045.png
train,96,/content/drive/MyDrive/datosDescarga/images/train_00096.png,/content/drive/MyDrive/datosDescarga/depths_png16mm/train_00096.png,/content/drive/MyDrive/datosDescarga/labels_png/train_00096.png
train,1406,/content/drive/MyDrive/datosDescarga/images/train_01406.png,/content/drive/MyDrive/datosDescarga/depths_png16mm/train_01406.png,/content/drive/MyDrive/datosDescarga/labels_png/train_01406.png
train,1036,/content/drive/MyDrive/datosDescarga/images/train_01036.png,/content/drive/MyDrive/datosDescarga/depths_png16mm/train_01036.png,/content/drive/MyDrive/datosDescarga/labels_png/train_01036.png
train,993,/content/drive/MyDrive/datosDescarga/images/train_00993.png,/content/drive/MyDrive/datosDescarga/depths_png16mm/train_00993.png,/content/drive/MyDrive/datosDescarga/labels_png/train_00993.png
train,1384,/content/drive/MyDrive/datosDescarga/images/train_01384.png,/content/drive/MyDrive/datosDescarga/depths_png16mm/train_01384.png,/content/drive/MyDrive/datosDescarga/labels_png/train_01384.png
train,1107,/content/drive/MyDrive/datosDescarga/images/train_01107.png,/content/drive/MyDrive/datosDescarga/depths_png16mm/train_01107.png,/content/drive/MyDrive/datosDescarga/labels_png/train_01107.png
train,874,/content/drive/MyDrive/datosDescarga/images/train_00874.png,/content/drive/MyDrive/datosDescarga/depths_png16mm/train_00874.png,/content/drive/MyDrive/datosDescarga/labels_png/train_00874.png
train,1096,/content/drive/MyDrive/datosDescarga/images/train_01096.png,/content/drive/MyDrive/datosDescarga/depths_png16mm/train_01096.png,/content/drive/MyDrive/datosDescarga/labels_png/train_01096.png
train,488,/content/drive/MyDrive/datosDescarga/images/train_00488.png,/content/drive/MyDrive/datosDescarga/depths_png16mm/train_00488.png,/content/drive/MyDrive/datosDescarga/labels_png/train_00488.png
train,118,/content/drive/MyDrive/datosDescarga/images/train_00118.png,/content/drive/MyDrive/datosDescarga/depths_png16mm/train_00118.png,/content/drive/MyDrive/datosDescarga/labels_png/train_00118.png
train,709,/content/drive/MyDrive/datosDescarga/images/train_00709.png,/content/drive/MyDrive/datosDescarga/depths_png16mm/train_00709.png,/content/drive/MyDrive/datosDescarga/labels_png/train_00709.png
train,1402,/content/drive/MyDrive/datosDescarga/images/train_01402.png,/content/drive/MyDrive/datosDescarga/depths_png16mm/train_01402.png,/content/drive/MyDrive/datosDescarga/labels_png/train_01402.png
train,533,/content/drive/MyDrive/datosDescarga/images/train_00533.png,/content/drive/MyDrive/datosDescarga/depths_png16mm/train_00533.png,/content/drive/MyDrive/datosDescarga/labels_png/train_00533.png
train,532,/content/drive/MyDrive/datosDescarga/images/train_00532.png,/content/drive/MyDrive/datosDescarga/depths_png16mm/train_00532.png,/content/drive/MyDrive/datosDescarga/labels_png/train_00532.png
train,733,/content/drive/MyDrive/datosDescarga/images/train_00733.png,/content/drive/MyDrive/datosDescarga/depths_png16mm/train_00733.png,/content/drive/MyDrive/datosDescarga/labels_png/train_00733.png
train,879,/content/drive/MyDrive/datosDescarga/images/train_00879.png,/content/drive/MyDrive/datosDescarga/depths_png16mm/train_00879.png,/content/drive/MyDrive/datosDescarga/labels_png/train_00879.png
train,755,/content/drive/MyDrive/datosDescarga/images/train_00755.png,/content/drive/MyDrive/datosDescarga/depths_png16mm/train_00755.png,/content/drive/MyDrive/datosDescarga/labels_png/train_00755.png
train,935,/content/drive/MyDrive/datosDescarga/images/train_00935.png,/content/drive/MyDrive/datosDescarga/depths_png16mm/train_00935.png,/content/drive/MyDrive/datosDescarga/labels_png/train_00935.png
train,33,/content/drive/MyDrive/datosDescarga/images/train_00033.png,/content/drive/MyDrive/datosDescarga/depths_png16mm/train_00033.png,/content/drive/MyDrive/datosDescarga/labels_png/train_00033.png
train,256,/content/drive/MyDrive/datosDescarga/images/train_00256.png,/content/drive/MyDrive/datosDescarga/depths_png16mm/train_00256.png,/content/drive/MyDrive/datosDescarga/labels_png/train_00256.png
train,997,/content/drive/MyDrive/datosDescarga/images/train_00997.png,/content/drive/MyDrive/datosDescarga/depths_png16mm/train_00997.png,/content/drive/MyDrive/datosDescarga/labels_png/train_00997.png
train,353,/content/drive/MyDrive/datosDescarga/images/train_00353.png,/content/drive/MyDrive/datosDescarga/depths_png16mm/train_00353.png,/content/drive/MyDrive/datosDescarga/labels_png/train_00353.png
train,1094,/content/drive/MyDrive/datosDescarga/images/train_01094.png,/content/drive/MyDrive/datosDescarga/depths_png16mm/train_01094.png,/content/drive/MyDrive/datosDescarga/labels_png/train_01094.png
train,466,/content/drive/MyDrive/datosDescarga/images/train_00466.png,/content/drive/MyDrive/datosDescarga/depths_png16mm/train_00466.png,/content/drive/MyDrive/datosDescarga/labels_png/train_00466.png
train,1180,/content/drive/MyDrive/datosDescarga/images/train_01180.png,/content/drive/MyDrive/datosDescarga/depths_png16mm/train_01180.png,/content/drive/MyDrive/datosDescarga/labels_png/train_01180.png
train,309,/content/drive/MyDrive/datosDescarga/images/train_00309.png,/content/drive/MyDrive/datosDescarga/depths_png16mm/train_00309.png,/content/drive/MyDrive/datosDescarga/labels_png/train_00309.png
train,1249,/content/drive/MyDrive/datosDescarga/images/train_01249.png,/content/drive/MyDrive/datosDescarga/depths_png16mm/train_01249.png,/content/drive/MyDrive/datosDescarga/labels_png/train_01249.png
train,784,/content/drive/MyDrive/datosDescarga/images/train_00784.png,/content/drive/MyDrive/datosDescarga/depths_png16mm/train_00784.png,/content/drive/MyDrive/datosDescarga/labels_png/train_00784.png
train,6,/content/drive/MyDrive/datosDescarga/images/train_00006.png,/content/drive/MyDrive/datosDescarga/depths_png16mm/train_00006.png,/content/drive/MyDrive/datosDescarga/labels_png/train_00006.png
train,1389,/content/drive/MyDrive/datosDescarga/images/train_01389.png,/content/drive/MyDrive/datosDescarga/depths_png16mm/train_01389.png,/content/drive/MyDrive/datosDescarga/labels_png/train_01389.png
train,536,/content/drive/MyDrive/datosDescarga/images/train_00536.png,/content/drive/MyDrive/datosDescarga/depths_png16mm/train_00536.png,/content/drive/MyDrive/datosDescarga/labels_png/train_00536.png
train,868,/content/drive/MyDrive/datosDescarga/images/train_00868.png,/content/drive/MyDrive/datosDescarga/depths_png16mm/train_00868.png,/content/drive/MyDrive/datosDescarga/labels_png/train_00868.png
train,1360,/content/drive/MyDrive/datosDescarga/images/train_01360.png,/content/drive/MyDrive/datosDescarga/depths_png16mm/train_01360.png,/content/drive/MyDrive/datosDescarga/labels_png/train_01360.png
train,1407,/content/drive/MyDrive/datosDescarga/images/train_01407.png,/content/drive/MyDrive/datosDescarga/depths_png16mm/train_01407.png,/content/drive/MyDrive/datosDescarga/labels_png/train_01407.png
train,1189,/content/drive/MyDrive/datosDescarga/images/train_01189.png,/content/drive/MyDrive/datosDescarga/depths_png16mm/train_01189.png,/content/drive/MyDrive/datosDescarga/labels_png/train_01189.png
train,53,/content/drive/MyDrive/datosDescarga/images/train_00053.png,/content/drive/MyDrive/datosDescarga/depths_png16mm/train_00053.png,/content/drive/MyDrive/datosDescarga/labels_png/train_00053.png
train,350,/content/drive/MyDrive/datosDescarga/images/train_00350.png,/content/drive/MyDrive/datosDescarga/depths_png16mm/train_00350.png,/content/drive/MyDrive/datosDescarga/labels_png/train_00350.png
train,34,/content/drive/MyDrive/datosDescarga/images/train_00034.png,/content/drive/MyDrive/datosDescarga/depths_png16mm/train_00034.png,/content/drive/MyDrive/datosDescarga/labels_png/train_00034.png
train,1300,/content/drive/MyDrive/datosDescarga/images/train_01300.png,/content/drive/MyDrive/datosDescarga/depths_png16mm/train_01300.png,/content/drive/MyDrive/datosDescarga/labels_png/train_01300.png
train,850,/content/drive/MyDrive/datosDescarga/images/train_00850.png,/content/drive/MyDrive/datosDescarga/depths_png16mm/train_00850.png,/content/drive/MyDrive/datosDescarga/labels_png/train_00850.png
train,852,/content/drive/MyDrive/datosDescarga/images/train_00852.png,/content/drive/MyDrive/datosDescarga/depths_png16mm/train_00852.png,/content/drive/MyDrive/datosDescarga/labels_png/train_00852.png
train,1341,/content/drive/MyDrive/datosDescarga/images/train_01341.png,/content/drive/MyDrive/datosDescarga/depths_png16mm/train_01341.png,/content/drive/MyDrive/datosDescarga/labels_png/train_01341.png
train,70,/content/drive/MyDrive/datosDescarga/images/train_00070.png,/content/drive/MyDrive/datosDescarga/depths_png16mm/train_00070.png,/content/drive/MyDrive/datosDescarga/labels_png/train_00070.png
train,239,/content/drive/MyDrive/datosDescarga/images/train_00239.png,/content/drive/MyDrive/datosDescarga/depths_png16mm/train_00239.png,/content/drive/MyDrive/datosDescarga/labels_png/train_00239.png
train,606,/content/drive/MyDrive/datosDescarga/images/train_00606.png,/content/drive/MyDrive/datosDescarga/depths_png16mm/train_00606.png,/content/drive/MyDrive/datosDescarga/labels_png/train_00606.png
train,1155,/content/drive/MyDrive/datosDescarga/images/train_01155.png,/content/drive/MyDrive/datosDescarga/depths_png16mm/train_01155.png,/content/drive/MyDrive/datosDescarga/labels_png/train_01155.png
train,956,/content/drive/MyDrive/datosDescarga/images/train_00956.png,/content/drive/MyDrive/datosDescarga/depths_png16mm/train_00956.png,/content/drive/MyDrive/datosDescarga/labels_png/train_00956.png
train,806,/content/drive/MyDrive/datosDescarga/images/train_00806.png,/content/drive/MyDrive/datosDescarga/depths_png16mm/train_00806.png,/content/drive/MyDrive/datosDescarga/labels_png/train_00806.png
train,1108,/content/drive/MyDrive/datosDescarga/images/train_01108.png,/content/drive/MyDrive/datosDescarga/depths_png16mm/train_01108.png,/content/drive/MyDrive/datosDescarga/labels_png/train_01108.png
train,1439,/content/drive/MyDrive/datosDescarga/images/train_01439.png,/content/drive/MyDrive/datosDescarga/depths_png16mm/train_01439.png,/content/drive/MyDrive/datosDescarga/labels_png/train_01439.png
train,1271,/content/drive/MyDrive/datosDescarga/images/train_01271.png,/content/drive/MyDrive/datosDescarga/depths_png16mm/train_01271.png,/content/drive/MyDrive/datosDescarga/labels_png/train_01271.png
train,753,/content/drive/MyDrive/datosDescarga/images/train_00753.png,/content/drive/MyDrive/datosDescarga/depths_png16mm/train_00753.png,/content/drive/MyDrive/datosDescarga/labels_png/train_00753.png
train,330,/content/drive/MyDrive/datosDescarga/images/train_00330.png,/content/drive/MyDrive/datosDescarga/depths_png16mm/train_00330.png,/content/drive/MyDrive/datosDescarga/labels_png/train_00330.png
train,517,/content/drive/MyDrive/datosDescarga/images/train_00517.png,/content/drive/MyDrive/datosDescarga/depths_png16mm/train_00517.png,/content/drive/MyDrive/datosDescarga/labels_png/train_00517.png
train,711,/content/drive/MyDrive/datosDescarga/images/train_00711.png,/content/drive/MyDrive/datosDescarga/depths_png16mm/train_00711.png,/content/drive/MyDrive/datosDescarga/labels_png/train_00711.png
train,1329,/content/drive/MyDrive/datosDescarga/images/train_01329.png,/content/drive/MyDrive/datosDescarga/depths_png16mm/train_01329.png,/content/drive/MyDrive/datosDescarga/labels_png/train_01329.png
train,101,/content/drive/MyDrive/datosDescarga/images/train_00101.png,/content/drive/MyDrive/datosDescarga/depths_png16mm/train_00101.png,/content/drive/MyDrive/datosDescarga/labels_png/train_00101.png
train,908,/content/drive/MyDrive/datosDescarga/images/train_00908.png,/content/drive/MyDrive/datosDescarga/depths_png16mm/train_00908.png,/content/drive/MyDrive/datosDescarga/labels_png/train_00908.png
train,1438,/content/drive/MyDrive/datosDescarga/images/train_01438.png,/content/drive/MyDrive/datosDescarga/depths_png16mm/train_01438.png,/content/drive/MyDrive/datosDescarga/labels_png/train_01438.png
train,885,/content/drive/MyDrive/datosDescarga/images/train_00885.png,/content/drive/MyDrive/datosDescarga/depths_png16mm/train_00885.png,/content/drive/MyDrive/datosDescarga/labels_png/train_00885.png
train,814,/content/drive/MyDrive/datosDescarga/images/train_00814.png,/content/drive/MyDrive/datosDescarga/depths_png16mm/train_00814.png,/content/drive/MyDrive/datosDescarga/labels_png/train_00814.png
train,283,/content/drive/MyDrive/datosDescarga/images/train_00283.png,/content/drive/MyDrive/datosDescarga/depths_png16mm/train_00283.png,/content/drive/MyDrive/datosDescarga/labels_png/train_00283.png
train,873,/content/drive/MyDrive/datosDescarga/images/train_00873.png,/content/drive/MyDrive/datosDescarga/depths_png16mm/train_00873.png,/content/drive/MyDrive/datosDescarga/labels_png/train_00873.png
train,913,/content/drive/MyDrive/datosDescarga/images/train_00913.png,/content/drive/MyDrive/datosDescarga/depths_png16mm/train_00913.png,/content/drive/MyDrive/datosDescarga/labels_png/train_00913.png
train,278,/content/drive/MyDrive/datosDescarga/images/train_00278.png,/content/drive/MyDrive/datosDescarga/depths_png16mm/train_00278.png,/content/drive/MyDrive/datosDescarga/labels_png/train_00278.png
train,581,/content/drive/MyDrive/datosDescarga/images/train_00581.png,/content/drive/MyDrive/datosDescarga/depths_png16mm/train_00581.png,/content/drive/MyDrive/datosDescarga/labels_png/train_00581.png
train,74,/content/drive/MyDrive/datosDescarga/images/train_00074.png,/content/drive/MyDrive/datosDescarga/depths_png16mm/train_00074.png,/content/drive/MyDrive/datosDescarga/labels_png/train_00074.png
train,1006,/content/drive/MyDrive/datosDescarga/images/train_01006.png,/content/drive/MyDrive/datosDescarga/depths_png16mm/train_01006.png,/content/drive/MyDrive/datosDescarga/labels_png/train_01006.png
train,965,/content/drive/MyDrive/datosDescarga/images/train_00965.png,/content/drive/MyDrive/datosDescarga/depths_png16mm/train_00965.png,/content/drive/MyDrive/datosDescarga/labels_png/train_00965.png
train,1026,/content/drive/MyDrive/datosDescarga/images/train_01026.png,/content/drive/MyDrive/datosDescarga/depths_png16mm/train_01026.png,/content/drive/MyDrive/datosDescarga/labels_png/train_01026.png
train,197,/content/drive/MyDrive/datosDescarga/images/train_00197.png,/content/drive/MyDrive/datosDescarga/depths_png16mm/train_00197.png,/content/drive/MyDrive/datosDescarga/labels_png/train_00197.png
train,273,/content/drive/MyDrive/datosDescarga/images/train_00273.png,/content/drive/MyDrive/datosDescarga/depths_png16mm/train_00273.png,/content/drive/MyDrive/datosDescarga/labels_png/train_00273.png
train,467,/content/drive/MyDrive/datosDescarga/images/train_00467.png,/content/drive/MyDrive/datosDescarga/depths_png16mm/train_00467.png,/content/drive/MyDrive/datosDescarga/labels_png/train_00467.png
train,566,/content/drive/MyDrive/datosDescarga/images/train_00566.png,/content/drive/MyDrive/datosDescarga/depths_png16mm/train_00566.png,/content/drive/MyDrive/datosDescarga/labels_png/train_00566.png
train,899,/content/drive/MyDrive/datosDescarga/images/train_00899.png,/content/drive/MyDrive/datosDescarga/depths_png16mm/train_00899.png,/content/drive/MyDrive/datosDescarga/labels_png/train_00899.png
train,512,/content/drive/MyDrive/datosDescarga/images/train_00512.png,/content/drive/MyDrive/datosDescarga/depths_png16mm/train_00512.png,/content/drive/MyDrive/datosDescarga/labels_png/train_00512.png
train,1178,/content/drive/MyDrive/datosDescarga/images/train_01178.png,/content/drive/MyDrive/datosDescarga/depths_png16mm/train_01178.png,/content/drive/MyDrive/datosDescarga/labels_png/train_01178.png
train,478,/content/drive/MyDrive/datosDescarga/images/train_00478.png,/content/drive/MyDrive/datosDescarga/depths_png16mm/train_00478.png,/content/drive/MyDrive/datosDescarga/labels_png/train_00478.png
train,1275,/content/drive/MyDrive/datosDescarga/images/train_01275.png,/content/drive/MyDrive/datosDescarga/depths_png16mm/train_01275.png,/content/drive/MyDrive/datosDescarga/labels_png/train_01275.png
train,947,/content/drive/MyDrive/datosDescarga/images/train_00947.png,/content/drive/MyDrive/datosDescarga/depths_png16mm/train_00947.png,/content/drive/MyDrive/datosDescarga/labels_png/train_00947.png
train,1290,/content/drive/MyDrive/datosDescarga/images/train_01290.png,/content/drive/MyDrive/datosDescarga/depths_png16mm/train_01290.png,/content/drive/MyDrive/datosDescarga/labels_png/train_01290.png
train,909,/content/drive/MyDrive/datosDescarga/images/train_00909.png,/content/drive/MyDrive/datosDescarga/depths_png16mm/train_00909.png,/content/drive/MyDrive/datosDescarga/labels_png/train_00909.png
train,443,/content/drive/MyDrive/datosDescarga/images/train_00443.png,/content/drive/MyDrive/datosDescarga/depths_png16mm/train_00443.png,/content/drive/MyDrive/datosDescarga/labels_png/train_00443.png
train,1085,/content/drive/MyDrive/datosDescarga/images/train_01085.png,/content/drive/MyDrive/datosDescarga/depths_png16mm/train_01085.png,/content/drive/MyDrive/datosDescarga/labels_png/train_01085.png
train,1365,/content/drive/MyDrive/datosDescarga/images/train_01365.png,/content/drive/MyDrive/datosDescarga/depths_png16mm/train_01365.png,/content/drive/MyDrive/datosDescarga/labels_png/train_01365.png
train,31,/content/drive/MyDrive/datosDescarga/images/train_00031.png,/content/drive/MyDrive/datosDescarga/depths_png16mm/train_00031.png,/content/drive/MyDrive/datosDescarga/labels_png/train_00031.png
train,400,/content/drive/MyDrive/datosDescarga/images/train_00400.png,/content/drive/MyDrive/datosDescarga/depths_png16mm/train_00400.png,/content/drive/MyDrive/datosDescarga/labels_png/train_00400.png
train,1132,/content/drive/MyDrive/datosDescarga/images/train_01132.png,/content/drive/MyDrive/datosDescarga/depths_png16mm/train_01132.png,/content/drive/MyDrive/datosDescarga/labels_png/train_01132.png
train,888,/content/drive/MyDrive/datosDescarga/images/train_00888.png,/content/drive/MyDrive/datosDescarga/depths_png16mm/train_00888.png,/content/drive/MyDrive/datosDescarga/labels_png/train_00888.png
train,27,/content/drive/MyDrive/datosDescarga/images/train_00027.png,/content/drive/MyDrive/datosDescarga/depths_png16mm/train_00027.png,/content/drive/MyDrive/datosDescarga/labels_png/train_00027.png
train,764,/content/drive/MyDrive/datosDescarga/images/train_00764.png,/content/drive/MyDrive/datosDescarga/depths_png16mm/train_00764.png,/content/drive/MyDrive/datosDescarga/labels_png/train_00764.png
train,452,/content/drive/MyDrive/datosDescarga/images/train_00452.png,/content/drive/MyDrive/datosDescarga/depths_png16mm/train_00452.png,/content/drive/MyDrive/datosDescarga/labels_png/train_00452.png
train,134,/content/drive/MyDrive/datosDescarga/images/train_00134.png,/content/drive/MyDrive/datosDescarga/depths_png16mm/train_00134.png,/content/drive/MyDrive/datosDescarga/labels_png/train_00134.png
train,165,/content/drive/MyDrive/datosDescarga/images/train_00165.png,/content/drive/MyDrive/datosDescarga/depths_png16mm/train_00165.png,/content/drive/MyDrive/datosDescarga/labels_png/train_00165.png
train,543,/content/drive/MyDrive/datosDescarga/images/train_00543.png,/content/drive/MyDrive/datosDescarga/depths_png16mm/train_00543.png,/content/drive/MyDrive/datosDescarga/labels_png/train_00543.png
train,938,/content/drive/MyDrive/datosDescarga/images/train_00938.png,/content/drive/MyDrive/datosDescarga/depths_png16mm/train_00938.png,/content/drive/MyDrive/datosDescarga/labels_png/train_00938.png
train,323,/content/drive/MyDrive/datosDescarga/images/train_00323.png,/content/drive/MyDrive/datosDescarga/depths_png16mm/train_00323.png,/content/drive/MyDrive/datosDescarga/labels_png/train_00323.png
train,336,/content/drive/MyDrive/datosDescarga/images/train_00336.png,/content/drive/MyDrive/datosDescarga/depths_png16mm/train_00336.png,/content/drive/MyDrive/datosDescarga/labels_png/train_00336.png
train,961,/content/drive/MyDrive/datosDescarga/images/train_00961.png,/content/drive/MyDrive/datosDescarga/depths_png16mm/train_00961.png,/content/drive/MyDrive/datosDescarga/labels_png/train_00961.png
train,1218,/content/drive/MyDrive/datosDescarga/images/train_01218.png,/content/drive/MyDrive/datosDescarga/depths_png16mm/train_01218.png,/content/drive/MyDrive/datosDescarga/labels_png/train_01218.png
train,193,/content/drive/MyDrive/datosDescarga/images/train_00193.png,/content/drive/MyDrive/datosDescarga/depths_png16mm/train_00193.png,/content/drive/MyDrive/datosDescarga/labels_png/train_00193.png
train,85,/content/drive/MyDrive/datosDescarga/images/train_00085.png,/content/drive/MyDrive/datosDescarga/depths_png16mm/train_00085.png,/content/drive/MyDrive/datosDescarga/labels_png/train_00085.png
train,259,/content/drive/MyDrive/datosDescarga/images/train_00259.png,/content/drive/MyDrive/datosDescarga/depths_png16mm/train_00259.png,/content/drive/MyDrive/datosDescarga/labels_png/train_00259.png
train,201,/content/drive/MyDrive/datosDescarga/images/train_00201.png,/content/drive/MyDrive/datosDescarga/depths_png16mm/train_00201.png,/content/drive/MyDrive/datosDescarga/labels_png/train_00201.png
train,1050,/content/drive/MyDrive/datosDescarga/images/train_01050.png,/content/drive/MyDrive/datosDescarga/depths_png16mm/train_01050.png,/content/drive/MyDrive/datosDescarga/labels_png/train_01050.png
train,1067,/content/drive/MyDrive/datosDescarga/images/train_01067.png,/content/drive/MyDrive/datosDescarga/depths_png16mm/train_01067.png,/content/drive/MyDrive/datosDescarga/labels_png/train_01067.png
train,1280,/content/drive/MyDrive/datosDescarga/images/train_01280.png,/content/drive/MyDrive/datosDescarga/depths_png16mm/train_01280.png,/content/drive/MyDrive/datosDescarga/labels_png/train_01280.png
train,1234,/content/drive/MyDrive/datosDescarga/images/train_01234.png,/content/drive/MyDrive/datosDescarga/depths_png16mm/train_01234.png,/content/drive/MyDrive/datosDescarga/labels_png/train_01234.png
train,1319,/content/drive/MyDrive/datosDescarga/images/train_01319.png,/content/drive/MyDrive/datosDescarga/depths_png16mm/train_01319.png,/content/drive/MyDrive/datosDescarga/labels_png/train_01319.png
train,538,/content/drive/MyDrive/datosDescarga/images/train_00538.png,/content/drive/MyDrive/datosDescarga/depths_png16mm/train_00538.png,/content/drive/MyDrive/datosDescarga/labels_png/train_00538.png
train,1080,/content/drive/MyDrive/datosDescarga/images/train_01080.png,/content/drive/MyDrive/datosDescarga/depths_png16mm/train_01080.png,/content/drive/MyDrive/datosDescarga/labels_png/train_01080.png
train,1379,/content/drive/MyDrive/datosDescarga/images/train_01379.png,/content/drive/MyDrive/datosDescarga/depths_png16mm/train_01379.png,/content/drive/MyDrive/datosDescarga/labels_png/train_01379.png
train,915,/content/drive/MyDrive/datosDescarga/images/train_00915.png,/content/drive/MyDrive/datosDescarga/depths_png16mm/train_00915.png,/content/drive/MyDrive/datosDescarga/labels_png/train_00915.png
train,1086,/content/drive/MyDrive/datosDescarga/images/train_01086.png,/content/drive/MyDrive/datosDescarga/depths_png16mm/train_01086.png,/content/drive/MyDrive/datosDescarga/labels_png/train_01086.png
train,1148,/content/drive/MyDrive/datosDescarga/images/train_01148.png,/content/drive/MyDrive/datosDescarga/depths_png16mm/train_01148.png,/content/drive/MyDrive/datosDescarga/labels_png/train_01148.png
train,820,/content/drive/MyDrive/datosDescarga/images/train_00820.png,/content/drive/MyDrive/datosDescarga/depths_png16mm/train_00820.png,/content/drive/MyDrive/datosDescarga/labels_png/train_00820.png
train,347,/content/drive/MyDrive/datosDescarga/images/train_00347.png,/content/drive/MyDrive/datosDescarga/depths_png16mm/train_00347.png,/content/drive/MyDrive/datosDescarga/labels_png/train_00347.png
train,65,/content/drive/MyDrive/datosDescarga/images/train_00065.png,/content/drive/MyDrive/datosDescarga/depths_png16mm/train_00065.png,/content/drive/MyDrive/datosDescarga/labels_png/train_00065.png
train,600,/content/drive/MyDrive/datosDescarga/images/train_00600.png,/content/drive/MyDrive/datosDescarga/depths_png16mm/train_00600.png,/content/drive/MyDrive/datosDescarga/labels_png/train_00600.png
train,883,/content/drive/MyDrive/datosDescarga/images/train_00883.png,/content/drive/MyDrive/datosDescarga/depths_png16mm/train_00883.png,/content/drive/MyDrive/datosDescarga/labels_png/train_00883.png
train,1426,/content/drive/MyDrive/datosDescarga/images/train_01426.png,/content/drive/MyDrive/datosDescarga/depths_png16mm/train_01426.png,/content/drive/MyDrive/datosDescarga/labels_png/train_01426.png
train,726,/content/drive/MyDrive/datosDescarga/images/train_00726.png,/content/drive/MyDrive/datosDescarga/depths_png16mm/train_00726.png,/content/drive/MyDrive/datosDescarga/labels_png/train_00726.png
train,24,/content/drive/MyDrive/datosDescarga/images/train_00024.png,/content/drive/MyDrive/datosDescarga/depths_png16mm/train_00024.png,/content/drive/MyDrive/datosDescarga/labels_png/train_00024.png
train,462,/content/drive/MyDrive/datosDescarga/images/train_00462.png,/content/drive/MyDrive/datosDescarga/depths_png16mm/train_00462.png,/content/drive/MyDrive/datosDescarga/labels_png/train_00462.png
train,454,/content/drive/MyDrive/datosDescarga/images/train_00454.png,/content/drive/MyDrive/datosDescarga/depths_png16mm/train_00454.png,/content/drive/MyDrive/datosDescarga/labels_png/train_00454.png
train,948,/content/drive/MyDrive/datosDescarga/images/train_00948.png,/content/drive/MyDrive/datosDescarga/depths_png16mm/train_00948.png,/content/drive/MyDrive/datosDescarga/labels_png/train_00948.png
train,889,/content/drive/MyDrive/datosDescarga/images/train_00889.png,/content/drive/MyDrive/datosDescarga/depths_png16mm/train_00889.png,/content/drive/MyDrive/datosDescarga/labels_png/train_00889.png
train,153,/content/drive/MyDrive/datosDescarga/images/train_00153.png,/content/drive/MyDrive/datosDescarga/depths_png16mm/train_00153.png,/content/drive/MyDrive/datosDescarga/labels_png/train_00153.png
train,1260,/content/drive/MyDrive/datosDescarga/images/train_01260.png,/content/drive/MyDrive/datosDescarga/depths_png16mm/train_01260.png,/content/drive/MyDrive/datosDescarga/labels_png/train_01260.png
train,996,/content/drive/MyDrive/datosDescarga/images/train_00996.png,/content/drive/MyDrive/datosDescarga/depths_png16mm/train_00996.png,/content/drive/MyDrive/datosDescarga/labels_png/train_00996.png
train,404,/content/drive/MyDrive/datosDescarga/images/train_00404.png,/content/drive/MyDrive/datosDescarga/depths_png16mm/train_00404.png,/content/drive/MyDrive/datosDescarga/labels_png/train_00404.png
train,168,/content/drive/MyDrive/datosDescarga/images/train_00168.png,/content/drive/MyDrive/datosDescarga/depths_png16mm/train_00168.png,/content/drive/MyDrive/datosDescarga/labels_png/train_00168.png
train,778,/content/drive/MyDrive/datosDescarga/images/train_00778.png,/content/drive/MyDrive/datosDescarga/depths_png16mm/train_00778.png,/content/drive/MyDrive/datosDescarga/labels_png/train_00778.png
train,373,/content/drive/MyDrive/datosDescarga/images/train_00373.png,/content/drive/MyDrive/datosDescarga/depths_png16mm/train_00373.png,/content/drive/MyDrive/datosDescarga/labels_png/train_00373.png
train,541,/content/drive/MyDrive/datosDescarga/images/train_00541.png,/content/drive/MyDrive/datosDescarga/depths_png16mm/train_00541.png,/content/drive/MyDrive/datosDescarga/labels_png/train_00541.png
train,987,/content/drive/MyDrive/datosDescarga/images/train_00987.png,/content/drive/MyDrive/datosDescarga/depths_png16mm/train_00987.png,/content/drive/MyDrive/datosDescarga/labels_png/train_00987.png
train,918,/content/drive/MyDrive/datosDescarga/images/train_00918.png,/content/drive/MyDrive/datosDescarga/depths_png16mm/train_00918.png,/content/drive/MyDrive/datosDescarga/labels_png/train_00918.png
train,801,/content/drive/MyDrive/datosDescarga/images/train_00801.png,/content/drive/MyDrive/datosDescarga/depths_png16mm/train_00801.png,/content/drive/MyDrive/datosDescarga/labels_png/train_00801.png
train,861,/content/drive/MyDrive/datosDescarga/images/train_00861.png,/content/drive/MyDrive/datosDescarga/depths_png16mm/train_00861.png,/content/drive/MyDrive/datosDescarga/labels_png/train_00861.png
train,931,/content/drive/MyDrive/datosDescarga/images/train_00931.png,/content/drive/MyDrive/datosDescarga/depths_png16mm/train_00931.png,/content/drive/MyDrive/datosDescarga/labels_png/train_00931.png
train,962,/content/drive/MyDrive/datosDescarga/images/train_00962.png,/content/drive/MyDrive/datosDescarga/depths_png16mm/train_00962.png,/content/drive/MyDrive/datosDescarga/labels_png/train_00962.png
train,833,/content/drive/MyDrive/datosDescarga/images/train_00833.png,/content/drive/MyDrive/datosDescarga/depths_png16mm/train_00833.png,/content/drive/MyDrive/datosDescarga/labels_png/train_00833.png
train,912,/content/drive/MyDrive/datosDescarga/images/train_00912.png,/content/drive/MyDrive/datosDescarga/depths_png16mm/train_00912.png,/content/drive/MyDrive/datosDescarga/labels_png/train_00912.png
train,140,/content/drive/MyDrive/datosDescarga/images/train_00140.png,/content/drive/MyDrive/datosDescarga/depths_png16mm/train_00140.png,/content/drive/MyDrive/datosDescarga/labels_png/train_00140.png
train,77,/content/drive/MyDrive/datosDescarga/images/train_00077.png,/content/drive/MyDrive/datosDescarga/depths_png16mm/train_00077.png,/content/drive/MyDrive/datosDescarga/labels_png/train_00077.png
train,1267,/content/drive/MyDrive/datosDescarga/images/train_01267.png,/content/drive/MyDrive/datosDescarga/depths_png16mm/train_01267.png,/content/drive/MyDrive/datosDescarga/labels_png/train_01267.png
train,1415,/content/drive/MyDrive/datosDescarga/images/train_01415.png,/content/drive/MyDrive/datosDescarga/depths_png16mm/train_01415.png,/content/drive/MyDrive/datosDescarga/labels_png/train_01415.png
train,1367,/content/drive/MyDrive/datosDescarga/images/train_01367.png,/content/drive/MyDrive/datosDescarga/depths_png16mm/train_01367.png,/content/drive/MyDrive/datosDescarga/labels_png/train_01367.png
train,189,/content/drive/MyDrive/datosDescarga/images/train_00189.png,/content/drive/MyDrive/datosDescarga/depths_png16mm/train_00189.png,/content/drive/MyDrive/datosDescarga/labels_png/train_00189.png
train,1018,/content/drive/MyDrive/datosDescarga/images/train_01018.png,/content/drive/MyDrive/datosDescarga/depths_png16mm/train_01018.png,/content/drive/MyDrive/datosDescarga/labels_png/train_01018.png
train,1134,/content/drive/MyDrive/datosDescarga/images/train_01134.png,/content/drive/MyDrive/datosDescarga/depths_png16mm/train_01134.png,/content/drive/MyDrive/datosDescarga/labels_png/train_01134.png
train,953,/content/drive/MyDrive/datosDescarga/images/train_00953.png,/content/drive/MyDrive/datosDescarga/depths_png16mm/train_00953.png,/content/drive/MyDrive/datosDescarga/labels_png/train_00953.png
train,670,/content/drive/MyDrive/datosDescarga/images/train_00670.png,/content/drive/MyDrive/datosDescarga/depths_png16mm/train_00670.png,/content/drive/MyDrive/datosDescarga/labels_png/train_00670.png
train,1350,/content/drive/MyDrive/datosDescarga/images/train_01350.png,/content/drive/MyDrive/datosDescarga/depths_png16mm/train_01350.png,/content/drive/MyDrive/datosDescarga/labels_png/train_01350.png
train,917,/content/drive/MyDrive/datosDescarga/images/train_00917.png,/content/drive/MyDrive/datosDescarga/depths_png16mm/train_00917.png,/content/drive/MyDrive/datosDescarga/labels_png/train_00917.png
train,106,/content/drive/MyDrive/datosDescarga/images/train_00106.png,/content/drive/MyDrive/datosDescarga/depths_png16mm/train_00106.png,/content/drive/MyDrive/datosDescarga/labels_png/train_00106.png
train,727,/content/drive/MyDrive/datosDescarga/images/train_00727.png,/content/drive/MyDrive/datosDescarga/depths_png16mm/train_00727.png,/content/drive/MyDrive/datosDescarga/labels_png/train_00727.png
train,644,/content/drive/MyDrive/datosDescarga/images/train_00644.png,/content/drive/MyDrive/datosDescarga/depths_png16mm/train_00644.png,/content/drive/MyDrive/datosDescarga/labels_png/train_00644.png
train,505,/content/drive/MyDrive/datosDescarga/images/train_00505.png,/content/drive/MyDrive/datosDescarga/depths_png16mm/train_00505.png,/content/drive/MyDrive/datosDescarga/labels_png/train_00505.png
train,1388,/content/drive/MyDrive/datosDescarga/images/train_01388.png,/content/drive/MyDrive/datosDescarga/depths_png16mm/train_01388.png,/content/drive/MyDrive/datosDescarga/labels_png/train_01388.png
train,50,/content/drive/MyDrive/datosDescarga/images/train_00050.png,/content/drive/MyDrive/datosDescarga/depths_png16mm/train_00050.png,/content/drive/MyDrive/datosDescarga/labels_png/train_00050.png
train,992,/content/drive/MyDrive/datosDescarga/images/train_00992.png,/content/drive/MyDrive/datosDescarga/depths_png16mm/train_00992.png,/content/drive/MyDrive/datosDescarga/labels_png/train_00992.png
train,21,/content/drive/MyDrive/datosDescarga/images/train_00021.png,/content/drive/MyDrive/datosDescarga/depths_png16mm/train_00021.png,/content/drive/MyDrive/datosDescarga/labels_png/train_00021.png
train,669,/content/drive/MyDrive/datosDescarga/images/train_00669.png,/content/drive/MyDrive/datosDescarga/depths_png16mm/train_00669.png,/content/drive/MyDrive/datosDescarga/labels_png/train_00669.png
train,728,/content/drive/MyDrive/datosDescarga/images/train_00728.png,/content/drive/MyDrive/datosDescarga/depths_png16mm/train_00728.png,/content/drive/MyDrive/datosDescarga/labels_png/train_00728.png
train,522,/content/drive/MyDrive/datosDescarga/images/train_00522.png,/content/drive/MyDrive/datosDescarga/depths_png16mm/train_00522.png,/content/drive/MyDrive/datosDescarga/labels_png/train_00522.png
train,760,/content/drive/MyDrive/datosDescarga/images/train_00760.png,/content/drive/MyDrive/datosDescarga/depths_png16mm/train_00760.png,/content/drive/MyDrive/datosDescarga/labels_png/train_00760.png
train,1414,/content/drive/MyDrive/datosDescarga/images/train_01414.png,/content/drive/MyDrive/datosDescarga/depths_png16mm/train_01414.png,/content/drive/MyDrive/datosDescarga/labels_png/train_01414.png
train,745,/content/drive/MyDrive/datosDescarga/images/train_00745.png,/content/drive/MyDrive/datosDescarga/depths_png16mm/train_00745.png,/content/drive/MyDrive/datosDescarga/labels_png/train_00745.png
train,46,/content/drive/MyDrive/datosDescarga/images/train_00046.png,/content/drive/MyDrive/datosDescarga/depths_png16mm/train_00046.png,/content/drive/MyDrive/datosDescarga/labels_png/train_00046.png
train,1191,/content/drive/MyDrive/datosDescarga/images/train_01191.png,/content/drive/MyDrive/datosDescarga/depths_png16mm/train_01191.png,/content/drive/MyDrive/datosDescarga/labels_png/train_01191.png
train,623,/content/drive/MyDrive/datosDescarga/images/train_00623.png,/content/drive/MyDrive/datosDescarga/depths_png16mm/train_00623.png,/content/drive/MyDrive/datosDescarga/labels_png/train_00623.png
train,451,/content/drive/MyDrive/datosDescarga/images/train_00451.png,/content/drive/MyDrive/datosDescarga/depths_png16mm/train_00451.png,/content/drive/MyDrive/datosDescarga/labels_png/train_00451.png
train,325,/content/drive/MyDrive/datosDescarga/images/train_00325.png,/content/drive/MyDrive/datosDescarga/depths_png16mm/train_00325.png,/content/drive/MyDrive/datosDescarga/labels_png/train_00325.png
train,609,/content/drive/MyDrive/datosDescarga/images/train_00609.png,/content/drive/MyDrive/datosDescarga/depths_png16mm/train_00609.png,/content/drive/MyDrive/datosDescarga/labels_png/train_00609.png
train,262,/content/drive/MyDrive/datosDescarga/images/train_00262.png,/content/drive/MyDrive/datosDescarga/depths_png16mm/train_00262.png,/content/drive/MyDrive/datosDescarga/labels_png/train_00262.png
train,125,/content/drive/MyDrive/datosDescarga/images/train_00125.png,/content/drive/MyDrive/datosDescarga/depths_png16mm/train_00125.png,/content/drive/MyDrive/datosDescarga/labels_png/train_00125.png
train,1332,/content/drive/MyDrive/datosDescarga/images/train_01332.png,/content/drive/MyDrive/datosDescarga/depths_png16mm/train_01332.png,/content/drive/MyDrive/datosDescarga/labels_png/train_01332.png
train,48,/content/drive/MyDrive/datosDescarga/images/train_00048.png,/content/drive/MyDrive/datosDescarga/depths_png16mm/train_00048.png,/content/drive/MyDrive/datosDescarga/labels_png/train_00048.png
train,248,/content/drive/MyDrive/datosDescarga/images/train_00248.png,/content/drive/MyDrive/datosDescarga/depths_png16mm/train_00248.png,/content/drive/MyDrive/datosDescarga/labels_png/train_00248.png
train,398,/content/drive/MyDrive/datosDescarga/images/train_00398.png,/content/drive/MyDrive/datosDescarga/depths_png16mm/train_00398.png,/content/drive/MyDrive/datosDescarga/labels_png/train_00398.png
train,580,/content/drive/MyDrive/datosDescarga/images/train_00580.png,/content/drive/MyDrive/datosDescarga/depths_png16mm/train_00580.png,/content/drive/MyDrive/datosDescarga/labels_png/train_00580.png
train,864,/content/drive/MyDrive/datosDescarga/images/train_00864.png,/content/drive/MyDrive/datosDescarga/depths_png16mm/train_00864.png,/content/drive/MyDrive/datosDescarga/labels_png/train_00864.png
train,133,/content/drive/MyDrive/datosDescarga/images/train_00133.png,/content/drive/MyDrive/datosDescarga/depths_png16mm/train_00133.png,/content/drive/MyDrive/datosDescarga/labels_png/train_00133.png
train,277,/content/drive/MyDrive/datosDescarga/images/train_00277.png,/content/drive/MyDrive/datosDescarga/depths_png16mm/train_00277.png,/content/drive/MyDrive/datosDescarga/labels_png/train_00277.png
train,145,/content/drive/MyDrive/datosDescarga/images/train_00145.png,/content/drive/MyDrive/datosDescarga/depths_png16mm/train_00145.png,/content/drive/MyDrive/datosDescarga/labels_png/train_00145.png
train,86,/content/drive/MyDrive/datosDescarga/images/train_00086.png,/content/drive/MyDrive/datosDescarga/depths_png16mm/train_00086.png,/content/drive/MyDrive/datosDescarga/labels_png/train_00086.png
train,978,/content/drive/MyDrive/datosDescarga/images/train_00978.png,/content/drive/MyDrive/datosDescarga/depths_png16mm/train_00978.png,/content/drive/MyDrive/datosDescarga/labels_png/train_00978.png
train,1011,/content/drive/MyDrive/datosDescarga/images/train_01011.png,/content/drive/MyDrive/datosDescarga/depths_png16mm/train_01011.png,/content/drive/MyDrive/datosDescarga/labels_png/train_01011.png
train,665,/content/drive/MyDrive/datosDescarga/images/train_00665.png,/content/drive/MyDrive/datosDescarga/depths_png16mm/train_00665.png,/content/drive/MyDrive/datosDescarga/labels_png/train_00665.png
train,1378,/content/drive/MyDrive/datosDescarga/images/train_01378.png,/content/drive/MyDrive/datosDescarga/depths_png16mm/train_01378.png,/content/drive/MyDrive/datosDescarga/labels_png/train_01378.png
train,376,/content/drive/MyDrive/datosDescarga/images/train_00376.png,/content/drive/MyDrive/datosDescarga/depths_png16mm/train_00376.png,/content/drive/MyDrive/datosDescarga/labels_png/train_00376.png
train,712,/content/drive/MyDrive/datosDescarga/images/train_00712.png,/content/drive/MyDrive/datosDescarga/depths_png16mm/train_00712.png,/content/drive/MyDrive/datosDescarga/labels_png/train_00712.png
train,1265,/content/drive/MyDrive/datosDescarga/images/train_01265.png,/content/drive/MyDrive/datosDescarga/depths_png16mm/train_01265.png,/content/drive/MyDrive/datosDescarga/labels_png/train_01265.png
train,186,/content/drive/MyDrive/datosDescarga/images/train_00186.png,/content/drive/MyDrive/datosDescarga/depths_png16mm/train_00186.png,/content/drive/MyDrive/datosDescarga/labels_png/train_00186.png
train,1246,/content/drive/MyDrive/datosDescarga/images/train_01246.png,/content/drive/MyDrive/datosDescarga/depths_png16mm/train_01246.png,/content/drive/MyDrive/datosDescarga/labels_png/train_01246.png
train,841,/content/drive/MyDrive/datosDescarga/images/train_00841.png,/content/drive/MyDrive/datosDescarga/depths_png16mm/train_00841.png,/content/drive/MyDrive/datosDescarga/labels_png/train_00841.png
train,1185,/content/drive/MyDrive/datosDescarga/images/train_01185.png,/content/drive/MyDrive/datosDescarga/depths_png16mm/train_01185.png,/content/drive/MyDrive/datosDescarga/labels_png/train_01185.png
train,1236,/content/drive/MyDrive/datosDescarga/images/train_01236.png,/content/drive/MyDrive/datosDescarga/depths_png16mm/train_01236.png,/content/drive/MyDrive/datosDescarga/labels_png/train_01236.png
train,1448,/content/drive/MyDrive/datosDescarga/images/train_01448.png,/content/drive/MyDrive/datosDescarga/depths_png16mm/train_01448.png,/content/drive/MyDrive/datosDescarga/labels_png/train_01448.png
train,607,/content/drive/MyDrive/datosDescarga/images/train_00607.png,/content/drive/MyDrive/datosDescarga/depths_png16mm/train_00607.png,/content/drive/MyDrive/datosDescarga/labels_png/train_00607.png
train,37,/content/drive/MyDrive/datosDescarga/images/train_00037.png,/content/drive/MyDrive/datosDescarga/depths_png16mm/train_00037.png,/content/drive/MyDrive/datosDescarga/labels_png/train_00037.png
train,1162,/content/drive/MyDrive/datosDescarga/images/train_01162.png,/content/drive/MyDrive/datosDescarga/depths_png16mm/train_01162.png,/content/drive/MyDrive/datosDescarga/labels_png/train_01162.png
train,664,/content/drive/MyDrive/datosDescarga/images/train_00664.png,/content/drive/MyDrive/datosDescarga/depths_png16mm/train_00664.png,/content/drive/MyDrive/datosDescarga/labels_png/train_00664.png
train,1161,/content/drive/MyDrive/datosDescarga/images/train_01161.png,/content/drive/MyDrive/datosDescarga/depths_png16mm/train_01161.png,/content/drive/MyDrive/datosDescarga/labels_png/train_01161.png
train,779,/content/drive/MyDrive/datosDescarga/images/train_00779.png,/content/drive/MyDrive/datosDescarga/depths_png16mm/train_00779.png,/content/drive/MyDrive/datosDescarga/labels_png/train_00779.png
train,757,/content/drive/MyDrive/datosDescarga/images/train_00757.png,/content/drive/MyDrive/datosDescarga/depths_png16mm/train_00757.png,/content/drive/MyDrive/datosDescarga/labels_png/train_00757.png
val,1048,/content/drive/MyDrive/datosDescarga/images/val_01048.png,/content/drive/MyDrive/datosDescarga/depths_png16mm/val_01048.png,/content/drive/MyDrive/datosDescarga/labels_png/val_01048.png
val,213,/content/drive/MyDrive/datosDescarga/images/val_00213.png,/content/drive/MyDrive/datosDescarga/depths_png16mm/val_00213.png,/content/drive/MyDrive/datosDescarga/labels_png/val_00213.png
val,668,/content/drive/MyDrive/datosDescarga/images/val_00668.png,/content/drive/MyDrive/datosDescarga/depths_png16mm/val_00668.png,/content/drive/MyDrive/datosDescarga/labels_png/val_00668.png
val,378,/content/drive/MyDrive/datosDescarga/images/val_00378.png,/content/drive/MyDrive/datosDescarga/depths_png16mm/val_00378.png,/content/drive/MyDrive/datosDescarga/labels_png/val_00378.png
val,95,/content/drive/MyDrive/datosDescarga/images/val_00095.png,/content/drive/MyDrive/datosDescarga/depths_png16mm/val_00095.png,/content/drive/MyDrive/datosDescarga/labels_png/val_00095.png
val,1432,/content/drive/MyDrive/datosDescarga/images/val_01432.png,/content/drive/MyDrive/datosDescarga/depths_png16mm/val_01432.png,/content/drive/MyDrive/datosDescarga/labels_png/val_01432.png
val,901,/content/drive/MyDrive/datosDescarga/images/val_00901.png,/content/drive/MyDrive/datosDescarga/depths_png16mm/val_00901.png,/content/drive/MyDrive/datosDescarga/labels_png/val_00901.png
val,1356,/content/drive/MyDrive/datosDescarga/images/val_01356.png,/content/drive/MyDrive/datosDescarga/depths_png16mm/val_01356.png,/content/drive/MyDrive/datosDescarga/labels_png/val_01356.png
val,481,/content/drive/MyDrive/datosDescarga/images/val_00481.png,/content/drive/MyDrive/datosDescarga/depths_png16mm/val_00481.png,/content/drive/MyDrive/datosDescarga/labels_png/val_00481.png
val,880,/content/drive/MyDrive/datosDescarga/images/val_00880.png,/content/drive/MyDrive/datosDescarga/depths_png16mm/val_00880.png,/content/drive/MyDrive/datosDescarga/labels_png/val_00880.png
val,68,/content/drive/MyDrive/datosDescarga/images/val_00068.png,/content/drive/MyDrive/datosDescarga/depths_png16mm/val_00068.png,/content/drive/MyDrive/datosDescarga/labels_png/val_00068.png
val,49,/content/drive/MyDrive/datosDescarga/images/val_00049.png,/content/drive/MyDrive/datosDescarga/depths_png16mm/val_00049.png,/content/drive/MyDrive/datosDescarga/labels_png/val_00049.png
val,423,/content/drive/MyDrive/datosDescarga/images/val_00423.png,/content/drive/MyDrive/datosDescarga/depths_png16mm/val_00423.png,/content/drive/MyDrive/datosDescarga/labels_png/val_00423.png
val,694,/content/drive/MyDrive/datosDescarga/images/val_00694.png,/content/drive/MyDrive/datosDescarga/depths_png16mm/val_00694.png,/content/drive/MyDrive/datosDescarga/labels_png/val_00694.png
val,170,/content/drive/MyDrive/datosDescarga/images/val_00170.png,/content/drive/MyDrive/datosDescarga/depths_png16mm/val_00170.png,/content/drive/MyDrive/datosDescarga/labels_png/val_00170.png
val,364,/content/drive/MyDrive/datosDescarga/images/val_00364.png,/content/drive/MyDrive/datosDescarga/depths_png16mm/val_00364.png,/content/drive/MyDrive/datosDescarga/labels_png/val_00364.png
val,385,/content/drive/MyDrive/datosDescarga/images/val_00385.png,/content/drive/MyDrive/datosDescarga/depths_png16mm/val_00385.png,/content/drive/MyDrive/datosDescarga/labels_png/val_00385.png
val,1007,/content/drive/MyDrive/datosDescarga/images/val_01007.png,/content/drive/MyDrive/datosDescarga/depths_png16mm/val_01007.png,/content/drive/MyDrive/datosDescarga/labels_png/val_01007.png
val,1286,/content/drive/MyDrive/datosDescarga/images/val_01286.png,/content/drive/MyDrive/datosDescarga/depths_png16mm/val_01286.png,/content/drive/MyDrive/datosDescarga/labels_png/val_01286.png
val,1001,/content/drive/MyDrive/datosDescarga/images/val_01001.png,/content/drive/MyDrive/datosDescarga/depths_png16mm/val_01001.png,/content/drive/MyDrive/datosDescarga/labels_png/val_01001.png
val,332,/content/drive/MyDrive/datosDescarga/images/val_00332.png,/content/drive/MyDrive/datosDescarga/depths_png16mm/val_00332.png,/content/drive/MyDrive/datosDescarga/labels_png/val_00332.png
val,798,/content/drive/MyDrive/datosDescarga/images/val_00798.png,/content/drive/MyDrive/datosDescarga/depths_png16mm/val_00798.png,/content/drive/MyDrive/datosDescarga/labels_png/val_00798.png
val,258,/content/drive/MyDrive/datosDescarga/images/val_00258.png,/content/drive/MyDrive/datosDescarga/depths_png16mm/val_00258.png,/content/drive/MyDrive/datosDescarga/labels_png/val_00258.png
val,237,/content/drive/MyDrive/datosDescarga/images/val_00237.png,/content/drive/MyDrive/datosDescarga/depths_png16mm/val_00237.png,/content/drive/MyDrive/datosDescarga/labels_png/val_00237.png
val,1385,/content/drive/MyDrive/datosDescarga/images/val_01385.png,/content/drive/MyDrive/datosDescarga/depths_png16mm/val_01385.png,/content/drive/MyDrive/datosDescarga/labels_png/val_01385.png
val,294,/content/drive/MyDrive/datosDescarga/images/val_00294.png,/content/drive/MyDrive/datosDescarga/depths_png16mm/val_00294.png,/content/drive/MyDrive/datosDescarga/labels_png/val_00294.png
val,646,/content/drive/MyDrive/datosDescarga/images/val_00646.png,/content/drive/MyDrive/datosDescarga/depths_png16mm/val_00646.png,/content/drive/MyDrive/datosDescarga/labels_png/val_00646.png
val,1338,/content/drive/MyDrive/datosDescarga/images/val_01338.png,/content/drive/MyDrive/datosDescarga/depths_png16mm/val_01338.png,/content/drive/MyDrive/datosDescarga/labels_png/val_01338.png
val,707,/content/drive/MyDrive/datosDescarga/images/val_00707.png,/content/drive/MyDrive/datosDescarga/depths_png16mm/val_00707.png,/content/drive/MyDrive/datosDescarga/labels_png/val_00707.png
val,1099,/content/drive/MyDrive/datosDescarga/images/val_01099.png,/content/drive/MyDrive/datosDescarga/depths_png16mm/val_01099.png,/content/drive/MyDrive/datosDescarga/labels_png/val_01099.png
val,474,/content/drive/MyDrive/datosDescarga/images/val_00474.png,/content/drive/MyDrive/datosDescarga/depths_png16mm/val_00474.png,/content/drive/MyDrive/datosDescarga/labels_png/val_00474.png
val,545,/content/drive/MyDrive/datosDescarga/images/val_00545.png,/content/drive/MyDrive/datosDescarga/depths_png16mm/val_00545.png,/content/drive/MyDrive/datosDescarga/labels_png/val_00545.png
val,925,/content/drive/MyDrive/datosDescarga/images/val_00925.png,/content/drive/MyDrive/datosDescarga/depths_png16mm/val_00925.png,/content/drive/MyDrive/datosDescarga/labels_png/val_00925.png
val,804,/content/drive/MyDrive/datosDescarga/images/val_00804.png,/content/drive/MyDrive/datosDescarga/depths_png16mm/val_00804.png,/content/drive/MyDrive/datosDescarga/labels_png/val_00804.png
val,1035,/content/drive/MyDrive/datosDescarga/images/val_01035.png,/content/drive/MyDrive/datosDescarga/depths_png16mm/val_01035.png,/content/drive/MyDrive/datosDescarga/labels_png/val_01035.png
val,1051,/content/drive/MyDrive/datosDescarga/images/val_01051.png,/content/drive/MyDrive/datosDescarga/depths_png16mm/val_01051.png,/content/drive/MyDrive/datosDescarga/labels_png/val_01051.png
val,734,/content/drive/MyDrive/datosDescarga/images/val_00734.png,/content/drive/MyDrive/datosDescarga/depths_png16mm/val_00734.png,/content/drive/MyDrive/datosDescarga/labels_png/val_00734.png
val,628,/content/drive/MyDrive/datosDescarga/images/val_00628.png,/content/drive/MyDrive/datosDescarga/depths_png16mm/val_00628.png,/content/drive/MyDrive/datosDescarga/labels_png/val_00628.png
val,296,/content/drive/MyDrive/datosDescarga/images/val_00296.png,/content/drive/MyDrive/datosDescarga/depths_png16mm/val_00296.png,/content/drive/MyDrive/datosDescarga/labels_png/val_00296.png
val,67,/content/drive/MyDrive/datosDescarga/images/val_00067.png,/content/drive/MyDrive/datosDescarga/depths_png16mm/val_00067.png,/content/drive/MyDrive/datosDescarga/labels_png/val_00067.png
val,312,/content/drive/MyDrive/datosDescarga/images/val_00312.png,/content/drive/MyDrive/datosDescarga/depths_png16mm/val_00312.png,/content/drive/MyDrive/datosDescarga/labels_png/val_00312.png
val,476,/content/drive/MyDrive/datosDescarga/images/val_00476.png,/content/drive/MyDrive/datosDescarga/depths_png16mm/val_00476.png,/content/drive/MyDrive/datosDescarga/labels_png/val_00476.png
val,480,/content/drive/MyDrive/datosDescarga/images/val_00480.png,/content/drive/MyDrive/datosDescarga/depths_png16mm/val_00480.png,/content/drive/MyDrive/datosDescarga/labels_png/val_00480.png
val,1226,/content/drive/MyDrive/datosDescarga/images/val_01226.png,/content/drive/MyDrive/datosDescarga/depths_png16mm/val_01226.png,/content/drive/MyDrive/datosDescarga/labels_png/val_01226.png
val,255,/content/drive/MyDrive/datosDescarga/images/val_00255.png,/content/drive/MyDrive/datosDescarga/depths_png16mm/val_00255.png,/content/drive/MyDrive/datosDescarga/labels_png/val_00255.png
val,100,/content/drive/MyDrive/datosDescarga/images/val_00100.png,/content/drive/MyDrive/datosDescarga/depths_png16mm/val_00100.png,/content/drive/MyDrive/datosDescarga/labels_png/val_00100.png
val,1346,/content/drive/MyDrive/datosDescarga/images/val_01346.png,/content/drive/MyDrive/datosDescarga/depths_png16mm/val_01346.png,/content/drive/MyDrive/datosDescarga/labels_png/val_01346.png
val,1045,/content/drive/MyDrive/datosDescarga/images/val_01045.png,/content/drive/MyDrive/datosDescarga/depths_png16mm/val_01045.png,/content/drive/MyDrive/datosDescarga/labels_png/val_01045.png
val,1281,/content/drive/MyDrive/datosDescarga/images/val_01281.png,/content/drive/MyDrive/datosDescarga/depths_png16mm/val_01281.png,/content/drive/MyDrive/datosDescarga/labels_png/val_01281.png
val,1327,/content/drive/MyDrive/datosDescarga/images/val_01327.png,/content/drive/MyDrive/datosDescarga/depths_png16mm/val_01327.png,/content/drive/MyDrive/datosDescarga/labels_png/val_01327.png
val,228,/content/drive/MyDrive/datosDescarga/images/val_00228.png,/content/drive/MyDrive/datosDescarga/depths_png16mm/val_00228.png,/content/drive/MyDrive/datosDescarga/labels_png/val_00228.png
val,851,/content/drive/MyDrive/datosDescarga/images/val_00851.png,/content/drive/MyDrive/datosDescarga/depths_png16mm/val_00851.png,/content/drive/MyDrive/datosDescarga/labels_png/val_00851.png
val,593,/content/drive/MyDrive/datosDescarga/images/val_00593.png,/content/drive/MyDrive/datosDescarga/depths_png16mm/val_00593.png,/content/drive/MyDrive/datosDescarga/labels_png/val_00593.png
val,166,/content/drive/MyDrive/datosDescarga/images/val_00166.png,/content/drive/MyDrive/datosDescarga/depths_png16mm/val_00166.png,/content/drive/MyDrive/datosDescarga/labels_png/val_00166.png
val,650,/content/drive/MyDrive/datosDescarga/images/val_00650.png,/content/drive/MyDrive/datosDescarga/depths_png16mm/val_00650.png,/content/drive/MyDrive/datosDescarga/labels_png/val_00650.png
val,185,/content/drive/MyDrive/datosDescarga/images/val_00185.png,/content/drive/MyDrive/datosDescarga/depths_png16mm/val_00185.png,/content/drive/MyDrive/datosDescarga/labels_png/val_00185.png
val,982,/content/drive/MyDrive/datosDescarga/images/val_00982.png,/content/drive/MyDrive/datosDescarga/depths_png16mm/val_00982.png,/content/drive/MyDrive/datosDescarga/labels_png/val_00982.png
val,911,/content/drive/MyDrive/datosDescarga/images/val_00911.png,/content/drive/MyDrive/datosDescarga/depths_png16mm/val_00911.png,/content/drive/MyDrive/datosDescarga/labels_png/val_00911.png
val,1255,/content/drive/MyDrive/datosDescarga/images/val_01255.png,/content/drive/MyDrive/datosDescarga/depths_png16mm/val_01255.png,/content/drive/MyDrive/datosDescarga/labels_png/val_01255.png
val,698,/content/drive/MyDrive/datosDescarga/images/val_00698.png,/content/drive/MyDrive/datosDescarga/depths_png16mm/val_00698.png,/content/drive/MyDrive/datosDescarga/labels_png/val_00698.png
val,914,/content/drive/MyDrive/datosDescarga/images/val_00914.png,/content/drive/MyDrive/datosDescarga/depths_png16mm/val_00914.png,/content/drive/MyDrive/datosDescarga/labels_png/val_00914.png
val,282,/content/drive/MyDrive/datosDescarga/images/val_00282.png,/content/drive/MyDrive/datosDescarga/depths_png16mm/val_00282.png,/content/drive/MyDrive/datosDescarga/labels_png/val_00282.png
val,1304,/content/drive/MyDrive/datosDescarga/images/val_01304.png,/content/drive/MyDrive/datosDescarga/depths_png16mm/val_01304.png,/content/drive/MyDrive/datosDescarga/labels_png/val_01304.png
val,1274,/content/drive/MyDrive/datosDescarga/images/val_01274.png,/content/drive/MyDrive/datosDescarga/depths_png16mm/val_01274.png,/content/drive/MyDrive/datosDescarga/labels_png/val_01274.png
val,1397,/content/drive/MyDrive/datosDescarga/images/val_01397.png,/content/drive/MyDrive/datosDescarga/depths_png16mm/val_01397.png,/content/drive/MyDrive/datosDescarga/labels_png/val_01397.png
val,171,/content/drive/MyDrive/datosDescarga/images/val_00171.png,/content/drive/MyDrive/datosDescarga/depths_png16mm/val_00171.png,/content/drive/MyDrive/datosDescarga/labels_png/val_00171.png
val,1069,/content/drive/MyDrive/datosDescarga/images/val_01069.png,/content/drive/MyDrive/datosDescarga/depths_png16mm/val_01069.png,/content/drive/MyDrive/datosDescarga/labels_png/val_01069.png
val,867,/content/drive/MyDrive/datosDescarga/images/val_00867.png,/content/drive/MyDrive/datosDescarga/depths_png16mm/val_00867.png,/content/drive/MyDrive/datosDescarga/labels_png/val_00867.png
val,1259,/content/drive/MyDrive/datosDescarga/images/val_01259.png,/content/drive/MyDrive/datosDescarga/depths_png16mm/val_01259.png,/content/drive/MyDrive/datosDescarga/labels_png/val_01259.png
val,980,/content/drive/MyDrive/datosDescarga/images/val_00980.png,/content/drive/MyDrive/datosDescarga/depths_png16mm/val_00980.png,/content/drive/MyDrive/datosDescarga/labels_png/val_00980.png
val,80,/content/drive/MyDrive/datosDescarga/images/val_00080.png,/content/drive/MyDrive/datosDescarga/depths_png16mm/val_00080.png,/content/drive/MyDrive/datosDescarga/labels_png/val_00080.png
val,379,/content/drive/MyDrive/datosDescarga/images/val_00379.png,/content/drive/MyDrive/datosDescarga/depths_png16mm/val_00379.png,/content/drive/MyDrive/datosDescarga/labels_png/val_00379.png
val,877,/content/drive/MyDrive/datosDescarga/images/val_00877.png,/content/drive/MyDrive/datosDescarga/depths_png16mm/val_00877.png,/content/drive/MyDrive/datosDescarga/labels_png/val_00877.png
val,1399,/content/drive/MyDrive/datosDescarga/images/val_01399.png,/content/drive/MyDrive/datosDescarga/depths_png16mm/val_01399.png,/content/drive/MyDrive/datosDescarga/labels_png/val_01399.png
val,293,/content/drive/MyDrive/datosDescarga/images/val_00293.png,/content/drive/MyDrive/datosDescarga/depths_png16mm/val_00293.png,/content/drive/MyDrive/datosDescarga/labels_png/val_00293.png
val,219,/content/drive/MyDrive/datosDescarga/images/val_00219.png,/content/drive/MyDrive/datosDescarga/depths_png16mm/val_00219.png,/content/drive/MyDrive/datosDescarga/labels_png/val_00219.png
val,504,/content/drive/MyDrive/datosDescarga/images/val_00504.png,/content/drive/MyDrive/datosDescarga/depths_png16mm/val_00504.png,/content/drive/MyDrive/datosDescarga/labels_png/val_00504.png
val,682,/content/drive/MyDrive/datosDescarga/images/val_00682.png,/content/drive/MyDrive/datosDescarga/depths_png16mm/val_00682.png,/content/drive/MyDrive/datosDescarga/labels_png/val_00682.png
val,289,/content/drive/MyDrive/datosDescarga/images/val_00289.png,/content/drive/MyDrive/datosDescarga/depths_png16mm/val_00289.png,/content/drive/MyDrive/datosDescarga/labels_png/val_00289.png
val,223,/content/drive/MyDrive/datosDescarga/images/val_00223.png,/content/drive/MyDrive/datosDescarga/depths_png16mm/val_00223.png,/content/drive/MyDrive/datosDescarga/labels_png/val_00223.png
val,444,/content/drive/MyDrive/datosDescarga/images/val_00444.png,/content/drive/MyDrive/datosDescarga/depths_png16mm/val_00444.png,/content/drive/MyDrive/datosDescarga/labels_png/val_00444.png
val,1190,/content/drive/MyDrive/datosDescarga/images/val_01190.png,/content/drive/MyDrive/datosDescarga/depths_png16mm/val_01190.png,/content/drive/MyDrive/datosDescarga/labels_png/val_01190.png
val,281,/content/drive/MyDrive/datosDescarga/images/val_00281.png,/content/drive/MyDrive/datosDescarga/depths_png16mm/val_00281.png,/content/drive/MyDrive/datosDescarga/labels_png/val_00281.png
val,1150,/content/drive/MyDrive/datosDescarga/images/val_01150.png,/content/drive/MyDrive/datosDescarga/depths_png16mm/val_01150.png,/content/drive/MyDrive/datosDescarga/labels_png/val_01150.png
val,637,/content/drive/MyDrive/datosDescarga/images/val_00637.png,/content/drive/MyDrive/datosDescarga/depths_png16mm/val_00637.png,/content/drive/MyDrive/datosDescarga/labels_png/val_00637.png
val,1121,/content/drive/MyDrive/datosDescarga/images/val_01121.png,/content/drive/MyDrive/datosDescarga/depths_png16mm/val_01121.png,/content/drive/MyDrive/datosDescarga/labels_png/val_01121.png
val,1331,/content/drive/MyDrive/datosDescarga/images/val_01331.png,/content/drive/MyDrive/datosDescarga/depths_png16mm/val_01331.png,/content/drive/MyDrive/datosDescarga/labels_png/val_01331.png
val,59,/content/drive/MyDrive/datosDescarga/images/val_00059.png,/content/drive/MyDrive/datosDescarga/depths_png16mm/val_00059.png,/content/drive/MyDrive/datosDescarga/labels_png/val_00059.png
val,1073,/content/drive/MyDrive/datosDescarga/images/val_01073.png,/content/drive/MyDrive/datosDescarga/depths_png16mm/val_01073.png,/content/drive/MyDrive/datosDescarga/labels_png/val_01073.png
val,816,/content/drive/MyDrive/datosDescarga/images/val_00816.png,/content/drive/MyDrive/datosDescarga/depths_png16mm/val_00816.png,/content/drive/MyDrive/datosDescarga/labels_png/val_00816.png
val,776,/content/drive/MyDrive/datosDescarga/images/val_00776.png,/content/drive/MyDrive/datosDescarga/depths_png16mm/val_00776.png,/content/drive/MyDrive/datosDescarga/labels_png/val_00776.png
val,1391,/content/drive/MyDrive/datosDescarga/images/val_01391.png,/content/drive/MyDrive/datosDescarga/depths_png16mm/val_01391.png,/content/drive/MyDrive/datosDescarga/labels_png/val_01391.png
val,878,/content/drive/MyDrive/datosDescarga/images/val_00878.png,/content/drive/MyDrive/datosDescarga/depths_png16mm/val_00878.png,/content/drive/MyDrive/datosDescarga/labels_png/val_00878.png
val,415,/content/drive/MyDrive/datosDescarga/images/val_00415.png,/content/drive/MyDrive/datosDescarga/depths_png16mm/val_00415.png,/content/drive/MyDrive/datosDescarga/labels_png/val_00415.png
val,381,/content/drive/MyDrive/datosDescarga/images/val_00381.png,/content/drive/MyDrive/datosDescarga/depths_png16mm/val_00381.png,/content/drive/MyDrive/datosDescarga/labels_png/val_00381.png
val,1240,/content/drive/MyDrive/datosDescarga/images/val_01240.png,/content/drive/MyDrive/datosDescarga/depths_png16mm/val_01240.png,/content/drive/MyDrive/datosDescarga/labels_png/val_01240.png
val,622,/content/drive/MyDrive/datosDescarga/images/val_00622.png,/content/drive/MyDrive/datosDescarga/depths_png16mm/val_00622.png,/content/drive/MyDrive/datosDescarga/labels_png/val_00622.png
val,653,/content/drive/MyDrive/datosDescarga/images/val_00653.png,/content/drive/MyDrive/datosDescarga/depths_png16mm/val_00653.png,/content/drive/MyDrive/datosDescarga/labels_png/val_00653.png
val,732,/content/drive/MyDrive/datosDescarga/images/val_00732.png,/content/drive/MyDrive/datosDescarga/depths_png16mm/val_00732.png,/content/drive/MyDrive/datosDescarga/labels_png/val_00732.png
val,1030,/content/drive/MyDrive/datosDescarga/images/val_01030.png,/content/drive/MyDrive/datosDescarga/depths_png16mm/val_01030.png,/content/drive/MyDrive/datosDescarga/labels_png/val_01030.png
val,314,/content/drive/MyDrive/datosDescarga/images/val_00314.png,/content/drive/MyDrive/datosDescarga/depths_png16mm/val_00314.png,/content/drive/MyDrive/datosDescarga/labels_png/val_00314.png
val,1126,/content/drive/MyDrive/datosDescarga/images/val_01126.png,/content/drive/MyDrive/datosDescarga/depths_png16mm/val_01126.png,/content/drive/MyDrive/datosDescarga/labels_png/val_01126.png
val,832,/content/drive/MyDrive/datosDescarga/images/val_00832.png,/content/drive/MyDrive/datosDescarga/depths_png16mm/val_00832.png,/content/drive/MyDrive/datosDescarga/labels_png/val_00832.png
val,860,/content/drive/MyDrive/datosDescarga/images/val_00860.png,/content/drive/MyDrive/datosDescarga/depths_png16mm/val_00860.png,/content/drive/MyDrive/datosDescarga/labels_png/val_00860.png
val,226,/content/drive/MyDrive/datosDescarga/images/val_00226.png,/content/drive/MyDrive/datosDescarga/depths_png16mm/val_00226.png,/content/drive/MyDrive/datosDescarga/labels_png/val_00226.png
val,1293,/content/drive/MyDrive/datosDescarga/images/val_01293.png,/content/drive/MyDrive/datosDescarga/depths_png16mm/val_01293.png,/content/drive/MyDrive/datosDescarga/labels_png/val_01293.png
val,1316,/content/drive/MyDrive/datosDescarga/images/val_01316.png,/content/drive/MyDrive/datosDescarga/depths_png16mm/val_01316.png,/content/drive/MyDrive/datosDescarga/labels_png/val_01316.png
val,589,/content/drive/MyDrive/datosDescarga/images/val_00589.png,/content/drive/MyDrive/datosDescarga/depths_png16mm/val_00589.png,/content/drive/MyDrive/datosDescarga/labels_png/val_00589.png
val,1016,/content/drive/MyDrive/datosDescarga/images/val_01016.png,/content/drive/MyDrive/datosDescarga/depths_png16mm/val_01016.png,/content/drive/MyDrive/datosDescarga/labels_png/val_01016.png
val,1225,/content/drive/MyDrive/datosDescarga/images/val_01225.png,/content/drive/MyDrive/datosDescarga/depths_png16mm/val_01225.png,/content/drive/MyDrive/datosDescarga/labels_png/val_01225.png
val,1361,/content/drive/MyDrive/datosDescarga/images/val_01361.png,/content/drive/MyDrive/datosDescarga/depths_png16mm/val_01361.png,/content/drive/MyDrive/datosDescarga/labels_png/val_01361.png
val,1447,/content/drive/MyDrive/datosDescarga/images/val_01447.png,/content/drive/MyDrive/datosDescarga/depths_png16mm/val_01447.png,/content/drive/MyDrive/datosDescarga/labels_png/val_01447.png
val,681,/content/drive/MyDrive/datosDescarga/images/val_00681.png,/content/drive/MyDrive/datosDescarga/depths_png16mm/val_00681.png,/content/drive/MyDrive/datosDescarga/labels_png/val_00681.png
val,392,/content/drive/MyDrive/datosDescarga/images/val_00392.png,/content/drive/MyDrive/datosDescarga/depths_png16mm/val_00392.png,/content/drive/MyDrive/datosDescarga/labels_png/val_00392.png
val,1049,/content/drive/MyDrive/datosDescarga/images/val_01049.png,/content/drive/MyDrive/datosDescarga/depths_png16mm/val_01049.png,/content/drive/MyDrive/datosDescarga/labels_png/val_01049.png
val,1442,/content/drive/MyDrive/datosDescarga/images/val_01442.png,/content/drive/MyDrive/datosDescarga/depths_png16mm/val_01442.png,/content/drive/MyDrive/datosDescarga/labels_png/val_01442.png
val,525,/content/drive/MyDrive/datosDescarga/images/val_00525.png,/content/drive/MyDrive/datosDescarga/depths_png16mm/val_00525.png,/content/drive/MyDrive/datosDescarga/labels_png/val_00525.png
val,1359,/content/drive/MyDrive/datosDescarga/images/val_01359.png,/content/drive/MyDrive/datosDescarga/depths_png16mm/val_01359.png,/content/drive/MyDrive/datosDescarga/labels_png/val_01359.png
val,621,/content/drive/MyDrive/datosDescarga/images/val_00621.png,/content/drive/MyDrive/datosDescarga/depths_png16mm/val_00621.png,/content/drive/MyDrive/datosDescarga/labels_png/val_00621.png
val,242,/content/drive/MyDrive/datosDescarga/images/val_00242.png,/content/drive/MyDrive/datosDescarga/depths_png16mm/val_00242.png,/content/drive/MyDrive/datosDescarga/labels_png/val_00242.png
val,839,/content/drive/MyDrive/datosDescarga/images/val_00839.png,/content/drive/MyDrive/datosDescarga/depths_png16mm/val_00839.png,/content/drive/MyDrive/datosDescarga/labels_png/val_00839.png
val,81,/content/drive/MyDrive/datosDescarga/images/val_00081.png,/content/drive/MyDrive/datosDescarga/depths_png16mm/val_00081.png,/content/drive/MyDrive/datosDescarga/labels_png/val_00081.png
val,570,/content/drive/MyDrive/datosDescarga/images/val_00570.png,/content/drive/MyDrive/datosDescarga/depths_png16mm/val_00570.png,/content/drive/MyDrive/datosDescarga/labels_png/val_00570.png
val,717,/content/drive/MyDrive/datosDescarga/images/val_00717.png,/content/drive/MyDrive/datosDescarga/depths_png16mm/val_00717.png,/content/drive/MyDrive/datosDescarga/labels_png/val_00717.png
val,1210,/content/drive/MyDrive/datosDescarga/images/val_01210.png,/content/drive/MyDrive/datosDescarga/depths_png16mm/val_01210.png,/content/drive/MyDrive/datosDescarga/labels_png/val_01210.png
val,928,/content/drive/MyDrive/datosDescarga/images/val_00928.png,/content/drive/MyDrive/datosDescarga/depths_png16mm/val_00928.png,/content/drive/MyDrive/datosDescarga/labels_png/val_00928.png
val,797,/content/drive/MyDrive/datosDescarga/images/val_00797.png,/content/drive/MyDrive/datosDescarga/depths_png16mm/val_00797.png,/content/drive/MyDrive/datosDescarga/labels_png/val_00797.png
val,464,/content/drive/MyDrive/datosDescarga/images/val_00464.png,/content/drive/MyDrive/datosDescarga/depths_png16mm/val_00464.png,/content/drive/MyDrive/datosDescarga/labels_png/val_00464.png
val,1342,/content/drive/MyDrive/datosDescarga/images/val_01342.png,/content/drive/MyDrive/datosDescarga/depths_png16mm/val_01342.png,/content/drive/MyDrive/datosDescarga/labels_png/val_01342.png
val,1311,/content/drive/MyDrive/datosDescarga/images/val_01311.png,/content/drive/MyDrive/datosDescarga/depths_png16mm/val_01311.png,/content/drive/MyDrive/datosDescarga/labels_png/val_01311.png
val,424,/content/drive/MyDrive/datosDescarga/images/val_00424.png,/content/drive/MyDrive/datosDescarga/depths_png16mm/val_00424.png,/content/drive/MyDrive/datosDescarga/labels_png/val_00424.png
val,683,/content/drive/MyDrive/datosDescarga/images/val_00683.png,/content/drive/MyDrive/datosDescarga/depths_png16mm/val_00683.png,/content/drive/MyDrive/datosDescarga/labels_png/val_00683.png
val,1038,/content/drive/MyDrive/datosDescarga/images/val_01038.png,/content/drive/MyDrive/datosDescarga/depths_png16mm/val_01038.png,/content/drive/MyDrive/datosDescarga/labels_png/val_01038.png
val,1326,/content/drive/MyDrive/datosDescarga/images/val_01326.png,/content/drive/MyDrive/datosDescarga/depths_png16mm/val_01326.png,/content/drive/MyDrive/datosDescarga/labels_png/val_01326.png
val,716,/content/drive/MyDrive/datosDescarga/images/val_00716.png,/content/drive/MyDrive/datosDescarga/depths_png16mm/val_00716.png,/content/drive/MyDrive/datosDescarga/labels_png/val_00716.png
val,1147,/content/drive/MyDrive/datosDescarga/images/val_01147.png,/content/drive/MyDrive/datosDescarga/depths_png16mm/val_01147.png,/content/drive/MyDrive/datosDescarga/labels_png/val_01147.png
val,1042,/content/drive/MyDrive/datosDescarga/images/val_01042.png,/content/drive/MyDrive/datosDescarga/depths_png16mm/val_01042.png,/content/drive/MyDrive/datosDescarga/labels_png/val_01042.png
val,416,/content/drive/MyDrive/datosDescarga/images/val_00416.png,/content/drive/MyDrive/datosDescarga/depths_png16mm/val_00416.png,/content/drive/MyDrive/datosDescarga/labels_png/val_00416.png
val,590,/content/drive/MyDrive/datosDescarga/images/val_00590.png,/content/drive/MyDrive/datosDescarga/depths_png16mm/val_00590.png,/content/drive/MyDrive/datosDescarga/labels_png/val_00590.png
val,368,/content/drive/MyDrive/datosDescarga/images/val_00368.png,/content/drive/MyDrive/datosDescarga/depths_png16mm/val_00368.png,/content/drive/MyDrive/datosDescarga/labels_png/val_00368.png
val,645,/content/drive/MyDrive/datosDescarga/images/val_00645.png,/content/drive/MyDrive/datosDescarga/depths_png16mm/val_00645.png,/content/drive/MyDrive/datosDescarga/labels_png/val_00645.png
val,808,/content/drive/MyDrive/datosDescarga/images/val_00808.png,/content/drive/MyDrive/datosDescarga/depths_png16mm/val_00808.png,/content/drive/MyDrive/datosDescarga/labels_png/val_00808.png
val,1141,/content/drive/MyDrive/datosDescarga/images/val_01141.png,/content/drive/MyDrive/datosDescarga/depths_png16mm/val_01141.png,/content/drive/MyDrive/datosDescarga/labels_png/val_01141.png
val,375,/content/drive/MyDrive/datosDescarga/images/val_00375.png,/content/drive/MyDrive/datosDescarga/depths_png16mm/val_00375.png,/content/drive/MyDrive/datosDescarga/labels_png/val_00375.png
test,20,/content/drive/MyDrive/datosDescarga/images/test_00020.png,/content/drive/MyDrive/datosDescarga/depths_png16mm/test_00020.png,/content/drive/MyDrive/datosDescarga/labels_png/test_00020.png
test,372,/content/drive/MyDrive/datosDescarga/images/test_00372.png,/content/drive/MyDrive/datosDescarga/depths_png16mm/test_00372.png,/content/drive/MyDrive/datosDescarga/labels_png/test_00372.png
test,838,/content/drive/MyDrive/datosDescarga/images/test_00838.png,/content/drive/MyDrive/datosDescarga/depths_png16mm/test_00838.png,/content/drive/MyDrive/datosDescarga/labels_png/test_00838.png
test,1248,/content/drive/MyDrive/datosDescarga/images/test_01248.png,/content/drive/MyDrive/datosDescarga/depths_png16mm/test_01248.png,/content/drive/MyDrive/datosDescarga/labels_png/test_01248.png
test,174,/content/drive/MyDrive/datosDescarga/images/test_00174.png,/content/drive/MyDrive/datosDescarga/depths_png16mm/test_00174.png,/content/drive/MyDrive/datosDescarga/labels_png/test_00174.png
test,498,/content/drive/MyDrive/datosDescarga/images/test_00498.png,/content/drive/MyDrive/datosDescarga/depths_png16mm/test_00498.png,/content/drive/MyDrive/datosDescarga/labels_png/test_00498.png
test,620,/content/drive/MyDrive/datosDescarga/images/test_00620.png,/content/drive/MyDrive/datosDescarga/depths_png16mm/test_00620.png,/content/drive/MyDrive/datosDescarga/labels_png/test_00620.png
test,1136,/content/drive/MyDrive/datosDescarga/images/test_01136.png,/content/drive/MyDrive/datosDescarga/depths_png16mm/test_01136.png,/content/drive/MyDrive/datosDescarga/labels_png/test_01136.png
test,675,/content/drive/MyDrive/datosDescarga/images/test_00675.png,/content/drive/MyDrive/datosDescarga/depths_png16mm/test_00675.png,/content/drive/MyDrive/datosDescarga/labels_png/test_00675.png
test,674,/content/drive/MyDrive/datosDescarga/images/test_00674.png,/content/drive/MyDrive/datosDescarga/depths_png16mm/test_00674.png,/content/drive/MyDrive/datosDescarga/labels_png/test_00674.png
test,1436,/content/drive/MyDrive/datosDescarga/images/test_01436.png,/content/drive/MyDrive/datosDescarga/depths_png16mm/test_01436.png,/content/drive/MyDrive/datosDescarga/labels_png/test_01436.png
test,1137,/content/drive/MyDrive/datosDescarga/images/test_01137.png,/content/drive/MyDrive/datosDescarga/depths_png16mm/test_01137.png,/content/drive/MyDrive/datosDescarga/labels_png/test_01137.png
test,990,/content/drive/MyDrive/datosDescarga/images/test_00990.png,/content/drive/MyDrive/datosDescarga/depths_png16mm/test_00990.png,/content/drive/MyDrive/datosDescarga/labels_png/test_00990.png
test,731,/content/drive/MyDrive/datosDescarga/images/test_00731.png,/content/drive/MyDrive/datosDescarga/depths_png16mm/test_00731.png,/content/drive/MyDrive/datosDescarga/labels_png/test_00731.png
test,25,/content/drive/MyDrive/datosDescarga/images/test_00025.png,/content/drive/MyDrive/datosDescarga/depths_png16mm/test_00025.png,/content/drive/MyDrive/datosDescarga/labels_png/test_00025.png
test,641,/content/drive/MyDrive/datosDescarga/images/test_00641.png,/content/drive/MyDrive/datosDescarga/depths_png16mm/test_00641.png,/content/drive/MyDrive/datosDescarga/labels_png/test_00641.png
test,507,/content/drive/MyDrive/datosDescarga/images/test_00507.png,/content/drive/MyDrive/datosDescarga/depths_png16mm/test_00507.png,/content/drive/MyDrive/datosDescarga/labels_png/test_00507.png
test,214,/content/drive/MyDrive/datosDescarga/images/test_00214.png,/content/drive/MyDrive/datosDescarga/depths_png16mm/test_00214.png,/content/drive/MyDrive/datosDescarga/labels_png/test_00214.png
test,1154,/content/drive/MyDrive/datosDescarga/images/test_01154.png,/content/drive/MyDrive/datosDescarga/depths_png16mm/test_01154.png,/content/drive/MyDrive/datosDescarga/labels_png/test_01154.png
test,1411,/content/drive/MyDrive/datosDescarga/images/test_01411.png,/content/drive/MyDrive/datosDescarga/depths_png16mm/test_01411.png,/content/drive/MyDrive/datosDescarga/labels_png/test_01411.png
test,923,/content/drive/MyDrive/datosDescarga/images/test_00923.png,/content/drive/MyDrive/datosDescarga/depths_png16mm/test_00923.png,/content/drive/MyDrive/datosDescarga/labels_png/test_00923.png
test,1376,/content/drive/MyDrive/datosDescarga/images/test_01376.png,/content/drive/MyDrive/datosDescarga/depths_png16mm/test_01376.png,/content/drive/MyDrive/datosDescarga/labels_png/test_01376.png
test,355,/content/drive/MyDrive/datosDescarga/images/test_00355.png,/content/drive/MyDrive/datosDescarga/depths_png16mm/test_00355.png,/content/drive/MyDrive/datosDescarga/labels_png/test_00355.png
test,274,/content/drive/MyDrive/datosDescarga/images/test_00274.png,/content/drive/MyDrive/datosDescarga/depths_png16mm/test_00274.png,/content/drive/MyDrive/datosDescarga/labels_png/test_00274.png
test,926,/content/drive/MyDrive/datosDescarga/images/test_00926.png,/content/drive/MyDrive/datosDescarga/depths_png16mm/test_00926.png,/content/drive/MyDrive/datosDescarga/labels_png/test_00926.png
test,718,/content/drive/MyDrive/datosDescarga/images/test_00718.png,/content/drive/MyDrive/datosDescarga/depths_png16mm/test_00718.png,/content/drive/MyDrive/datosDescarga/labels_png/test_00718.png
test,390,/content/drive/MyDrive/datosDescarga/images/test_00390.png,/content/drive/MyDrive/datosDescarga/depths_png16mm/test_00390.png,/content/drive/MyDrive/datosDescarga/labels_png/test_00390.png
test,1029,/content/drive/MyDrive/datosDescarga/images/test_01029.png,/content/drive/MyDrive/datosDescarga/depths_png16mm/test_01029.png,/content/drive/MyDrive/datosDescarga/labels_png/test_01029.png
test,520,/content/drive/MyDrive/datosDescarga/images/test_00520.png,/content/drive/MyDrive/datosDescarga/depths_png16mm/test_00520.png,/content/drive/MyDrive/datosDescarga/labels_png/test_00520.png
test,1368,/content/drive/MyDrive/datosDescarga/images/test_01368.png,/content/drive/MyDrive/datosDescarga/depths_png16mm/test_01368.png,/content/drive/MyDrive/datosDescarga/labels_png/test_01368.png
test,737,/content/drive/MyDrive/datosDescarga/images/test_00737.png,/content/drive/MyDrive/datosDescarga/depths_png16mm/test_00737.png,/content/drive/MyDrive/datosDescarga/labels_png/test_00737.png
test,702,/content/drive/MyDrive/datosDescarga/images/test_00702.png,/content/drive/MyDrive/datosDescarga/depths_png16mm/test_00702.png,/content/drive/MyDrive/datosDescarga/labels_png/test_00702.png
test,457,/content/drive/MyDrive/datosDescarga/images/test_00457.png,/content/drive/MyDrive/datosDescarga/depths_png16mm/test_00457.png,/content/drive/MyDrive/datosDescarga/labels_png/test_00457.png
test,78,/content/drive/MyDrive/datosDescarga/images/test_00078.png,/content/drive/MyDrive/datosDescarga/depths_png16mm/test_00078.png,/content/drive/MyDrive/datosDescarga/labels_png/test_00078.png
test,550,/content/drive/MyDrive/datosDescarga/images/test_00550.png,/content/drive/MyDrive/datosDescarga/depths_png16mm/test_00550.png,/content/drive/MyDrive/datosDescarga/labels_png/test_00550.png
test,1383,/content/drive/MyDrive/datosDescarga/images/test_01383.png,/content/drive/MyDrive/datosDescarga/depths_png16mm/test_01383.png,/content/drive/MyDrive/datosDescarga/labels_png/test_01383.png
test,1305,/content/drive/MyDrive/datosDescarga/images/test_01305.png,/content/drive/MyDrive/datosDescarga/depths_png16mm/test_01305.png,/content/drive/MyDrive/datosDescarga/labels_png/test_01305.png
test,617,/content/drive/MyDrive/datosDescarga/images/test_00617.png,/content/drive/MyDrive/datosDescarga/depths_png16mm/test_00617.png,/content/drive/MyDrive/datosDescarga/labels_png/test_00617.png
test,585,/content/drive/MyDrive/datosDescarga/images/test_00585.png,/content/drive/MyDrive/datosDescarga/depths_png16mm/test_00585.png,/content/drive/MyDrive/datosDescarga/labels_png/test_00585.png
test,303,/content/drive/MyDrive/datosDescarga/images/test_00303.png,/content/drive/MyDrive/datosDescarga/depths_png16mm/test_00303.png,/content/drive/MyDrive/datosDescarga/labels_png/test_00303.png
test,752,/content/drive/MyDrive/datosDescarga/images/test_00752.png,/content/drive/MyDrive/datosDescarga/depths_png16mm/test_00752.png,/content/drive/MyDrive/datosDescarga/labels_png/test_00752.png
test,627,/content/drive/MyDrive/datosDescarga/images/test_00627.png,/content/drive/MyDrive/datosDescarga/depths_png16mm/test_00627.png,/content/drive/MyDrive/datosDescarga/labels_png/test_00627.png
test,715,/content/drive/MyDrive/datosDescarga/images/test_00715.png,/content/drive/MyDrive/datosDescarga/depths_png16mm/test_00715.png,/content/drive/MyDrive/datosDescarga/labels_png/test_00715.png
test,1298,/content/drive/MyDrive/datosDescarga/images/test_01298.png,/content/drive/MyDrive/datosDescarga/depths_png16mm/test_01298.png,/content/drive/MyDrive/datosDescarga/labels_png/test_01298.png
test,991,/content/drive/MyDrive/datosDescarga/images/test_00991.png,/content/drive/MyDrive/datosDescarga/depths_png16mm/test_00991.png,/content/drive/MyDrive/datosDescarga/labels_png/test_00991.png
test,1041,/content/drive/MyDrive/datosDescarga/images/test_01041.png,/content/drive/MyDrive/datosDescarga/depths_png16mm/test_01041.png,/content/drive/MyDrive/datosDescarga/labels_png/test_01041.png
test,13,/content/drive/MyDrive/datosDescarga/images/test_00013.png,/content/drive/MyDrive/datosDescarga/depths_png16mm/test_00013.png,/content/drive/MyDrive/datosDescarga/labels_png/test_00013.png
test,1441,/content/drive/MyDrive/datosDescarga/images/test_01441.png,/content/drive/MyDrive/datosDescarga/depths_png16mm/test_01441.png,/content/drive/MyDrive/datosDescarga/labels_png/test_01441.png
test,426,/content/drive/MyDrive/datosDescarga/images/test_00426.png,/content/drive/MyDrive/datosDescarga/depths_png16mm/test_00426.png,/content/drive/MyDrive/datosDescarga/labels_png/test_00426.png
test,846,/content/drive/MyDrive/datosDescarga/images/test_00846.png,/content/drive/MyDrive/datosDescarga/depths_png16mm/test_00846.png,/content/drive/MyDrive/datosDescarga/labels_png/test_00846.png
test,1364,/content/drive/MyDrive/datosDescarga/images/test_01364.png,/content/drive/MyDrive/datosDescarga/depths_png16mm/test_01364.png,/content/drive/MyDrive/datosDescarga/labels_png/test_01364.png
test,916,/content/drive/MyDrive/datosDescarga/images/test_00916.png,/content/drive/MyDrive/datosDescarga/depths_png16mm/test_00916.png,/content/drive/MyDrive/datosDescarga/labels_png/test_00916.png
test,173,/content/drive/MyDrive/datosDescarga/images/test_00173.png,/content/drive/MyDrive/datosDescarga/depths_png16mm/test_00173.png,/content/drive/MyDrive/datosDescarga/labels_png/test_00173.png
test,152,/content/drive/MyDrive/datosDescarga/images/test_00152.png,/content/drive/MyDrive/datosDescarga/depths_png16mm/test_00152.png,/content/drive/MyDrive/datosDescarga/labels_png/test_00152.png
test,721,/content/drive/MyDrive/datosDescarga/images/test_00721.png,/content/drive/MyDrive/datosDescarga/depths_png16mm/test_00721.png,/content/drive/MyDrive/datosDescarga/labels_png/test_00721.png
test,208,/content/drive/MyDrive/datosDescarga/images/test_00208.png,/content/drive/MyDrive/datosDescarga/depths_png16mm/test_00208.png,/content/drive/MyDrive/datosDescarga/labels_png/test_00208.png
test,316,/content/drive/MyDrive/datosDescarga/images/test_00316.png,/content/drive/MyDrive/datosDescarga/depths_png16mm/test_00316.png,/content/drive/MyDrive/datosDescarga/labels_png/test_00316.png
test,680,/content/drive/MyDrive/datosDescarga/images/test_00680.png,/content/drive/MyDrive/datosDescarga/depths_png16mm/test_00680.png,/content/drive/MyDrive/datosDescarga/labels_png/test_00680.png
test,82,/content/drive/MyDrive/datosDescarga/images/test_00082.png,/content/drive/MyDrive/datosDescarga/depths_png16mm/test_00082.png,/content/drive/MyDrive/datosDescarga/labels_png/test_00082.png
test,1413,/content/drive/MyDrive/datosDescarga/images/test_01413.png,/content/drive/MyDrive/datosDescarga/depths_png16mm/test_01413.png,/content/drive/MyDrive/datosDescarga/labels_png/test_01413.png
test,547,/content/drive/MyDrive/datosDescarga/images/test_00547.png,/content/drive/MyDrive/datosDescarga/depths_png16mm/test_00547.png,/content/drive/MyDrive/datosDescarga/labels_png/test_00547.png
test,751,/content/drive/MyDrive/datosDescarga/images/test_00751.png,/content/drive/MyDrive/datosDescarga/depths_png16mm/test_00751.png,/content/drive/MyDrive/datosDescarga/labels_png/test_00751.png
test,1335,/content/drive/MyDrive/datosDescarga/images/test_01335.png,/content/drive/MyDrive/datosDescarga/depths_png16mm/test_01335.png,/content/drive/MyDrive/datosDescarga/labels_png/test_01335.png
test,985,/content/drive/MyDrive/datosDescarga/images/test_00985.png,/content/drive/MyDrive/datosDescarga/depths_png16mm/test_00985.png,/content/drive/MyDrive/datosDescarga/labels_png/test_00985.png
test,243,/content/drive/MyDrive/datosDescarga/images/test_00243.png,/content/drive/MyDrive/datosDescarga/depths_png16mm/test_00243.png,/content/drive/MyDrive/datosDescarga/labels_png/test_00243.png
test,83,/content/drive/MyDrive/datosDescarga/images/test_00083.png,/content/drive/MyDrive/datosDescarga/depths_png16mm/test_00083.png,/content/drive/MyDrive/datosDescarga/labels_png/test_00083.png
test,552,/content/drive/MyDrive/datosDescarga/images/test_00552.png,/content/drive/MyDrive/datosDescarga/depths_png16mm/test_00552.png,/content/drive/MyDrive/datosDescarga/labels_png/test_00552.png
test,317,/content/drive/MyDrive/datosDescarga/images/test_00317.png,/content/drive/MyDrive/datosDescarga/depths_png16mm/test_00317.png,/content/drive/MyDrive/datosDescarga/labels_png/test_00317.png
test,369,/content/drive/MyDrive/datosDescarga/images/test_00369.png,/content/drive/MyDrive/datosDescarga/depths_png16mm/test_00369.png,/content/drive/MyDrive/datosDescarga/labels_png/test_00369.png
test,346,/content/drive/MyDrive/datosDescarga/images/test_00346.png,/content/drive/MyDrive/datosDescarga/depths_png16mm/test_00346.png,/content/drive/MyDrive/datosDescarga/labels_png/test_00346.png
test,135,/content/drive/MyDrive/datosDescarga/images/test_00135.png,/content/drive/MyDrive/datosDescarga/depths_png16mm/test_00135.png,/content/drive/MyDrive/datosDescarga/labels_png/test_00135.png
test,1270,/content/drive/MyDrive/datosDescarga/images/test_01270.png,/content/drive/MyDrive/datosDescarga/depths_png16mm/test_01270.png,/content/drive/MyDrive/datosDescarga/labels_png/test_01270.png
test,187,/content/drive/MyDrive/datosDescarga/images/test_00187.png,/content/drive/MyDrive/datosDescarga/depths_png16mm/test_00187.png,/content/drive/MyDrive/datosDescarga/labels_png/test_00187.png
test,817,/content/drive/MyDrive/datosDescarga/images/test_00817.png,/content/drive/MyDrive/datosDescarga/depths_png16mm/test_00817.png,/content/drive/MyDrive/datosDescarga/labels_png/test_00817.png
test,162,/content/drive/MyDrive/datosDescarga/images/test_00162.png,/content/drive/MyDrive/datosDescarga/depths_png16mm/test_00162.png,/content/drive/MyDrive/datosDescarga/labels_png/test_00162.png
test,502,/content/drive/MyDrive/datosDescarga/images/test_00502.png,/content/drive/MyDrive/datosDescarga/depths_png16mm/test_00502.png,/content/drive/MyDrive/datosDescarga/labels_png/test_00502.png
test,526,/content/drive/MyDrive/datosDescarga/images/test_00526.png,/content/drive/MyDrive/datosDescarga/depths_png16mm/test_00526.png,/content/drive/MyDrive/datosDescarga/labels_png/test_00526.png
test,553,/content/drive/MyDrive/datosDescarga/images/test_00553.png,/content/drive/MyDrive/datosDescarga/depths_png16mm/test_00553.png,/content/drive/MyDrive/datosDescarga/labels_png/test_00553.png
test,263,/content/drive/MyDrive/datosDescarga/images/test_00263.png,/content/drive/MyDrive/datosDescarga/depths_png16mm/test_00263.png,/content/drive/MyDrive/datosDescarga/labels_png/test_00263.png
test,270,/content/drive/MyDrive/datosDescarga/images/test_00270.png,/content/drive/MyDrive/datosDescarga/depths_png16mm/test_00270.png,/content/drive/MyDrive/datosDescarga/labels_png/test_00270.png
test,527,/content/drive/MyDrive/datosDescarga/images/test_00527.png,/content/drive/MyDrive/datosDescarga/depths_png16mm/test_00527.png,/content/drive/MyDrive/datosDescarga/labels_png/test_00527.png
test,1258,/content/drive/MyDrive/datosDescarga/images/test_01258.png,/content/drive/MyDrive/datosDescarga/depths_png16mm/test_01258.png,/content/drive/MyDrive/datosDescarga/labels_png/test_01258.png
test,777,/content/drive/MyDrive/datosDescarga/images/test_00777.png,/content/drive/MyDrive/datosDescarga/depths_png16mm/test_00777.png,/content/drive/MyDrive/datosDescarga/labels_png/test_00777.png
test,456,/content/drive/MyDrive/datosDescarga/images/test_00456.png,/content/drive/MyDrive/datosDescarga/depths_png16mm/test_00456.png,/content/drive/MyDrive/datosDescarga/labels_png/test_00456.png
test,1066,/content/drive/MyDrive/datosDescarga/images/test_01066.png,/content/drive/MyDrive/datosDescarga/depths_png16mm/test_01066.png,/content/drive/MyDrive/datosDescarga/labels_png/test_01066.png
test,783,/content/drive/MyDrive/datosDescarga/images/test_00783.png,/content/drive/MyDrive/datosDescarga/depths_png16mm/test_00783.png,/content/drive/MyDrive/datosDescarga/labels_png/test_00783.png
test,789,/content/drive/MyDrive/datosDescarga/images/test_00789.png,/content/drive/MyDrive/datosDescarga/depths_png16mm/test_00789.png,/content/drive/MyDrive/datosDescarga/labels_png/test_00789.png
test,26,/content/drive/MyDrive/datosDescarga/images/test_00026.png,/content/drive/MyDrive/datosDescarga/depths_png16mm/test_00026.png,/content/drive/MyDrive/datosDescarga/labels_png/test_00026.png
test,1312,/content/drive/MyDrive/datosDescarga/images/test_01312.png,/content/drive/MyDrive/datosDescarga/depths_png16mm/test_01312.png,/content/drive/MyDrive/datosDescarga/labels_png/test_01312.png
test,409,/content/drive/MyDrive/datosDescarga/images/test_00409.png,/content/drive/MyDrive/datosDescarga/depths_png16mm/test_00409.png,/content/drive/MyDrive/datosDescarga/labels_png/test_00409.png
test,577,/content/drive/MyDrive/datosDescarga/images/test_00577.png,/content/drive/MyDrive/datosDescarga/depths_png16mm/test_00577.png,/content/drive/MyDrive/datosDescarga/labels_png/test_00577.png
test,110,/content/drive/MyDrive/datosDescarga/images/test_00110.png,/content/drive/MyDrive/datosDescarga/depths_png16mm/test_00110.png,/content/drive/MyDrive/datosDescarga/labels_png/test_00110.png
test,559,/content/drive/MyDrive/datosDescarga/images/test_00559.png,/content/drive/MyDrive/datosDescarga/depths_png16mm/test_00559.png,/content/drive/MyDrive/datosDescarga/labels_png/test_00559.png
test,1054,/content/drive/MyDrive/datosDescarga/images/test_01054.png,/content/drive/MyDrive/datosDescarga/depths_png16mm/test_01054.png,/content/drive/MyDrive/datosDescarga/labels_png/test_01054.png
test,690,/content/drive/MyDrive/datosDescarga/images/test_00690.png,/content/drive/MyDrive/datosDescarga/depths_png16mm/test_00690.png,/content/drive/MyDrive/datosDescarga/labels_png/test_00690.png
test,51,/content/drive/MyDrive/datosDescarga/images/test_00051.png,/content/drive/MyDrive/datosDescarga/depths_png16mm/test_00051.png,/content/drive/MyDrive/datosDescarga/labels_png/test_00051.png
test,652,/content/drive/MyDrive/datosDescarga/images/test_00652.png,/content/drive/MyDrive/datosDescarga/depths_png16mm/test_00652.png,/content/drive/MyDrive/datosDescarga/labels_png/test_00652.png
test,66,/content/drive/MyDrive/datosDescarga/images/test_00066.png,/content/drive/MyDrive/datosDescarga/depths_png16mm/test_00066.png,/content/drive/MyDrive/datosDescarga/labels_png/test_00066.png
test,930,/content/drive/MyDrive/datosDescarga/images/test_00930.png,/content/drive/MyDrive/datosDescarga/depths_png16mm/test_00930.png,/content/drive/MyDrive/datosDescarga/labels_png/test_00930.png
test,506,/content/drive/MyDrive/datosDescarga/images/test_00506.png,/content/drive/MyDrive/datosDescarga/depths_png16mm/test_00506.png,/content/drive/MyDrive/datosDescarga/labels_png/test_00506.png
test,10,/content/drive/MyDrive/datosDescarga/images/test_00010.png,/content/drive/MyDrive/datosDescarga/depths_png16mm/test_00010.png,/content/drive/MyDrive/datosDescarga/labels_png/test_00010.png
test,1291,/content/drive/MyDrive/datosDescarga/images/test_01291.png,/content/drive/MyDrive/datosDescarga/depths_png16mm/test_01291.png,/content/drive/MyDrive/datosDescarga/labels_png/test_01291.png
test,172,/content/drive/MyDrive/datosDescarga/images/test_00172.png,/content/drive/MyDrive/datosDescarga/depths_png16mm/test_00172.png,/content/drive/MyDrive/datosDescarga/labels_png/test_00172.png
test,788,/content/drive/MyDrive/datosDescarga/images/test_00788.png,/content/drive/MyDrive/datosDescarga/depths_png16mm/test_00788.png,/content/drive/MyDrive/datosDescarga/labels_png/test_00788.png
test,199,/content/drive/MyDrive/datosDescarga/images/test_00199.png,/content/drive/MyDrive/datosDescarga/depths_png16mm/test_00199.png,/content/drive/MyDrive/datosDescarga/labels_png/test_00199.png
test,1315,/content/drive/MyDrive/datosDescarga/images/test_01315.png,/content/drive/MyDrive/datosDescarga/depths_png16mm/test_01315.png,/content/drive/MyDrive/datosDescarga/labels_png/test_01315.png
test,304,/content/drive/MyDrive/datosDescarga/images/test_00304.png,/content/drive/MyDrive/datosDescarga/depths_png16mm/test_00304.png,/content/drive/MyDrive/datosDescarga/labels_png/test_00304.png
test,770,/content/drive/MyDrive/datosDescarga/images/test_00770.png,/content/drive/MyDrive/datosDescarga/depths_png16mm/test_00770.png,/content/drive/MyDrive/datosDescarga/labels_png/test_00770.png
test,774,/content/drive/MyDrive/datosDescarga/images/test_00774.png,/content/drive/MyDrive/datosDescarga/depths_png16mm/test_00774.png,/content/drive/MyDrive/datosDescarga/labels_png/test_00774.png
test,15,/content/drive/MyDrive/datosDescarga/images/test_00015.png,/content/drive/MyDrive/datosDescarga/depths_png16mm/test_00015.png,/content/drive/MyDrive/datosDescarga/labels_png/test_00015.png
test,371,/content/drive/MyDrive/datosDescarga/images/test_00371.png,/content/drive/MyDrive/datosDescarga/depths_png16mm/test_00371.png,/content/drive/MyDrive/datosDescarga/labels_png/test_00371.png
test,428,/content/drive/MyDrive/datosDescarga/images/test_00428.png,/content/drive/MyDrive/datosDescarga/depths_png16mm/test_00428.png,/content/drive/MyDrive/datosDescarga/labels_png/test_00428.png
test,1418,/content/drive/MyDrive/datosDescarga/images/test_01418.png,/content/drive/MyDrive/datosDescarga/depths_png16mm/test_01418.png,/content/drive/MyDrive/datosDescarga/labels_png/test_01418.png
test,1217,/content/drive/MyDrive/datosDescarga/images/test_01217.png,/content/drive/MyDrive/datosDescarga/depths_png16mm/test_01217.png,/content/drive/MyDrive/datosDescarga/labels_png/test_01217.png
test,1419,/content/drive/MyDrive/datosDescarga/images/test_01419.png,/content/drive/MyDrive/datosDescarga/depths_png16mm/test_01419.png,/content/drive/MyDrive/datosDescarga/labels_png/test_01419.png
test,1138,/content/drive/MyDrive/datosDescarga/images/test_01138.png,/content/drive/MyDrive/datosDescarga/depths_png16mm/test_01138.png,/content/drive/MyDrive/datosDescarga/labels_png/test_01138.png
test,611,/content/drive/MyDrive/datosDescarga/images/test_00611.png,/content/drive/MyDrive/datosDescarga/depths_png16mm/test_00611.png,/content/drive/MyDrive/datosDescarga/labels_png/test_00611.png
test,291,/content/drive/MyDrive/datosDescarga/images/test_00291.png,/content/drive/MyDrive/datosDescarga/depths_png16mm/test_00291.png,/content/drive/MyDrive/datosDescarga/labels_png/test_00291.png
test,1152,/content/drive/MyDrive/datosDescarga/images/test_01152.png,/content/drive/MyDrive/datosDescarga/depths_png16mm/test_01152.png,/content/drive/MyDrive/datosDescarga/labels_png/test_01152.png
test,619,/content/drive/MyDrive/datosDescarga/images/test_00619.png,/content/drive/MyDrive/datosDescarga/depths_png16mm/test_00619.png,/content/drive/MyDrive/datosDescarga/labels_png/test_00619.png
test,203,/content/drive/MyDrive/datosDescarga/images/test_00203.png,/content/drive/MyDrive/datosDescarga/depths_png16mm/test_00203.png,/content/drive/MyDrive/datosDescarga/labels_png/test_00203.png
test,1377,/content/drive/MyDrive/datosDescarga/images/test_01377.png,/content/drive/MyDrive/datosDescarga/depths_png16mm/test_01377.png,/content/drive/MyDrive/datosDescarga/labels_png/test_01377.png
test,828,/content/drive/MyDrive/datosDescarga/images/test_00828.png,/content/drive/MyDrive/datosDescarga/depths_png16mm/test_00828.png,/content/drive/MyDrive/datosDescarga/labels_png/test_00828.png
test,136,/content/drive/MyDrive/datosDescarga/images/test_00136.png,/content/drive/MyDrive/datosDescarga/depths_png16mm/test_00136.png,/content/drive/MyDrive/datosDescarga/labels_png/test_00136.png
test,349,/content/drive/MyDrive/datosDescarga/images/test_00349.png,/content/drive/MyDrive/datosDescarga/depths_png16mm/test_00349.png,/content/drive/MyDrive/datosDescarga/labels_png/test_00349.png
test,460,/content/drive/MyDrive/datosDescarga/images/test_00460.png,/content/drive/MyDrive/datosDescarga/depths_png16mm/test_00460.png,/content/drive/MyDrive/datosDescarga/labels_png/test_00460.png
test,36,/content/drive/MyDrive/datosDescarga/images/test_00036.png,/content/drive/MyDrive/datosDescarga/depths_png16mm/test_00036.png,/content/drive/MyDrive/datosDescarga/labels_png/test_00036.png
test,906,/content/drive/MyDrive/datosDescarga/images/test_00906.png,/content/drive/MyDrive/datosDescarga/depths_png16mm/test_00906.png,/content/drive/MyDrive/datosDescarga/labels_png/test_00906.png
test,974,/content/drive/MyDrive/datosDescarga/images/test_00974.png,/content/drive/MyDrive/datosDescarga/depths_png16mm/test_00974.png,/content/drive/MyDrive/datosDescarga/labels_png/test_00974.png
test,1229,/content/drive/MyDrive/datosDescarga/images/test_01229.png,/content/drive/MyDrive/datosDescarga/depths_png16mm/test_01229.png,/content/drive/MyDrive/datosDescarga/labels_png/test_01229.png
test,407,/content/drive/MyDrive/datosDescarga/images/test_00407.png,/content/drive/MyDrive/datosDescarga/depths_png16mm/test_00407.png,/content/drive/MyDrive/datosDescarga/labels_png/test_00407.png
test,1381,/content/drive/MyDrive/datosDescarga/images/test_01381.png,/content/drive/MyDrive/datosDescarga/depths_png16mm/test_01381.png,/content/drive/MyDrive/datosDescarga/labels_png/test_01381.png
test,1075,/content/drive/MyDrive/datosDescarga/images/test_01075.png,/content/drive/MyDrive/datosDescarga/depths_png16mm/test_01075.png,/content/drive/MyDrive/datosDescarga/labels_png/test_01075.png
test,854,/content/drive/MyDrive/datosDescarga/images/test_00854.png,/content/drive/MyDrive/datosDescarga/depths_png16mm/test_00854.png,/content/drive/MyDrive/datosDescarga/labels_png/test_00854.png
test,420,/content/drive/MyDrive/datosDescarga/images/test_00420.png,/content/drive/MyDrive/datosDescarga/depths_png16mm/test_00420.png,/content/drive/MyDrive/datosDescarga/labels_png/test_00420.png
test,1254,/content/drive/MyDrive/datosDescarga/images/test_01254.png,/content/drive/MyDrive/datosDescarga/depths_png16mm/test_01254.png,/content/drive/MyDrive/datosDescarga/labels_png/test_01254.png
test,458,/content/drive/MyDrive/datosDescarga/images/test_00458.png,/content/drive/MyDrive/datosDescarga/depths_png16mm/test_00458.png,/content/drive/MyDrive/datosDescarga/labels_png/test_00458.png
test,44,/content/drive/MyDrive/datosDescarga/images/test_00044.png,/content/drive/MyDrive/datosDescarga/depths_png16mm/test_00044.png,/content/drive/MyDrive/datosDescarga/labels_png/test_00044.png
test,35,/content/drive/MyDrive/datosDescarga/images/test_00035.png,/content/drive/MyDrive/datosDescarga/depths_png16mm/test_00035.png,/content/drive/MyDrive/datosDescarga/labels_png/test_00035.png
test,1351,/content/drive/MyDrive/datosDescarga/images/test_01351.png,/content/drive/MyDrive/datosDescarga/depths_png16mm/test_01351.png,/content/drive/MyDrive/datosDescarga/labels_png/test_01351.png
test,565,/content/drive/MyDrive/datosDescarga/images/test_00565.png,/content/drive/MyDrive/datosDescarga/depths_png16mm/test_00565.png,/content/drive/MyDrive/datosDescarga/labels_png/test_00565.png
test,2,/content/drive/MyDrive/datosDescarga/images/test_00002.png,/content/drive/MyDrive/datosDescarga/depths_png16mm/test_00002.png,/content/drive/MyDrive/datosDescarga/labels_png/test_00002.png
test,433,/content/drive/MyDrive/datosDescarga/images/test_00433.png,/content/drive/MyDrive/datosDescarga/depths_png16mm/test_00433.png,/content/drive/MyDrive/datosDescarga/labels_png/test_00433.png
test,513,/content/drive/MyDrive/datosDescarga/images/test_00513.png,/content/drive/MyDrive/datosDescarga/depths_png16mm/test_00513.png,/content/drive/MyDrive/datosDescarga/labels_png/test_00513.png
test,769,/content/drive/MyDrive/datosDescarga/images/test_00769.png,/content/drive/MyDrive/datosDescarga/depths_png16mm/test_00769.png,/content/drive/MyDrive/datosDescarga/labels_png/test_00769.png
test,169,/content/drive/MyDrive/datosDescarga/images/test_00169.png,/content/drive/MyDrive/datosDescarga/depths_png16mm/test_00169.png,/content/drive/MyDrive/datosDescarga/labels_png/test_00169.png
test,608,/content/drive/MyDrive/datosDescarga/images/test_00608.png,/content/drive/MyDrive/datosDescarga/depths_png16mm/test_00608.png,/content/drive/MyDrive/datosDescarga/labels_png/test_00608.png
test,240,/content/drive/MyDrive/datosDescarga/images/test_00240.png,/content/drive/MyDrive/datosDescarga/depths_png16mm/test_00240.png,/content/drive/MyDrive/datosDescarga/labels_png/test_00240.png
test,321,/content/drive/MyDrive/datosDescarga/images/test_00321.png,/content/drive/MyDrive/datosDescarga/depths_png16mm/test_00321.png,/content/drive/MyDrive/datosDescarga/labels_png/test_00321.png
test,1144,/content/drive/MyDrive/datosDescarga/images/test_01144.png,/content/drive/MyDrive/datosDescarga/depths_png16mm/test_01144.png,/content/drive/MyDrive/datosDescarga/labels_png/test_01144.png
test,807,/content/drive/MyDrive/datosDescarga/images/test_00807.png,/content/drive/MyDrive/datosDescarga/depths_png16mm/test_00807.png,/content/drive/MyDrive/datosDescarga/labels_png/test_00807.png
test,1233,/content/drive/MyDrive/datosDescarga/images/test_01233.png,/content/drive/MyDrive/datosDescarga/depths_png16mm/test_01233.png,/content/drive/MyDrive/datosDescarga/labels_png/test_01233.png
test,363,/content/drive/MyDrive/datosDescarga/images/test_00363.png,/content/drive/MyDrive/datosDescarga/depths_png16mm/test_00363.png,/content/drive/MyDrive/datosDescarga/labels_png/test_00363.png
test,1387,/content/drive/MyDrive/datosDescarga/images/test_01387.png,/content/drive/MyDrive/datosDescarga/depths_png16mm/test_01387.png,/content/drive/MyDrive/datosDescarga/labels_png/test_01387.png
test,1211,/content/drive/MyDrive/datosDescarga/images/test_01211.png,/content/drive/MyDrive/datosDescarga/depths_png16mm/test_01211.png,/content/drive/MyDrive/datosDescarga/labels_png/test_01211.png
test,1074,/content/drive/MyDrive/datosDescarga/images/test_01074.png,/content/drive/MyDrive/datosDescarga/depths_png16mm/test_01074.png,/content/drive/MyDrive/datosDescarga/labels_png/test_01074.png
test,792,/content/drive/MyDrive/datosDescarga/images/test_00792.png,/content/drive/MyDrive/datosDescarga/depths_png16mm/test_00792.png,/content/drive/MyDrive/datosDescarga/labels_png/test_00792.png
test,1420,/content/drive/MyDrive/datosDescarga/images/test_01420.png,/content/drive/MyDrive/datosDescarga/depths_png16mm/test_01420.png,/content/drive/MyDrive/datosDescarga/labels_png/test_01420.png
test,1188,/content/drive/MyDrive/datosDescarga/images/test_01188.png,/content/drive/MyDrive/datosDescarga/depths_png16mm/test_01188.png,/content/drive/MyDrive/datosDescarga/labels_png/test_01188.png
test,887,/content/drive/MyDrive/datosDescarga/images/test_00887.png,/content/drive/MyDrive/datosDescarga/depths_png16mm/test_00887.png,/content/drive/MyDrive/datosDescarga/labels_png/test_00887.png
test,1422,/content/drive/MyDrive/datosDescarga/images/test_01422.png,/content/drive/MyDrive/datosDescarga/depths_png16mm/test_01422.png,/content/drive/MyDrive/datosDescarga/labels_png/test_01422.png
test,123,/content/drive/MyDrive/datosDescarga/images/test_00123.png,/content/drive/MyDrive/datosDescarga/depths_png16mm/test_00123.png,/content/drive/MyDrive/datosDescarga/labels_png/test_00123.png
test,1000,/content/drive/MyDrive/datosDescarga/images/test_01000.png,/content/drive/MyDrive/datosDescarga/depths_png16mm/test_01000.png,/content/drive/MyDrive/datosDescarga/labels_png/test_01000.png
test,1159,/content/drive/MyDrive/datosDescarga/images/test_01159.png,/content/drive/MyDrive/datosDescarga/depths_png16mm/test_01159.png,/content/drive/MyDrive/datosDescarga/labels_png/test_01159.png
test,229,/content/drive/MyDrive/datosDescarga/images/test_00229.png,/content/drive/MyDrive/datosDescarga/depths_png16mm/test_00229.png,/content/drive/MyDrive/datosDescarga/labels_png/test_00229.png
test,1261,/content/drive/MyDrive/datosDescarga/images/test_01261.png,/content/drive/MyDrive/datosDescarga/depths_png16mm/test_01261.png,/content/drive/MyDrive/datosDescarga/labels_png/test_01261.png
test,661,/content/drive/MyDrive/datosDescarga/images/test_00661.png,/content/drive/MyDrive/datosDescarga/depths_png16mm/test_00661.png,/content/drive/MyDrive/datosDescarga/labels_png/test_00661.png
test,235,/content/drive/MyDrive/datosDescarga/images/test_00235.png,/content/drive/MyDrive/datosDescarga/depths_png16mm/test_00235.png,/content/drive/MyDrive/datosDescarga/labels_png/test_00235.png
test,1410,/content/drive/MyDrive/datosDescarga/images/test_01410.png,/content/drive/MyDrive/datosDescarga/depths_png16mm/test_01410.png,/content/drive/MyDrive/datosDescarga/labels_png/test_01410.png
test,284,/content/drive/MyDrive/datosDescarga/images/test_00284.png,/content/drive/MyDrive/datosDescarga/depths_png16mm/test_00284.png,/content/drive/MyDrive/datosDescarga/labels_png/test_00284.png
test,515,/content/drive/MyDrive/datosDescarga/images/test_00515.png,/content/drive/MyDrive/datosDescarga/depths_png16mm/test_00515.png,/content/drive/MyDrive/datosDescarga/labels_png/test_00515.png
test,892,/content/drive/MyDrive/datosDescarga/images/test_00892.png,/content/drive/MyDrive/datosDescarga/depths_png16mm/test_00892.png,/content/drive/MyDrive/datosDescarga/labels_png/test_00892.png
test,1354,/content/drive/MyDrive/datosDescarga/images/test_01354.png,/content/drive/MyDrive/datosDescarga/depths_png16mm/test_01354.png,/content/drive/MyDrive/datosDescarga/labels_png/test_01354.png
test,469,/content/drive/MyDrive/datosDescarga/images/test_00469.png,/content/drive/MyDrive/datosDescarga/depths_png16mm/test_00469.png,/content/drive/MyDrive/datosDescarga/labels_png/test_00469.png
test,1065,/content/drive/MyDrive/datosDescarga/images/test_01065.png,/content/drive/MyDrive/datosDescarga/depths_png16mm/test_01065.png,/content/drive/MyDrive/datosDescarga/labels_png/test_01065.png
test,1103,/content/drive/MyDrive/datosDescarga/images/test_01103.png,/content/drive/MyDrive/datosDescarga/depths_png16mm/test_01103.png,/content/drive/MyDrive/datosDescarga/labels_png/test_01103.png
test,823,/content/drive/MyDrive/datosDescarga/images/test_00823.png,/content/drive/MyDrive/datosDescarga/depths_png16mm/test_00823.png,/content/drive/MyDrive/datosDescarga/labels_png/test_00823.png
test,427,/content/drive/MyDrive/datosDescarga/images/test_00427.png,/content/drive/MyDrive/datosDescarga/depths_png16mm/test_00427.png,/content/drive/MyDrive/datosDescarga/labels_png/test_00427.png
test,1263,/content/drive/MyDrive/datosDescarga/images/test_01263.png,/content/drive/MyDrive/datosDescarga/depths_png16mm/test_01263.png,/content/drive/MyDrive/datosDescarga/labels_png/test_01263.png
test,395,/content/drive/MyDrive/datosDescarga/images/test_00395.png,/content/drive/MyDrive/datosDescarga/depths_png16mm/test_00395.png,/content/drive/MyDrive/datosDescarga/labels_png/test_00395.png
test,250,/content/drive/MyDrive/datosDescarga/images/test_00250.png,/content/drive/MyDrive/datosDescarga/depths_png16mm/test_00250.png,/content/drive/MyDrive/datosDescarga/labels_png/test_00250.png
test,654,/content/drive/MyDrive/datosDescarga/images/test_00654.png,/content/drive/MyDrive/datosDescarga/depths_png16mm/test_00654.png,/content/drive/MyDrive/datosDescarga/labels_png/test_00654.png
test,1444,/content/drive/MyDrive/datosDescarga/images/test_01444.png,/content/drive/MyDrive/datosDescarga/depths_png16mm/test_01444.png,/content/drive/MyDrive/datosDescarga/labels_png/test_01444.png
test,1390,/content/drive/MyDrive/datosDescarga/images/test_01390.png,/content/drive/MyDrive/datosDescarga/depths_png16mm/test_01390.png,/content/drive/MyDrive/datosDescarga/labels_png/test_01390.png
test,1047,/content/drive/MyDrive/datosDescarga/images/test_01047.png,/content/drive/MyDrive/datosDescarga/depths_png16mm/test_01047.png,/content/drive/MyDrive/datosDescarga/labels_png/test_01047.png
test,194,/content/drive/MyDrive/datosDescarga/images/test_00194.png,/content/drive/MyDrive/datosDescarga/depths_png16mm/test_00194.png,/content/drive/MyDrive/datosDescarga/labels_png/test_00194.png
test,632,/content/drive/MyDrive/datosDescarga/images/test_00632.png,/content/drive/MyDrive/datosDescarga/depths_png16mm/test_00632.png,/content/drive/MyDrive/datosDescarga/labels_png/test_00632.png
test,313,/content/drive/MyDrive/datosDescarga/images/test_00313.png,/content/drive/MyDrive/datosDescarga/depths_png16mm/test_00313.png,/content/drive/MyDrive/datosDescarga/labels_png/test_00313.png
test,218,/content/drive/MyDrive/datosDescarga/images/test_00218.png,/content/drive/MyDrive/datosDescarga/depths_png16mm/test_00218.png,/content/drive/MyDrive/datosDescarga/labels_png/test_00218.png
test,556,/content/drive/MyDrive/datosDescarga/images/test_00556.png,/content/drive/MyDrive/datosDescarga/depths_png16mm/test_00556.png,/content/drive/MyDrive/datosDescarga/labels_png/test_00556.png
test,84,/content/drive/MyDrive/datosDescarga/images/test_00084.png,/content/drive/MyDrive/datosDescarga/depths_png16mm/test_00084.png,/content/drive/MyDrive/datosDescarga/labels_png/test_00084.png
test,137,/content/drive/MyDrive/datosDescarga/images/test_00137.png,/content/drive/MyDrive/datosDescarga/depths_png16mm/test_00137.png,/content/drive/MyDrive/datosDescarga/labels_png/test_00137.png
test,815,/content/drive/MyDrive/datosDescarga/images/test_00815.png,/content/drive/MyDrive/datosDescarga/depths_png16mm/test_00815.png,/content/drive/MyDrive/datosDescarga/labels_png/test_00815.png
test,418,/content/drive/MyDrive/datosDescarga/images/test_00418.png,/content/drive/MyDrive/datosDescarga/depths_png16mm/test_00418.png,/content/drive/MyDrive/datosDescarga/labels_png/test_00418.png
test,503,/content/drive/MyDrive/datosDescarga/images/test_00503.png,/content/drive/MyDrive/datosDescarga/depths_png16mm/test_00503.png,/content/drive/MyDrive/datosDescarga/labels_png/test_00503.png
test,735,/content/drive/MyDrive/datosDescarga/images/test_00735.png,/content/drive/MyDrive/datosDescarga/depths_png16mm/test_00735.png,/content/drive/MyDrive/datosDescarga/labels_png/test_00735.png
test,626,/content/drive/MyDrive/datosDescarga/images/test_00626.png,/content/drive/MyDrive/datosDescarga/depths_png16mm/test_00626.png,/content/drive/MyDrive/datosDescarga/labels_png/test_00626.png
test,55,/content/drive/MyDrive/datosDescarga/images/test_00055.png,/content/drive/MyDrive/datosDescarga/depths_png16mm/test_00055.png,/content/drive/MyDrive/datosDescarga/labels_png/test_00055.png
test,667,/content/drive/MyDrive/datosDescarga/images/test_00667.png,/content/drive/MyDrive/datosDescarga/depths_png16mm/test_00667.png,/content/drive/MyDrive/datosDescarga/labels_png/test_00667.png
test,821,/content/drive/MyDrive/datosDescarga/images/test_00821.png,/content/drive/MyDrive/datosDescarga/depths_png16mm/test_00821.png,/content/drive/MyDrive/datosDescarga/labels_png/test_00821.png
test,594,/content/drive/MyDrive/datosDescarga/images/test_00594.png,/content/drive/MyDrive/datosDescarga/depths_png16mm/test_00594.png,/content/drive/MyDrive/datosDescarga/labels_png/test_00594.png
test,986,/content/drive/MyDrive/datosDescarga/images/test_00986.png,/content/drive/MyDrive/datosDescarga/depths_png16mm/test_00986.png,/content/drive/MyDrive/datosDescarga/labels_png/test_00986.png
test,1296,/content/drive/MyDrive/datosDescarga/images/test_01296.png,/content/drive/MyDrive/datosDescarga/depths_png16mm/test_01296.png,/content/drive/MyDrive/datosDescarga/labels_png/test_01296.png
test,975,/content/drive/MyDrive/datosDescarga/images/test_00975.png,/content/drive/MyDrive/datosDescarga/depths_png16mm/test_00975.png,/content/drive/MyDrive/datosDescarga/labels_png/test_00975.png
test,1202,/content/drive/MyDrive/datosDescarga/images/test_01202.png,/content/drive/MyDrive/datosDescarga/depths_png16mm/test_01202.png,/content/drive/MyDrive/datosDescarga/labels_png/test_01202.png
test,158,/content/drive/MyDrive/datosDescarga/images/test_00158.png,/content/drive/MyDrive/datosDescarga/depths_png16mm/test_00158.png,/content/drive/MyDrive/datosDescarga/labels_png/test_00158.png
test,1028,/content/drive/MyDrive/datosDescarga/images/test_01028.png,/content/drive/MyDrive/datosDescarga/depths_png16mm/test_01028.png,/content/drive/MyDrive/datosDescarga/labels_png/test_01028.png
test,858,/content/drive/MyDrive/datosDescarga/images/test_00858.png,/content/drive/MyDrive/datosDescarga/depths_png16mm/test_00858.png,/content/drive/MyDrive/datosDescarga/labels_png/test_00858.png
test,345,/content/drive/MyDrive/datosDescarga/images/test_00345.png,/content/drive/MyDrive/datosDescarga/depths_png16mm/test_00345.png,/content/drive/MyDrive/datosDescarga/labels_png/test_00345.png
test,356,/content/drive/MyDrive/datosDescarga/images/test_00356.png,/content/drive/MyDrive/datosDescarga/depths_png16mm/test_00356.png,/content/drive/MyDrive/datosDescarga/labels_png/test_00356.png
test,519,/content/drive/MyDrive/datosDescarga/images/test_00519.png,/content/drive/MyDrive/datosDescarga/depths_png16mm/test_00519.png,/content/drive/MyDrive/datosDescarga/labels_png/test_00519.png
test,1400,/content/drive/MyDrive/datosDescarga/images/test_01400.png,/content/drive/MyDrive/datosDescarga/depths_png16mm/test_01400.png,/content/drive/MyDrive/datosDescarga/labels_png/test_01400.png
test,38,/content/drive/MyDrive/datosDescarga/images/test_00038.png,/content/drive/MyDrive/datosDescarga/depths_png16mm/test_00038.png,/content/drive/MyDrive/datosDescarga/labels_png/test_00038.png
test,554,/content/drive/MyDrive/datosDescarga/images/test_00554.png,/content/drive/MyDrive/datosDescarga/depths_png16mm/test_00554.png,/content/drive/MyDrive/datosDescarga/labels_png/test_00554.png
test,719,/content/drive/MyDrive/datosDescarga/images/test_00719.png,/content/drive/MyDrive/datosDescarga/depths_png16mm/test_00719.png,/content/drive/MyDrive/datosDescarga/labels_png/test_00719.png
test,1131,/content/drive/MyDrive/datosDescarga/images/test_01131.png,/content/drive/MyDrive/datosDescarga/depths_png16mm/test_01131.png,/content/drive/MyDrive/datosDescarga/labels_png/test_01131.png
test,849,/content/drive/MyDrive/datosDescarga/images/test_00849.png,/content/drive/MyDrive/datosDescarga/depths_png16mm/test_00849.png,/content/drive/MyDrive/datosDescarga/labels_png/test_00849.png
test,1163,/content/drive/MyDrive/datosDescarga/images/test_01163.png,/content/drive/MyDrive/datosDescarga/depths_png16mm/test_01163.png,/content/drive/MyDrive/datosDescarga/labels_png/test_01163.png
test,1079,/content/drive/MyDrive/datosDescarga/images/test_01079.png,/content/drive/MyDrive/datosDescarga/depths_png16mm/test_01079.png,/content/drive/MyDrive/datosDescarga/labels_png/test_01079.png
test,1401,/content/drive/MyDrive/datosDescarga/images/test_01401.png,/content/drive/MyDrive/datosDescarga/depths_png16mm/test_01401.png,/content/drive/MyDrive/datosDescarga/labels_png/test_01401.png
test,663,/content/drive/MyDrive/datosDescarga/images/test_00663.png,/content/drive/MyDrive/datosDescarga/depths_png16mm/test_00663.png,/content/drive/MyDrive/datosDescarga/labels_png/test_00663.png
test,1230,/content/drive/MyDrive/datosDescarga/images/test_01230.png,/content/drive/MyDrive/datosDescarga/depths_png16mm/test_01230.png,/content/drive/MyDrive/datosDescarga/labels_png/test_01230.png
test,1196,/content/drive/MyDrive/datosDescarga/images/test_01196.png,/content/drive/MyDrive/datosDescarga/depths_png16mm/test_01196.png,/content/drive/MyDrive/datosDescarga/labels_png/test_01196.png
test,233,/content/drive/MyDrive/datosDescarga/images/test_00233.png,/content/drive/MyDrive/datosDescarga/depths_png16mm/test_00233.png,/content/drive/MyDrive/datosDescarga/labels_png/test_00233.png
test,1239,/content/drive/MyDrive/datosDescarga/images/test_01239.png,/content/drive/MyDrive/datosDescarga/depths_png16mm/test_01239.png,/content/drive/MyDrive/datosDescarga/labels_png/test_01239.png
test,1396,/content/drive/MyDrive/datosDescarga/images/test_01396.png,/content/drive/MyDrive/datosDescarga/depths_png16mm/test_01396.png,/content/drive/MyDrive/datosDescarga/labels_png/test_01396.png
test,983,/content/drive/MyDrive/datosDescarga/images/test_00983.png,/content/drive/MyDrive/datosDescarga/depths_png16mm/test_00983.png,/content/drive/MyDrive/datosDescarga/labels_png/test_00983.png
test,1435,/content/drive/MyDrive/datosDescarga/images/test_01435.png,/content/drive/MyDrive/datosDescarga/depths_png16mm/test_01435.png,/content/drive/MyDrive/datosDescarga/labels_png/test_01435.png
test,1187,/content/drive/MyDrive/datosDescarga/images/test_01187.png,/content/drive/MyDrive/datosDescarga/depths_png16mm/test_01187.png,/content/drive/MyDrive/datosDescarga/labels_png/test_01187.png
test,884,/content/drive/MyDrive/datosDescarga/images/test_00884.png,/content/drive/MyDrive/datosDescarga/depths_png16mm/test_00884.png,/content/drive/MyDrive/datosDescarga/labels_png/test_00884.png
test,124,/content/drive/MyDrive/datosDescarga/images/test_00124.png,/content/drive/MyDrive/datosDescarga/depths_png16mm/test_00124.png,/content/drive/MyDrive/datosDescarga/labels_png/test_00124.png
test,673,/content/drive/MyDrive/datosDescarga/images/test_00673.png,/content/drive/MyDrive/datosDescarga/depths_png16mm/test_00673.png,/content/drive/MyDrive/datosDescarga/labels_png/test_00673.png
test,116,/content/drive/MyDrive/datosDescarga/images/test_00116.png,/content/drive/MyDrive/datosDescarga/depths_png16mm/test_00116.png,/content/drive/MyDrive/datosDescarga/labels_png/test_00116.png
test,942,/content/drive/MyDrive/datosDescarga/images/test_00942.png,/content/drive/MyDrive/datosDescarga/depths_png16mm/test_00942.png,/content/drive/MyDrive/datosDescarga/labels_png/test_00942.png
test,1116,/content/drive/MyDrive/datosDescarga/images/test_01116.png,/content/drive/MyDrive/datosDescarga/depths_png16mm/test_01116.png,/content/drive/MyDrive/datosDescarga/labels_png/test_01116.png
test,1318,/content/drive/MyDrive/datosDescarga/images/test_01318.png,/content/drive/MyDrive/datosDescarga/depths_png16mm/test_01318.png,/content/drive/MyDrive/datosDescarga/labels_png/test_01318.png
test,932,/content/drive/MyDrive/datosDescarga/images/test_00932.png,/content/drive/MyDrive/datosDescarga/depths_png16mm/test_00932.png,/content/drive/MyDrive/datosDescarga/labels_png/test_00932.png
test,574,/content/drive/MyDrive/datosDescarga/images/test_00574.png,/content/drive/MyDrive/datosDescarga/depths_png16mm/test_00574.png,/content/drive/MyDrive/datosDescarga/labels_png/test_00574.png
test,855,/content/drive/MyDrive/datosDescarga/images/test_00855.png,/content/drive/MyDrive/datosDescarga/depths_png16mm/test_00855.png,/content/drive/MyDrive/datosDescarga/labels_png/test_00855.png
test,102,/content/drive/MyDrive/datosDescarga/images/test_00102.png,/content/drive/MyDrive/datosDescarga/depths_png16mm/test_00102.png,/content/drive/MyDrive/datosDescarga/labels_png/test_00102.png
test,1146,/content/drive/MyDrive/datosDescarga/images/test_01146.png,/content/drive/MyDrive/datosDescarga/depths_png16mm/test_01146.png,/content/drive/MyDrive/datosDescarga/labels_png/test_01146.png
test,72,/content/drive/MyDrive/datosDescarga/images/test_00072.png,/content/drive/MyDrive/datosDescarga/depths_png16mm/test_00072.png,/content/drive/MyDrive/datosDescarga/labels_png/test_00072.png
test,555,/content/drive/MyDrive/datosDescarga/images/test_00555.png,/content/drive/MyDrive/datosDescarga/depths_png16mm/test_00555.png,/content/drive/MyDrive/datosDescarga/labels_png/test_00555.png
test,459,/content/drive/MyDrive/datosDescarga/images/test_00459.png,/content/drive/MyDrive/datosDescarga/depths_png16mm/test_00459.png,/content/drive/MyDrive/datosDescarga/labels_png/test_00459.png
test,1227,/content/drive/MyDrive/datosDescarga/images/test_01227.png,/content/drive/MyDrive/datosDescarga/depths_png16mm/test_01227.png,/content/drive/MyDrive/datosDescarga/labels_png/test_01227.png
test,811,/content/drive/MyDrive/datosDescarga/images/test_00811.png,/content/drive/MyDrive/datosDescarga/depths_png16mm/test_00811.png,/content/drive/MyDrive/datosDescarga/labels_png/test_00811.png
test,1277,/content/drive/MyDrive/datosDescarga/images/test_01277.png,/content/drive/MyDrive/datosDescarga/depths_png16mm/test_01277.png,/content/drive/MyDrive/datosDescarga/labels_png/test_01277.png
test,810,/content/drive/MyDrive/datosDescarga/images/test_00810.png,/content/drive/MyDrive/datosDescarga/depths_png16mm/test_00810.png,/content/drive/MyDrive/datosDescarga/labels_png/test_00810.png
test,1019,/content/drive/MyDrive/datosDescarga/images/test_01019.png,/content/drive/MyDrive/datosDescarga/depths_png16mm/test_01019.png,/content/drive/MyDrive/datosDescarga/labels_png/test_01019.png
test,1369,/content/drive/MyDrive/datosDescarga/images/test_01369.png,/content/drive/MyDrive/datosDescarga/depths_png16mm/test_01369.png,/content/drive/MyDrive/datosDescarga/labels_png/test_01369.png
test,713,/content/drive/MyDrive/datosDescarga/images/test_00713.png,/content/drive/MyDrive/datosDescarga/depths_png16mm/test_00713.png,/content/drive/MyDrive/datosDescarga/labels_png/test_00713.png
test,292,/content/drive/MyDrive/datosDescarga/images/test_00292.png,/content/drive/MyDrive/datosDescarga/depths_png16mm/test_00292.png,/content/drive/MyDrive/datosDescarga/labels_png/test_00292.png
test,1129,/content/drive/MyDrive/datosDescarga/images/test_01129.png,/content/drive/MyDrive/datosDescarga/depths_png16mm/test_01129.png,/content/drive/MyDrive/datosDescarga/labels_png/test_01129.png
test,1262,/content/drive/MyDrive/datosDescarga/images/test_01262.png,/content/drive/MyDrive/datosDescarga/depths_png16mm/test_01262.png,/content/drive/MyDrive/datosDescarga/labels_png/test_01262.png
test,905,/content/drive/MyDrive/datosDescarga/images/test_00905.png,/content/drive/MyDrive/datosDescarga/depths_png16mm/test_00905.png,/content/drive/MyDrive/datosDescarga/labels_png/test_00905.png
test,493,/content/drive/MyDrive/datosDescarga/images/test_00493.png,/content/drive/MyDrive/datosDescarga/depths_png16mm/test_00493.png,/content/drive/MyDrive/datosDescarga/labels_png/test_00493.png
test,156,/content/drive/MyDrive/datosDescarga/images/test_00156.png,/content/drive/MyDrive/datosDescarga/depths_png16mm/test_00156.png,/content/drive/MyDrive/datosDescarga/labels_png/test_00156.png
test,830,/content/drive/MyDrive/datosDescarga/images/test_00830.png,/content/drive/MyDrive/datosDescarga/depths_png16mm/test_00830.png,/content/drive/MyDrive/datosDescarga/labels_png/test_00830.png
test,1223,/content/drive/MyDrive/datosDescarga/images/test_01223.png,/content/drive/MyDrive/datosDescarga/depths_png16mm/test_01223.png,/content/drive/MyDrive/datosDescarga/labels_png/test_01223.png
test,598,/content/drive/MyDrive/datosDescarga/images/test_00598.png,/content/drive/MyDrive/datosDescarga/depths_png16mm/test_00598.png,/content/drive/MyDrive/datosDescarga/labels_png/test_00598.png
test,530,/content/drive/MyDrive/datosDescarga/images/test_00530.png,/content/drive/MyDrive/datosDescarga/depths_png16mm/test_00530.png,/content/drive/MyDrive/datosDescarga/labels_png/test_00530.png
test,722,/content/drive/MyDrive/datosDescarga/images/test_00722.png,/content/drive/MyDrive/datosDescarga/depths_png16mm/test_00722.png,/content/drive/MyDrive/datosDescarga/labels_png/test_00722.png
test,1301,/content/drive/MyDrive/datosDescarga/images/test_01301.png,/content/drive/MyDrive/datosDescarga/depths_png16mm/test_01301.png,/content/drive/MyDrive/datosDescarga/labels_png/test_01301.png
test,1014,/content/drive/MyDrive/datosDescarga/images/test_01014.png,/content/drive/MyDrive/datosDescarga/depths_png16mm/test_01014.png,/content/drive/MyDrive/datosDescarga/labels_png/test_01014.png
test,1357,/content/drive/MyDrive/datosDescarga/images/test_01357.png,/content/drive/MyDrive/datosDescarga/depths_png16mm/test_01357.png,/content/drive/MyDrive/datosDescarga/labels_png/test_01357.png
test,337,/content/drive/MyDrive/datosDescarga/images/test_00337.png,/content/drive/MyDrive/datosDescarga/depths_png16mm/test_00337.png,/content/drive/MyDrive/datosDescarga/labels_png/test_00337.png
test,977,/content/drive/MyDrive/datosDescarga/images/test_00977.png,/content/drive/MyDrive/datosDescarga/depths_png16mm/test_00977.png,/content/drive/MyDrive/datosDescarga/labels_png/test_00977.png
test,232,/content/drive/MyDrive/datosDescarga/images/test_00232.png,/content/drive/MyDrive/datosDescarga/depths_png16mm/test_00232.png,/content/drive/MyDrive/datosDescarga/labels_png/test_00232.png
test,299,/content/drive/MyDrive/datosDescarga/images/test_00299.png,/content/drive/MyDrive/datosDescarga/depths_png16mm/test_00299.png,/content/drive/MyDrive/datosDescarga/labels_png/test_00299.png
test,1112,/content/drive/MyDrive/datosDescarga/images/test_01112.png,/content/drive/MyDrive/datosDescarga/depths_png16mm/test_01112.png,/content/drive/MyDrive/datosDescarga/labels_png/test_01112.png
test,1195,/content/drive/MyDrive/datosDescarga/images/test_01195.png,/content/drive/MyDrive/datosDescarga/depths_png16mm/test_01195.png,/content/drive/MyDrive/datosDescarga/labels_png/test_01195.png
test,448,/content/drive/MyDrive/datosDescarga/images/test_00448.png,/content/drive/MyDrive/datosDescarga/depths_png16mm/test_00448.png,/content/drive/MyDrive/datosDescarga/labels_png/test_00448.png
test,919,/content/drive/MyDrive/datosDescarga/images/test_00919.png,/content/drive/MyDrive/datosDescarga/depths_png16mm/test_00919.png,/content/drive/MyDrive/datosDescarga/labels_png/test_00919.png
test,144,/content/drive/MyDrive/datosDescarga/images/test_00144.png,/content/drive/MyDrive/datosDescarga/depths_png16mm/test_00144.png,/content/drive/MyDrive/datosDescarga/labels_png/test_00144.png
test,845,/content/drive/MyDrive/datosDescarga/images/test_00845.png,/content/drive/MyDrive/datosDescarga/depths_png16mm/test_00845.png,/content/drive/MyDrive/datosDescarga/labels_png/test_00845.png
test,747,/content/drive/MyDrive/datosDescarga/images/test_00747.png,/content/drive/MyDrive/datosDescarga/depths_png16mm/test_00747.png,/content/drive/MyDrive/datosDescarga/labels_png/test_00747.png
test,1427,/content/drive/MyDrive/datosDescarga/images/test_01427.png,/content/drive/MyDrive/datosDescarga/depths_png16mm/test_01427.png,/content/drive/MyDrive/datosDescarga/labels_png/test_01427.png
test,56,/content/drive/MyDrive/datosDescarga/images/test_00056.png,/content/drive/MyDrive/datosDescarga/depths_png16mm/test_00056.png,/content/drive/MyDrive/datosDescarga/labels_png/test_00056.png
test,29,/content/drive/MyDrive/datosDescarga/images/test_00029.png,/content/drive/MyDrive/datosDescarga/depths_png16mm/test_00029.png,/content/drive/MyDrive/datosDescarga/labels_png/test_00029.png
test,1003,/content/drive/MyDrive/datosDescarga/images/test_01003.png,/content/drive/MyDrive/datosDescarga/depths_png16mm/test_01003.png,/content/drive/MyDrive/datosDescarga/labels_png/test_01003.png
test,341,/content/drive/MyDrive/datosDescarga/images/test_00341.png,/content/drive/MyDrive/datosDescarga/depths_png16mm/test_00341.png,/content/drive/MyDrive/datosDescarga/labels_png/test_00341.png
test,800,/content/drive/MyDrive/datosDescarga/images/test_00800.png,/content/drive/MyDrive/datosDescarga/depths_png16mm/test_00800.png,/content/drive/MyDrive/datosDescarga/labels_png/test_00800.png
test,744,/content/drive/MyDrive/datosDescarga/images/test_00744.png,/content/drive/MyDrive/datosDescarga/depths_png16mm/test_00744.png,/content/drive/MyDrive/datosDescarga/labels_png/test_00744.png
test,1012,/content/drive/MyDrive/datosDescarga/images/test_01012.png,/content/drive/MyDrive/datosDescarga/depths_png16mm/test_01012.png,/content/drive/MyDrive/datosDescarga/labels_png/test_01012.png
test,994,/content/drive/MyDrive/datosDescarga/images/test_00994.png,/content/drive/MyDrive/datosDescarga/depths_png16mm/test_00994.png,/content/drive/MyDrive/datosDescarga/labels_png/test_00994.png
test,472,/content/drive/MyDrive/datosDescarga/images/test_00472.png,/content/drive/MyDrive/datosDescarga/depths_png16mm/test_00472.png,/content/drive/MyDrive/datosDescarga/labels_png/test_00472.png
test,260,/content/drive/MyDrive/datosDescarga/images/test_00260.png,/content/drive/MyDrive/datosDescarga/depths_png16mm/test_00260.png,/content/drive/MyDrive/datosDescarga/labels_png/test_00260.png
test,687,/content/drive/MyDrive/datosDescarga/images/test_00687.png,/content/drive/MyDrive/datosDescarga/depths_png16mm/test_00687.png,/content/drive/MyDrive/datosDescarga/labels_png/test_00687.png
test,561,/content/drive/MyDrive/datosDescarga/images/test_00561.png,/content/drive/MyDrive/datosDescarga/depths_png16mm/test_00561.png,/content/drive/MyDrive/datosDescarga/labels_png/test_00561.png
test,320,/content/drive/MyDrive/datosDescarga/images/test_00320.png,/content/drive/MyDrive/datosDescarga/depths_png16mm/test_00320.png,/content/drive/MyDrive/datosDescarga/labels_png/test_00320.png
test,129,/content/drive/MyDrive/datosDescarga/images/test_00129.png,/content/drive/MyDrive/datosDescarga/depths_png16mm/test_00129.png,/content/drive/MyDrive/datosDescarga/labels_png/test_00129.png
